asdf_id,pop2001,pop2002,pop2003,pop2004,pop2005,pop2006,pop2007,pop2008,pop2009,pop2010,pop2011,pop2012,pop2013,pop2014,pop2015,pop2016,pop2017,pop2018,pop2019,pop2020
0,962.03308,1051.7993,1148.5365,1242.4298,1364.5643,1486.7859,1625.0844,1772.2502,1946.8031,2044.5874,2275.4063,2564.9146,2820.8704,3077.3789,3359.6067,3707.0911,4065.6479,4454.5977,4886.9614,5354.105
1,3312.9175,3382.0591,3447.3469,3509.0361,3575.7029,3654.4546,3723.5171,3791.8071,3862.3999,3931.6042,4008.8794,4093.4082,4171.9414,4262.7119,4357.5601,4434.0586,4517.645,4591.6426,4682.3174,4778.1196
2,2926.0422,2930.1304,2925.2476,2920.4456,2931.2747,2917.2329,2924.5735,2921.3955,2924.3833,2924.4277,2935.4258,2944.4102,2948.998,2946.7283,2939.2947,2952.7051,2951.3447,2957.1394,2962.3892,2961.2444
3,37124.078,37587.055,38141.207,38598.195,38822.41,39387.363,39696.395,40172.496,40422.711,40894.594,41286.734,41232.336,41785.758,42008.801,42489.727,43108.047,43508.594,43985.516,44480.926,44924.027
4,8961.5479,8997.2852,9066.5137,9147.9082,9074.5576,9064.5742,9079.457,9065.6289,9169.082,9156.5527,9130.375,9241.0156,9179.7354,9252.2344,9251.8643,9114.1768,9163.9531,9104.1152,9093.3965,9119.4424
5,26320.121,25994.48,25728.09,25445.094,25277.586,25056.887,24719.758,24480.117,24326.766,24095.885,23921.428,23986.42,23508.979,23179.283,22875.342,22949.064,22833.016,22573.273,22415.348,22192.563
6,19041.936,19111.148,19151.291,19205.484,19270.402,19341.951,19433.648,19497.477,19592.5,19679.881,19771.855,19767.326,19817.66,19878.75,19991.605,20033.26,20121.355,20218.48,20301.313,20390.607
7,6079.4229,6105.0845,6127.4707,6116.3203,6147.2383,6204.519,6195.5161,6223.2065,6247.5352,6265.8896,6288.7427,6324.7026,6354.4849,6374.6982,6344.9238,6393.9258,6426.2617,6435.4756,6485.4453,6517.0322
8,19474.75,19874.184,20404.949,20552.34,20982.943,21428.021,21894.07,22606.867,22909.852,23430.723,23924.027,24172.211,25006.039,25643.0,26234.617,26747.563,27025.199,27778.363,28360.246,28972.629
9,1348.9401,1234.1888,1167.8522,1093.4229,1059.6692,1145.2914,986.27881,963.98895,1016.8475,1055.9362,858.17859,848.68634,806.89105,800.15308,767.57996,706.02332,675.42578,657.39203,636.01538,621.46881
10,10122.455,10412.156,10695.973,11005.893,11307.682,11630.251,11953.505,12288.588,12642.961,13022.521,13372.785,13726.535,14102.0,14513.48,14922.045,15360.563,15800.41,16274.927,16737.682,17209.066
11,5430.0513,5455.1973,5476.2148,5524.4194,5598.1021,5607.6641,5648.5283,5686.8164,5743.0469,5792.9189,5846.2734,5955.1514,5969.627,5996.5151,6057.3325,6086.46,6157.2905,6188.9307,6241.3457,6290.1748
12,5217.2646,5348.1548,5396.8838,5620.0249,5760.0884,5984.6372,6080.9717,6232.7954,6458.4668,6629.2017,6858.7886,7272.1484,7447.4521,7698.5122,7916.8301,8084.5303,8325.0244,8533.9395,8767.5234,9018.5586
13,4679.6909,4731.1484,4782.6084,4830.0195,4881.4873,4947.7832,5018.8589,5071.6055,5125.6768,5182.3599,5234.333,5290.7349,5339.0718,5424.5234,5494.8477,5548.4131,5609.7476,5667.1367,5732.7847,5807.0449
14,1586.0592,1619.4778,1645.2491,1681.016,1729.1342,1755.2041,1794.1758,1841.4492,1881.1864,1924.7014,1967.7828,2007.5176,2045.1378,2100.6909,2139.1533,2182.1929,2227.0889,2273.6318,2326.2979,2374.2493
15,9873.2871,10350.146,10982.25,11390.994,12068.503,12650.874,13375.626,14042.314,14758.996,15506.116,16325.072,17093.061,17839.953,18958.461,19876.848,21081.154,22281.617,23464.406,24769.832,26144.529
16,5466.7915,5537.415,5609.5356,5713.7207,5759.0474,5840.9736,5942.1094,6056.5249,6127.9478,6156.6406,6231.1289,6343.0171,6441.1235,6508.6563,6579.8809,6692.3779,6788.1182,6856.4106,6951.834,7031.2046
17,9212.2266,9275.9023,9280.2607,9245.9209,9008.3672,8997.8369,8944.9531,8883.5029,8830.3047,8670.3525,8626.4502,8631.8545,8579.4863,8542.6338,8551.9131,8463.1924,8349.4854,8322.9355,8286.04,8196.3838
18,196906.25,201842.13,208394.59,212934.69,217298.03,222941.16,228529.38,235709.95,241315.89,246890.06,253135.72,260075.77,267011.22,273951.72,281573.38,287548.44,294769.22,302054.19,309750.5,317430.88
19,5822.3477,5784.3071,5771.5146,5761.4287,5722.6021,5692.6758,5688.2686,5657.8984,5642.3765,5613.2695,5586.9546,5560.1597,5535.457,5514.3237,5493.6211,5483.959,5468.2134,5447.0879,5426.9238,5402.3086
20,8253.665,8382.834,8479.0957,8537.8447,8566.5957,8623.9912,8742.1338,8781.2344,8854.0391,8929.9258,9008.9424,9105.5586,9188.3525,9273.5557,9303.8691,9363.9004,9413.002,9482.9434,9548.9863,9640.6455
21,2059.2927,2111.9146,2205.8826,2313.5063,2435.3538,2506.9087,2614.0889,2738.2996,2822.522,2880.8887,3115.0923,3332.0154,3445.7061,3569.1572,3513.5991,3903.2271,4113.7363,4285.1553,4481.3271,4678.9878
22,12584.379,12928.837,13288.913,13622.697,13829.948,14228.215,14567.832,14902.033,15235.854,15597.102,15892.757,16228.074,16652.111,17069.848,17455.322,17888.799,18274.828,18719.854,19159.529,19605.055
23,17072.771,17328.709,17746.371,17706.025,17781.73,18034.318,18211.828,18606.883,18952.232,19163.297,19120.014,19365.395,19627.906,19975.002,20480.787,20470.789,20663.131,20945.201,21195.461,21485.049
24,11470.388,11336.98,11181.129,11133.493,11053.118,10964.313,10829.248,10756.262,10659.726,10604.678,10480.115,10327.212,10237.01,10147.284,10045.912,9969.5898,9871.7617,9774.0898,9691.2051,9617.5342
25,11494.135,11391.432,11306.539,11175.263,11135.901,11069.518,10935.752,10866.971,10844.348,10810.912,10755.354,10643.098,10583.786,10508.183,10440.115,10384.547,10330.722,10280.603,10225.231,10186.295
26,15267.447,15162.219,15187.422,15096.611,16103.813,15935.863,15935.754,15975.705,15700.406,16063.873,16072.213,16400.871,16350.432,16329.773,16188.867,16827.883,17035.471,17177.547,17306.832,17418.18
27,11715.309,11718.91,11746.246,11825.547,11919.656,11936.486,11968.406,12089.656,12155.924,12179.111,12239.822,12371.357,12424.682,12505.119,12451.763,12599.787,12732.358,12762.826,12833.637,12918.258
28,12416.503,12453.873,12562.246,12696.771,12585.742,12719.504,12782.109,12782.891,12873.642,12945.47,12941.258,12772.475,12751.387,12921.588,13078.381,12880.938,12910.924,12909.771,12974.033,13039.533
29,17349.82,17488.52,17641.441,17754.539,17781.434,17986.549,18115.992,18191.004,18291.145,18443.676,18432.467,18328.082,18583.352,18764.746,18987.395,18994.041,18918.275,19143.404,19227.918,19344.729
30,6315.9395,6450.9824,6597.373,6720.3203,6661.207,6838.5049,6992.606,7008.8193,7095.3018,7209.0459,7227.2104,7150.4946,7210.5166,7446.1489,7652.4482,7680.5078,7718.3809,7769.4844,7849.7246,7955.4624
31,39557.707,42348.09,45479.785,48536.945,52453.57,56002.672,60170.801,64787.891,70213.031,75473.555,81067.703,86212.758,92819.758,99513.523,106350.62,114988.8,123966.32,133134.77,143111.58,153883.36
32,3309.8738,3255.6445,3210.5752,3162.2324,3106.062,3056.5474,3013.6306,2962.2671,2913.4758,2865.8259,2813.0588,2763.615,2724.2263,2677.9951,2636.4285,2584.3604,2539.9834,2497.9619,2458.9644,2414.9756
33,36806.586,37719.379,38717.98,39742.734,40726.684,41819.668,42859.773,43893.43,44937.0,45969.266,47240.055,48336.641,49505.492,50742.223,52049.781,53198.305,54593.68,55950.0,57308.492,58744.352
34,9583.9277,9685.0947,9730.001,9749.873,9830.4883,9896.1875,9973.2773,10046.581,10153.986,10306.618,10345.807,10505.406,10521.881,10633.164,10736.379,10822.785,10917.0,10981.414,11077.648,11171.677
35,32348.729,32391.99,32382.689,32500.619,32575.453,32528.563,32564.113,32595.898,32749.439,32823.73,33037.336,33032.695,33017.109,33141.57,33194.898,33132.133,33218.074,33234.098,33284.414,33305.328
36,17739.633,17773.398,17786.646,17843.609,17901.42,17911.262,17966.084,18022.773,18065.111,18051.814,18113.906,18096.488,18100.107,18120.861,18113.643,18131.064,18188.598,18212.229,18240.975,18266.398
37,13485.111,13829.532,14161.293,14262.202,14500.713,14682.258,14965.767,15121.156,15358.262,15606.824,15902.465,16459.486,16866.361,17028.031,17553.063,17837.416,18109.848,18524.691,18918.238,19336.211
38,9769.9316,9700.582,9648.7275,9670.3945,9919.1055,9894.3486,9903.9746,9911.9307,9855.7256,9896.3975,9983.9775,10247.768,10408.273,10224.568,10178.242,10392.209,10532.104,10536.568,10620.282,10675.038
39,20874.648,21245.277,21699.049,22101.734,22498.291,22950.773,23415.914,23819.98,24309.484,24833.559,25289.629,25948.953,26419.465,26970.133,27567.664,28024.717,28534.002,29027.607,29639.953,30234.707
40,28597.75,28756.199,29127.797,29417.012,29564.91,29840.85,30068.334,30359.547,30741.975,30854.98,31128.902,31481.523,31772.994,32048.477,32234.727,32484.236,32869.309,33120.625,33374.648,33658.379
41,14899.811,14688.095,14495.215,14260.076,14074.879,13940.02,13784.365,13569.646,13421.337,13273.186,13089.949,12873.85,12762.889,12630.518,12499.172,12323.445,12116.221,11999.11,11850.197,11696.891
42,9522.4707,9807.4785,10215.602,10499.692,10740.893,11037.988,11477.785,11786.548,12101.596,12488.952,12764.172,12933.126,13408.037,13960.383,14384.795,14668.587,14977.024,15401.725,15850.199,16279.27
43,13503.342,13556.068,13528.764,13533.408,13510.221,13414.481,13434.699,13367.445,13238.189,13202.053,13191.245,13119.052,13084.857,13179.934,13116.779,13103.538,13089.625,13070.697,13063.754,13055.846
44,4708.6934,4936.2861,5184.1021,5444.5313,5727.7217,5993.8613,6312.0513,6611.2935,6945.1611,7310.8735,7688.376,8097.1699,8532.8223,8963.6279,9386.0635,9853.2188,10349.136,10854.056,11395.017,11974.556
45,5244.0059,5216.9727,5183.9541,5125.5845,5380.311,5340.5928,5325.4126,5448.5317,5544.519,5209.856,5339.0356,5659.7354,5346.292,5473.5234,5721.1699,5766.0615,5776.0317,5845.3838,5818.0229,5914.6934
46,12972.702,13157.285,13352.265,13544.944,13775.75,13937.566,14178.564,14398.582,14622.283,14839.538,15105.243,15363.92,15596.555,15821.504,16031.691,16227.729,16529.496,16746.484,16996.445,17238.094
47,5976.7515,6296.5654,6639.396,6992.0371,7407.23,7809.8184,8232.4775,8665.9365,9139.2402,9645.0996,10170.17,10740.017,11317.605,11904.68,12526.793,13282.505,14045.436,14831.371,15659.51,16540.246
48,23619.641,24550.932,25782.254,26864.947,28336.207,29512.301,30818.563,32333.412,33713.066,34987.223,36883.188,38533.902,39968.512,41557.285,43006.832,45702.484,48020.07,50237.512,52554.109,55077.449
49,9841.5879,9768.623,10027.524,9803.0996,10061.25,10237.013,10444.583,10169.486,10163.139,10520.213,10362.307,10979.984,10904.713,11086.724,11185.664,11300.141,11677.354,11604.502,11737.061,11932.691
50,1848.7551,1895.2971,1970.5999,2036.0829,2088.1519,2154.292,2222.137,2283.5273,2343.7144,2409.4272,2486.8586,2557.4587,2630.167,2716.5037,2795.0227,2882.0908,2960.1128,3042.5181,3127.9026,3215.1997
51,20066.012,19782.254,19548.988,19319.473,19315.457,19168.836,18893.709,18848.863,18710.898,18539.057,18521.547,18631.859,18419.973,18044.781,17840.363,17825.285,17823.969,17662.078,17518.082,17384.256
52,4996.4902,5139.5107,5251.3003,5457.7837,5663.3037,5841.9678,6018.2725,6177.8579,6382.229,6607.1787,6797.5586,6981.0342,7205.7856,7350.3989,7547.0522,7873.6006,8121.0117,8342.9688,8595.1309,8886.3242
53,6162.9746,6106.4917,6023.0557,5999.7437,6016.1709,5957.8008,5923.0303,5902.981,5844.2959,5813.3271,5772.1489,5841.8843,5797.0122,5751.6494,5653.5469,5720.3184,5698.959,5695.9785,5675.9839,5648.8135
54,27097.523,27042.002,28900.496,28961.207,28069.414,29466.287,30916.23,31730.287,31229.324,33213.496,32673.838,30765.398,29649.523,30597.209,29612.043,32672.027,33634.98,34842.813,35901.391,37061.727
55,1100910.4,1127900.3,1155504.8,1183556.8,1208395.0,1240269.1,1267908.1,1296906.1,1330029.0,1362528.4,1387943.5,1429553.0,1468141.6,1500293.5,1538834.5,1570341.5,1604457.5,1643086.1,1681317.8,1721637.8
56,24178.793,24400.34,24338.572,24635.703,25127.988,25346.152,25605.182,25667.309,26072.658,26228.533,26205.92,26370.297,26306.412,27684.133,26892.436,27117.852,27131.502,27291.949,27368.223,27524.268
57,2950.7256,3121.5132,3255.1516,3478.73,3673.0042,3857.9897,4089.3804,4338.1343,4661.123,4926.1812,5216.7314,5551.8413,5833.0664,6322.1304,6583.106,6978.3447,7419.0059,7848.0566,8336.8076,8823.7969
58,14652.248,14993.789,15387.333,15757.301,16141.903,16521.223,16919.043,17363.652,17836.811,18242.441,18656.24,19144.561,19618.979,20060.346,20550.5,21067.297,21604.723,22128.762,22673.707,23237.309
59,5705.8545,5873.2163,6065.0098,6163.4072,6369.8193,6521.396,6752.3174,7038.209,7153.4956,7336.9287,7361.9663,7702.5752,8134.8428,8491.7891,8709.6152,9065.9482,9130.833,9531.126,9785.8887,10049.762
60,16784.875,16664.094,16591.396,16487.189,16343.301,16241.695,16121.935,16025.541,15925.7,15791.494,15723.289,15611.462,15466.165,15411.99,15307.376,15173.937,15124.741,14964.974,14902.421,14812.902
61,11774.39,12166.367,12561.172,13021.166,13552.447,14034.337,14575.208,15183.568,15727.679,16293.717,17030.363,17742.813,18351.76,19015.791,19613.795,20374.766,21189.494,21970.58,22810.852,23693.938
62,12983.938,13381.838,13777.136,14130.396,14500.033,14934.966,15341.461,15732.477,16199.869,16636.258,17066.375,17501.633,17989.617,18406.238,19001.801,19552.328,20126.516,20698.309,21268.691,21861.299
63,5627.6377,5589.4492,5494.5225,5776.3164,6107.9966,6111.834,6240.7881,6257.0742,6387.3545,6506.834,6620.3545,7123.0093,6997.5942,7115.9746,7096.6367,7263.9688,7635.5928,7687.1904,7852.5913,8010.2729
64,4806.8779,4855.0972,4903.9863,4950.458,5002.8096,5053.9092,5091.7139,5142.4985,5193.4453,5246.2148,5297.0508,5358.7734,5412.9419,5460.4932,5517.1689,5575.5186,5634.415,5690.9209,5752.7114,5811.2432
65,36899.492,36735.223,36294.445,36033.945,35830.391,35605.32,35429.043,35292.762,35368.875,35187.691,34837.195,34500.461,34148.086,33864.922,33551.969,33295.078,33113.922,32888.457,32655.02,32440.711
66,4040.3992,4132.332,4160.0815,4253.8672,4346.0063,4460.5601,4561.5669,4653.9463,4756.0527,4784.9214,4927.0278,4996.7153,5116.8784,5234.3706,5344.7954,5377.9673,5492.793,5585.8789,5695.0425,5812.1387
67,353.00635,372.97333,392.98013,416.96307,441.24506,468.73026,493.39069,527.05298,554.66022,585.64105,618.30511,655.12061,692.34778,734.83282,781.2124,824.92432,874.61475,925.74652,980.58594,1038.8447
68,13756.026,14071.518,14319.051,14520.876,14847.354,15265.88,15578.095,16234.03,16544.691,16892.373,17339.814,17773.041,18116.465,18567.684,18850.709,19310.533,19827.879,20260.0,20718.705,21222.736
69,14965.182,15316.16,15685.709,16019.577,16338.141,16762.027,17131.895,17486.174,17893.375,18419.227,18787.051,19078.891,19539.914,20119.268,20569.002,20964.488,21384.596,21903.361,22386.73,22881.219
70,3867.0352,3908.3594,3925.4065,3964.7783,4001.853,4004.7969,4037.3484,4095.7715,4019.3496,4039.4417,4099.5957,4162.0308,4135.791,4120.8721,4186.7793,4230.5005,4280.4604,4306.0591,4343.0054,4378.8887
71,416.8096,426.72665,437.42438,451.23395,463.35681,478.91544,488.88507,504.0744,517.17114,526.70514,544.20605,558.71259,576.77747,594.98926,611.17542,638.69385,661.82239,681.48914,699.3349,720.21509
72,20640.578,20804.604,21036.949,21508.416,21751.439,22051.299,22149.584,22531.121,22821.035,23381.734,23673.762,24351.43,24989.902,25633.105,26431.039,26256.369,26595.055,27086.578,27607.988,28003.527
73,5596.7461,5714.1802,5818.2632,5942.8755,6071.3584,6201.8784,6332.2944,6464.6875,6590.1455,6730.9102,6847.7363,6993.1499,7107.4971,7260.4727,7423.7974,7566.3584,7736.0845,7894.4795,8063.7646,8231.1738
74,5419.4741,5325.3408,5258.5488,5162.354,5081.2349,5086.46,4973.665,4859.0483,4872.9478,4803.1987,4738.5078,4599.1294,4617.8057,4489.9546,4473.1802,4407.2295,4340.333,4303.2207,4244.0933,4205.4883
75,11024.096,11115.487,11200.442,11298.037,11335.142,11470.879,11635.834,11678.172,11783.231,11860.892,11971.926,12055.2,12144.881,12193.233,12284.662,12399.833,12457.558,12553.657,12645.5,12721.25
76,32714.287,32963.176,33298.523,33713.832,34195.375,34442.898,34718.813,35195.781,35698.805,35926.539,36421.73,36891.777,37238.645,37585.434,37966.715,38439.07,38943.188,39367.758,39787.645,40195.609
77,19838.637,20421.609,20739.002,21202.166,21802.197,22284.199,22900.047,23471.547,23812.273,24639.453,25219.209,25780.117,26443.465,27018.682,27712.18,28353.334,28890.604,29655.799,30384.551,31113.852
78,2788.9839,2877.5942,2976.8281,3071.645,3177.4229,3279.1912,3390.2109,3500.8218,3617.5925,3733.7598,3858.79,3992.3447,4118.4492,4251.1611,4406.9443,4553.9727,4701.8545,4875.5928,5043.8838,5212.8076
79,105155.3,107771.03,110609.33,113275.62,116120.91,119035.7,121809.03,125161.77,128623.17,131617.78,135291.58,138671.09,142354.23,145995.78,150178.5,153543.88,157636.03,161668.89,165825.08,170086.36
80,127187.58,131579.38,136304.38,141242.19,145657.05,150979.22,156516.11,161071.73,166371.28,171059.14,177819.64,181924.3,188567.31,195571.09,202006.19,208800.44,216067.34,223084.78,230830.84,239126.89
81,43713.953,44622.543,46035.781,47171.262,48426.297,49963.094,51620.219,52794.699,54412.457,55827.395,57688.449,59861.094,61441.789,63427.293,65382.633,66624.148,68963.883,71166.133,73266.789,75635.367
82,44680.816,46046.676,47138.617,48293.578,48604.25,50229.125,51101.293,51907.078,53366.164,54121.172,54897.457,54299.598,55055.699,56183.848,56705.43,58802.434,60015.086,61440.988,62657.332,63847.648
83,31204.984,32079.309,32864.43,34016.539,34835.289,35761.293,36639.289,37517.867,38504.086,39611.496,40652.367,41411.129,42425.195,43289.664,44266.16,45756.75,46990.73,48138.988,49412.422,50703.293
84,31380.285,32725.143,34509.461,36048.051,37634.227,39526.031,41382.148,43292.477,44987.926,47235.52,49048.629,51029.805,53281.477,55991.031,58352.566,61198.891,63904.66,66934.813,69928.008,73152.25
85,8722.1816,8732.2471,8572.5605,8646.7646,8631.9902,8565.6465,8518.3906,8491.1719,8528.5088,8584.6445,8469.1787,8508.7881,8489.4658,8410.0664,8382.1934,8356.1201,8372.1357,8334.3223,8315.3242,8277.5225
86,13119.35,13254.521,13379.299,13460.354,13612.141,13725.918,13848.655,13989.111,14117.988,14264.191,14389.18,14542.318,14652.488,14837.648,14986.684,15173.743,15335.417,15528.196,15690.788,15867.779
87,13587.847,13584.859,13592.572,13667.694,13550.053,13566.303,13529.834,13564.349,13471.332,13309.502,13299.17,13392.649,13420.099,13519.105,13496.774,13411.702,13371.951,13349.01,13332.274,13305.391
88,16201.808,16525.559,16773.424,17106.572,17442.541,17700.4,18019.828,18344.432,18706.719,19047.258,19440.668,19799.84,20117.744,20424.137,20779.467,21223.816,21630.094,22012.922,22404.109,22816.141
89,10252.775,10371.607,10491.792,10610.631,10799.29,10894.736,11042.644,11205.73,11299.377,11428.996,11565.805,11841.283,11981.658,12121.741,12283.444,12421.957,12581.529,12730.224,12904.07,13047.186
90,17662.943,17715.813,17794.625,18003.023,18356.141,18239.381,18494.594,18580.379,18709.584,18498.906,19160.895,19531.098,19613.781,19540.535,19566.383,20075.824,20215.582,20435.648,20611.701,20785.836
91,1660.4336,1707.0665,1756.2284,1804.3018,1857.8654,1913.7034,1972.436,2026.7666,2080.9043,2140.4387,2203.46,2271.7642,2339.1157,2404.894,2475.207,2547.21,2619.1255,2697.1279,2775.4204,2856.1389
92,12690.664,12834.695,13026.762,13231.446,13580.979,13732.939,13924.673,14156.966,14367.915,14604.237,14894.154,15295.272,15489.991,15712.787,15989.395,16266.553,16601.979,16891.576,17165.639,17452.098
93,688.95746,720.94568,755.1319,791.73779,825.70251,867.48035,906.36694,948.01508,989.2655,1035.2341,1081.637,1129.2734,1180.1324,1235.7477,1291.4883,1351.1188,1414.5302,1481.0295,1549.4597,1619.2642
94,89407.219,90465.445,91396.359,92455.484,93928.742,96237.75,97539.414,99026.281,99454.828,99955.18,100569.92,104920.75,106569.73,106432.7,106942.58,107672.48,108257.15,109930.08,111188.16,111996.43
95,5721.9253,5719.5469,5780.6963,5753.54,5857.1904,5807.6782,5836.3311,5851.291,5885.5215,5876.415,5971.5083,6068.8296,6070.3457,6077.8779,6060.0762,6118.5693,6201.082,6229.5156,6271.6885,6321.4736
96,8950.792,9419.627,9824.9707,10274.744,10735.151,11230.686,11732.981,12336.594,12921.736,13709.123,14452.009,15131.035,15921.338,16670.711,17497.012,18337.703,19216.043,20162.707,21147.242,22192.934
97,23169.402,23175.961,23562.313,23777.102,24238.268,24694.297,25033.182,25100.082,25144.369,25650.844,25635.188,25880.156,25994.238,26230.387,26564.164,26965.785,27334.719,27720.0,28041.094,28355.57
98,10777.464,10832.535,10862.162,10922.672,11052.263,11084.604,11096.066,11177.858,11230.649,11310.098,11382.051,11516.301,11569.247,11621.15,11655.662,11730.238,11823.222,11883.571,11957.555,12030.088
99,10818.33,10846.971,10894.658,10936.307,10950.561,11000.649,11037.56,11080.479,11130.279,11143.803,11183.674,11242.543,11244.869,11292.341,11301.92,11309.797,11361.648,11399.097,11427.214,11453.612
100,2276.2979,2271.8145,2182.7576,2184.1243,2273.4172,2249.3237,2157.8669,2206.4043,2211.9685,2118.0679,2266.3147,2432.9031,2324.3223,2199.3159,2126.7141,2297.0696,2455.9766,2448.5063,2469.4182,2481.834
101,150523.25,154990.0,159087.88,163457.67,167385.06,171906.67,176612.63,181576.5,186770.28,191555.56,196900.55,201887.13,207650.75,213368.8,219105.09,224930.45,230727.58,236854.83,243233.19,249771.23
102,1898.2484,1871.946,1836.465,1806.0698,1760.3734,1726.7712,1700.2793,1667.5516,1635.4004,1611.0057,1579.8962,1542.113,1524.5393,1505.3555,1455.009,1465.099,1436.1196,1411.4514,1389.599,1364.2521
103,2530.3479,2607.2639,2662.3599,2711.8997,2805.3123,2866.0347,2941.0786,3016.6543,3090.1382,3166.2529,3264.3679,3371.353,3449.2473,3547.2283,3652.8167,3740.0039,3845.4724,3958.6331,4063.8823,4166.7773
104,3496.6917,3530.7959,3601.6243,3636.5132,3659.1523,3704.3403,3765.8652,3787.0649,3835.9248,3903.2356,3957.6509,3974.2771,4062.7651,4117.2446,4159.9629,4204.416,4236.4629,4302.855,4354.0293,4409.3193
105,3116.825,3132.1753,3157.2734,3184.877,3209.3311,3241.0842,3256.9648,3306.7002,3328.8113,3348.6528,3380.8862,3425.593,3449.6787,3473.4199,3525.0049,3546.4541,3582.0134,3613.1079,3643.5046,3678.4058
106,18761.016,18233.865,17640.785,17249.691,17141.463,16599.73,16093.447,15836.248,15436.895,15091.132,14877.574,14953.627,14489.521,13886.947,13540.836,13316.51,13273.747,12889.27,12664.969,12398.262
107,308.28711,333.57843,357.65942,388.84558,418.21765,453.3374,490.228,532.03931,574.45947,618.27234,671.22046,726.92212,787.16089,849.26398,918.42822,987.27039,1066.386,1148.5674,1240.8989,1339.4404
108,219.59393,237.51501,261.98865,280.73389,304.89081,325.34357,354.98495,379.63318,412.54306,440.72656,476.77164,518.91559,559.28235,606.97534,657.8866,707.08508,759.95251,823.14453,890.15485,962.09937
109,984.78467,1047.9492,1113.8416,1126.7135,1261.9705,1320.2886,1440.157,1490.7491,1610.2161,1739.9976,1842.2345,1995.8105,2131.5366,2291.6904,2462.1616,2657.4983,2865.1448,3092.0078,3331.4368,3589.8823
110,3267.8896,3263.3643,3295.2764,3306.1321,3243.7236,3286.7109,3275.1958,3285.894,3264.1421,3260.2188,3229.4678,3147.5977,3191.9707,3236.7334,3223.1306,3219.6064,3173.625,3192.7571,3178.9736,3177.5574
111,241.70737,260.0965,282.44766,302.785,323.27881,349.77148,379.22018,404.28723,436.49048,475.47308,510.77301,554.17584,619.39728,663.64368,714.25757,768.04401,816.53418,891.19904,959.88977,1034.4972
112,11691.988,11918.979,12141.434,12372.088,12605.24,12857.081,13098.939,13324.742,13597.953,13857.019,14124.065,14385.322,14686.531,14974.039,15279.814,15556.195,15829.685,16168.92,16468.502,16798.781
113,1528.835,1565.2443,1604.5728,1642.292,1687.5247,1726.3398,1768.783,1811.9419,1856.2637,1897.1099,1944.2469,1993.3029,2025.8563,2076.8293,2120.457,2186.1421,2252.5918,2325.5496,2381.7332,2441.0122
114,8385.0703,8461.6318,8526.1904,8580.0771,8655.3105,8700.2988,8776.6006,8815.584,8886.04,8933.7695,8988.3496,9086.9912,9175.1641,9229.9795,9296.7559,9356.5586,9405.1348,9475.125,9527.0879,9600.1592
115,10440.736,10406.939,10395.861,10344.898,10323.129,10262.74,10248.455,10170.594,10143.27,10147.449,10070.242,10019.335,10029.153,9973.1416,9916.9824,9861.7852,9767.4023,9727.4766,9689.4736,9652.4727
116,8808.2695,8938.6719,8989.8262,9106.377,9392.7324,9494.9482,9573.3564,9754.7959,9932.9863,10033.851,10305.027,10724.533,10798.707,10747.955,10769.977,11312.461,11673.558,11839.141,12056.988,12261.199
117,4561.6533,4622.2217,4588.0771,4653.4194,4789.312,4829.6494,4825.3574,4884.3115,5156.9185,5076.7681,5369.7207,5301.8921,5319.8159,5363.9102,5355.7339,5468.3057,5594.3848,5643.1885,5716.5137,5786.0361
118,4653.8184,4605.6934,4529.9336,4527.5483,4433.6646,4381.0166,4360.3462,4287.5059,4206.9038,4192.811,4131.2803,4029.811,4012.4258,3966.917,4002.1426,3986.0659,3885.2588,3869.9092,3813.1062,3774.1704
119,4596.1011,4554.2432,4514.8472,4486.2227,4448.8369,4428.7383,4403.5234,4378.6787,4398.2637,4374.0723,4363.9424,4283.0439,4290.6006,4255.2661,4229.9888,4214.9146,4137.6719,4143.3687,4114.2358,4097.2944
120,9373.8457,9092.4629,8953.9316,8720.5186,8617.5879,8440.2881,8227.9873,8087.103,7924.6094,7684.7759,7642.9268,7577.395,7417.8398,7187.8647,6966.915,6859.2461,6801.2305,6618.9805,6520.3086,6396.9297
121,5713.8193,5768.6382,5614.5039,5744.9258,5863.6768,5841.3359,5852.4116,5870.8809,5935.8438,5983.6875,6004.6675,6015.7197,6030.8843,6035.5776,6000.3618,6188.6968,6224.7227,6242.8618,6277.2739,6321.2983
122,2123.7104,2200.4971,2328.2874,2387.1436,2426.5901,2499.4917,2509.2944,2592.4111,2625.3789,2643.1465,2737.5464,2849.7471,2896.5786,3014.814,3048.5278,3248.0439,3345.6448,3447.6111,3548.9814,3640.1238
123,1430.8083,1474.0408,1510.4532,1505.2234,1588.6998,1564.9316,1703.9977,1663.7747,1682.1604,1831.9192,1796.4976,1725.8904,1781.1676,1748.5034,1856.1746,1786.9689,1859.7754,1847.5977,1900.3275,1931.0886
124,19158.43,19392.656,19741.559,20110.719,19742.936,20144.482,20373.15,20498.176,20775.879,20863.445,21047.188,21223.469,21580.533,21844.193,22291.039,21946.5,22108.914,22429.584,22653.66,22819.863
125,11638.726,11507.102,11415.26,11353.283,11098.85,11057.212,10933.704,10839.779,10697.153,10585.128,10410.422,10122.471,10007.655,9969.9766,9871.3496,9692.9336,9611.1934,9437.0723,9330.5254,9196.1084
126,5047.4297,5249.0146,5364.1396,5659.3013,5853.0088,5973.7969,6234.5117,6373.1846,6948.6187,7131.1201,7415.3232,7638.1455,7861.1855,8018.0337,8274.6504,8548.3486,8896.1211,9205.3105,9550.8398,9932.6582
127,8941.54,9298.5264,10092.328,11054.084,10345.635,11077.015,11329.195,11703.395,11993.136,12041.498,11704.232,11698.489,12260.566,12334.207,12359.576,12526.566,12801.909,13129.845,13480.3,13760.6
128,6860.1318,6870.3174,6633.7148,6765.2861,7075.8525,6981.2305,7104.7168,6929.4976,7069.8276,7026.396,7329.9307,7043.479,6996.2817,7001.7998,6926.6392,7054.3887,7160.4976,7186.2637,7202.4966,7218.1279
129,16969.279,17097.539,16215.556,16421.801,16753.977,16429.543,16453.869,15784.116,15744.307,15943.454,15996.834,15862.066,15729.326,15603.618,15268.596,15613.043,15584.24,15617.661,15617.104,15611.856
130,2540.1978,2653.8833,2797.7368,2942.2983,3032.4644,3532.0688,3567.4121,3653.5547,3830.4971,4330.0684,4359.9429,4369.144,4691.6836,4927.8545,5263.6523,5482.7852,5664.3135,6017.0117,6325.2959,6635.9932
131,5443.2075,5524.3164,5540.0728,5454.4873,5619.4551,5608.2705,5752.5444,5834.8867,5826.6646,6042.7305,6034.5244,6308.9263,6396.6035,6398.4688,6362.2739,6626.3999,6671.7617,6746.0884,6819.2734,6943.0947
132,23115.242,24480.746,26103.883,27779.221,29791.025,31636.328,33711.848,35770.898,38276.555,40982.25,43598.086,46686.879,49575.969,52996.336,56587.047,60379.387,64507.398,68720.555,73333.328,78216.859
133,5623.0439,5606.0439,5580.5957,5545.2178,5606.21,5596.9585,5555.8262,5554.3862,5557.9629,5598.0254,5583.9033,5525.4751,5528.8555,5525.3252,5555.6182,5535.0029,5537.4121,5550.9316,5527.3311,5534.4375
134,7917.1699,7836.0068,7774.769,7674.1582,7625.1675,7541.3013,7479.6787,7387.791,7316.2002,7241.707,7172.0684,7135.2559,7079.3486,7021.6211,6952.7813,6885.4541,6810.3115,6758.2451,6700.6133,6647.0596
135,498659.34,508115.13,517318.56,526920.31,537242.63,546625.63,556320.5,567725.75,577859.25,589562.38,599886.38,614411.0,626420.5,637494.5,650430.63,661788.38,673213.69,685848.81,698673.0,711325.13
136,22748.914,22747.223,21950.365,21765.639,23560.316,23598.561,23833.563,23229.877,23231.854,24251.453,24823.643,25121.707,24917.457,25516.846,25699.336,26977.135,27313.098,27758.949,28007.77,28510.283
137,1793.7905,1873.4399,1961.0181,2044.1038,2139.5034,2230.5571,2325.2092,2430.1023,2545.98,2645.9819,2773.8667,2911.2078,3030.7129,3175.9133,3325.7424,3462.6465,3622.7852,3794.3574,3975.6089,4155.9766
138,7813.8169,7759.4033,7710.3862,7651.5366,7623.417,7555.2969,7523.1299,7488.7085,7426.5146,7364.8281,7329.1558,7309.1782,7240.2363,7218.3906,7138.9814,7106.6006,7071.6226,7023.8574,6983.4136,6939.0415
139,8682.5264,8753.0781,8846.96,8945.1885,9036.4609,9127.5684,9216.1182,9312.2051,9404.7773,9502.0342,9593.6016,9674.3076,9768.7422,9879.2275,9988.8818,10085.434,10186.747,10281.724,10389.74,10488.479
140,11365.158,11291.245,11079.8,10843.127,10604.759,10471.836,10316.935,10190.984,10078.976,9893.8223,9755.4258,9494.0664,9332.8262,9251.373,9072.6084,8981.9512,8828.71,8702.2373,8566.2207,8459.0059
141,24815.508,25147.131,25618.961,25954.855,25584.055,26070.617,26377.105,26736.348,27091.064,27244.191,27481.898,27142.094,27539.602,28000.979,28585.717,28574.363,28682.957,29033.57,29251.105,29564.254
142,26482.836,26808.35,27160.074,27842.676,28231.414,28767.211,29284.426,29522.527,29781.598,30439.912,30684.113,30730.863,31298.531,31869.727,32448.621,32729.289,33048.844,33590.098,34044.867,34551.109
143,19613.752,19897.195,20050.492,19986.58,20389.086,20641.367,20685.096,21053.295,21536.617,21552.359,22128.809,22455.648,22650.305,22959.188,23315.535,23667.98,23985.852,24283.797,24568.9,24856.25
144,8048.0957,8211.5234,8347.5156,8572.1504,8738.209,8686.5,8959.6631,9206.3701,9389.585,9357.0605,9616.0127,10003.08,10195.737,10395.561,10618.526,10814.787,11092.16,11307.662,11553.411,11800.474
145,4503.0083,4529.1416,4537.1724,4567.0327,4573.5898,4598.5044,4632.1567,4649.1519,4665.2656,4712.8198,4709.6807,4694.3105,4732.1211,4789.165,4839.1724,4844.0454,4841.791,4864.8447,4901.1318,4935.7393
146,2221.2825,2499.6477,2816.9282,3173.9587,3572.7,4022.3979,4524.8589,5097.8315,5738.5923,6463.6094,7276.335,8187.1621,9219.2139,10380.714,11689.264,13158.356,14812.439,16678.1,18780.93,21145.764
147,3455.0686,3722.7139,4000.4639,4290.7651,4611.9028,4957.2959,5323.5063,5719.0293,6144.9102,6603.4907,7093.6748,7612.4263,8185.0054,8793.4795,9447.5273,10154.095,10909.563,11726.342,12598.991,13538.121
148,7742.8477,7806.1587,7496.7046,7602.3574,7212.5249,7576.6475,7576.9722,7553.48,7529.3677,7654.3115,7680.3057,7564.3081,7749.3223,7641.8652,7927.4312,7734.6558,7648.2949,7682.6387,7726.6304,7772.3896
149,4145.7446,4225.8203,4336.1543,4439.0918,4613.6465,4700.2031,4804.8799,4970.7471,5123.1631,5230.499,5422.8862,5603.0693,5759.5503,5879.9551,6021.9692,6203.3359,6402.3047,6601.707,6797.3037,6995.6226
150,4078.2627,4078.4302,4101.1357,4111.8223,4102.8364,4083.3616,4107.9678,4118.1992,4106.458,4091.0845,4092.5322,4145.8696,4107.3794,4106.0869,4104.8916,4128.105,4157.4067,4155.8325,4167.1553,4181.8936
151,11885.448,11961.911,12070.003,12051.053,12154.207,12187.387,12109.607,12216.631,12119.198,12172.176,12266.582,12418.666,12399.635,12452.483,12464.576,12582.823,12678.666,12719.208,12770.576,12857.793
152,47219.449,49889.688,52122.488,54847.141,57699.203,60601.738,63429.438,66582.266,70133.211,73862.383,77809.414,80348.414,84739.906,88995.359,92802.391,97945.578,102958.55,107902.41,113433.05,119022.75
153,2908.877,3089.5452,3279.0547,3482.499,3677.7744,3908.1333,4162.4771,4396.9395,4673.667,4981.9556,5252.9878,5581.125,5936.77,6365.7358,6830.6016,7235.9668,7664.1543,8177.7886,8685.6162,9228.1719
154,8976.1543,9068.7305,9076.9844,9189.5283,9445.4736,9476.6611,9518.3555,9671.4258,9817.2773,9974.083,10307.605,10569.262,10643.201,10515.543,10525.09,10695.918,11081.9,11136.674,11299.188,11454.402
155,1568.6279,1691.3195,1681.2649,1757.2715,1814.5087,1943.7625,1993.2168,2015.2314,2075.0684,2035.4403,2161.439,2144.0073,2169.5891,2412.1174,2584.2231,2559.2708,2573.186,2709.48,2782.6799,2880.0864
156,18454.461,19535.283,20138.422,20997.301,21569.813,22425.109,22793.955,23926.57,24578.684,25789.73,26605.088,27136.203,28096.863,29199.113,30305.264,31752.504,32953.465,33807.863,35039.152,36405.102
157,10008.396,9924.4512,9731.8555,10028.494,11345.475,11397.782,11843.005,11318.287,11964.813,12754.004,13051.733,14333.214,14676.313,14815.479,15303.676,15896.592,16560.814,16971.504,17376.945,17993.492
158,13548.242,14568.262,13653.186,13735.037,14637.926,14329.754,14634.563,14403.36,14658.911,15181.471,15823.54,16278.566,16216.793,16352.932,16120.357,16723.57,17261.633,17282.561,17529.824,17817.613
159,17459.584,19085.59,19445.004,20803.951,22090.055,22353.648,22896.227,24336.178,26051.838,25981.998,28137.15,28645.262,28830.787,29930.781,30931.221,33098.816,33827.906,34451.441,36029.078,36703.941
160,631115.88,644734.0,661228.06,677149.75,693002.25,710670.5,727998.13,745757.75,762600.81,781288.31,799085.69,820031.13,841866.44,861902.63,884419.75,903502.75,925362.25,948770.38,971660.06,995431.81
161,4383.3882,4766.9517,4629.3711,4841.5488,5035.1504,5236.7266,5354.2451,5619.1489,5838.7773,6047.1055,6430.5493,6605.4287,6783.9863,7005.0161,7269.7856,7515.1963,7845.5273,8099.4922,8394.6602,8716.8066
162,25276.004,25057.049,24841.619,24705.297,24744.785,24558.398,24458.889,24368.02,24280.262,24189.199,24118.859,24411.316,24256.813,24025.939,23916.268,23863.539,23810.631,23762.246,23663.285,23568.855
163,4949.4189,5151.1729,5277.4619,5460.8257,5627.7451,5820.4414,6040.1758,6289.4971,6538.1797,6683.2393,7165.0088,8007.6455,8278.6953,8898.6123,8818.8486,9554.5938,9962.8125,10325.887,10696.442,11516.606
164,13145.722,13311.681,13459.73,13612.473,13792.35,13946.371,14110.061,14307.234,14459.064,14591.355,14774.565,14993.035,15121.975,15322.25,15499.184,15685.291,15918.507,16076.215,16276.895,16473.16
165,7345.7061,7328.2148,7293.0767,7282.0659,7280.5132,7249.3672,7192.8291,7189.2822,7187.9893,7147.3418,7120.4634,7068.4824,7072.4736,7031.873,7000.6538,6968.8149,6944.0791,6939.5415,6919.1055,6900.6299
166,1923.3064,2149.2297,2351.5051,2602.8003,2830.6377,3129.8652,3398.6733,3669.9651,3990.0273,4318.415,4847.0825,5329.1084,5772.3877,6311.0498,7016.8213,7732.2744,8412.8877,9230.501,10096.747,11123.95
167,34252.828,33991.414,33510.68,34497.914,35542.813,35886.527,36358.559,36744.254,37538.375,38557.453,38996.129,39129.578,38573.281,38901.438,39491.809,39663.813,40726.684,41081.684,41456.488,41987.492
168,2520.1035,2567.7751,2644.8049,2742.1948,2808.686,2867.2175,2910.7852,3042.771,3107.0752,3235.1982,3320.752,3430.4326,3522.5811,3549.8752,3633.4558,3353.5413,3576.3464,3597.1199,3700.2222,3792.2183
169,14692.7,15113.957,15417.727,16203.115,17201.861,17719.383,18191.492,19022.465,19725.568,20190.77,21078.055,22247.121,22882.793,23935.172,24636.555,25643.715,26841.832,27711.42,28750.752,29980.529
170,14140.297,14459.971,14845.745,15487.236,15957.445,16389.811,16938.773,17244.424,17841.107,18379.15,18813.746,19338.447,20021.699,20548.004,21613.715,22027.889,22829.107,23521.902,24248.799,25002.15
171,2176.0522,2181.45,2175.5059,2162.8071,2198.9307,2212.2502,2221.72,2225.9014,2244.6411,2277.0518,2251.3994,2269.0747,2286.0122,2298.6646,2310.1831,2361.4688,2348.3037,2384.7048,2396.377,2409.4771
172,3983.1196,4084.832,4215.3574,4322.292,4427.8457,4537.5918,4647.1689,4763.0288,4887.4932,5019.7354,5148.9092,5304.8359,5420.6201,5573.6777,5666.9165,5772.3916,5973.3428,6120.8223,6275.2783,6431.0723
173,8249.1152,8318.5645,8482.6074,8562.0195,8564.2148,8495.7988,8865.2363,8845.4668,8908.0684,9241.5391,9113.6309,9412.6641,9561.5801,9642.2686,9636.9805,9714.2871,9784.0771,9933.7832,10077.498,10232.791
174,11718.431,11621.795,11556.641,11482.748,11421.702,11347.314,11271.7,11218.071,11136.529,11078.656,11009.387,10927.535,10841.824,10781.227,10729.294,10678.863,10616.3,10559.768,10491.79,10436.736
175,8391.707,8327.3076,8507.3496,8773.5352,8602.1387,8856.2129,8889.2393,8569.6182,8809.5205,8882.3477,9013.918,8962.623,9152.8633,9048.9395,9253.9551,9288.0566,9296.2871,9382.7031,9463.167,9525.6445
176,805227.25,802930.19,803288.44,800709.81,795213.5,794168.44,792870.5,792065.75,790001.19,786509.38,784115.5,782052.94,780308.5,779299.0,777317.44,775059.81,772462.31,771649.63,769960.06,768630.31
177,18356.117,18711.496,19064.873,19456.395,19902.33,20332.0,20665.684,21074.254,21508.82,21893.785,22221.359,22760.795,23129.715,23626.398,24209.205,25040.221,25302.188,25948.02,26439.664,26975.643
178,18100.766,19445.229,20911.488,22500.473,24133.531,25951.604,27888.266,30006.115,32233.887,34656.98,37194.887,40118.836,43199.293,46574.828,50129.551,53808.047,57813.875,62161.953,66853.672,71884.586
179,13144.736,13021.035,12945.346,12833.502,12681.969,12548.212,12437.205,12359.368,12281.494,12143.688,12054.252,11920.606,11764.031,11613.861,11593.838,11407.681,11347.133,11196.125,11096.303,10997.508
180,12748.305,13183.058,13343.26,13293.727,13967.256,14008.35,14318.17,14835.379,14898.135,15270.321,15634.731,16210.59,16402.436,16935.727,16765.367,17261.416,17872.785,18072.707,18457.996,18837.428
181,6732.7402,6977.6904,7092.9473,7290.001,7472.8154,7611.1885,7832.1523,8048.6616,8231.2168,8533.9424,8816.9404,9190.9863,9486.707,9688.7598,10001.68,10243.869,10462.794,10739.178,11023.577,11291.706
182,10022.429,10370.58,10675.85,11011.678,11330.718,11732.563,12127.436,12617.679,13043.523,13423.885,13891.504,14363.494,14805.289,15394.734,15827.725,16399.32,16988.338,17511.25,18090.633,18699.797
183,9031.6406,9358.541,9653.8145,9919.4775,10231.27,10553.27,10893.749,11214.36,11569.878,11885.451,12268.103,12655.613,13098.637,13552.949,13883.57,14355.497,14757.033,15254.338,15773.022,16190.733
184,10121.459,10238.72,10291.246,10376.83,10377.802,10636.86,10779.232,10831.839,10896.52,11079.529,10986.131,10991.977,11052.254,11192.104,11304.48,11506.904,11627.511,11703.713,11784.291,11990.611
185,14244.359,14337.245,14317.288,14388.982,14532.663,14468.335,14522.705,14697.249,14683.427,14840.011,14854.107,14762.72,15015.16,15094.514,15075.775,14989.023,15185.348,15321.119,15415.596,15448.486
186,15737.872,15611.149,15519.731,15289.985,15159.41,15010.77,14928.282,14772.945,14633.621,14493.854,14371.73,14207.903,14087.705,13936.285,13820.607,13660.362,13554.715,13419.078,13288.36,13159.637
187,10346.179,10168.809,10131.191,10236.799,10817.596,10554.207,10387.32,10424.17,10702.242,10513.629,10760.001,11215.938,11064.951,11036.719,10900.146,11076.939,11373.652,11285.24,11372.352,11520.71
188,24395.633,24184.096,24115.764,23934.719,23863.041,23698.059,23606.184,23480.26,23281.996,23035.336,23095.512,23212.664,23040.969,22843.08,22661.053,22635.328,22624.123,22498.018,22454.301,22348.508
189,17121.793,17041.32,16972.699,16892.445,16790.764,16737.436,16588.938,16550.699,16412.152,16256.621,16185.756,16060.011,15966.702,15927.366,15806.219,15696.934,15615.093,15539.402,15444.477,15352.871
190,4529.293,4497.1519,4479.1357,4485.3281,4508.4033,4468.8213,4439.582,4432.4521,4418.1191,4404.2559,4392.9409,4372.2646,4367.2646,4350.6255,4338.8896,4307.3237,4306.1909,4288.8169,4275.937,4263.1216
191,2371.3508,2383.075,2430.9514,2436.5396,2467.7188,2473.7493,2491.105,2506.8616,2521.3584,2533.9634,2553.8135,2587.7539,2608.0256,2635.5522,2662.1895,2679.9729,2700.7375,2719.814,2741.4077,2758.366
192,6281.7793,6427.0947,6610.3662,6802.8599,6940.1299,7088.1899,7287.7783,7415.8433,7564.8657,7760.1777,7954.4326,8160.5347,8394.3877,8604.3711,8806.9111,8960.3574,9153.0361,9389.2402,9620.873,9846.9395
193,10032.48,9872.7637,9722.0,9577.1152,9415.6992,9161.084,8909.4297,8954.2285,8763.7764,8669.251,8540.2813,8394.6611,8297.1914,8114.5889,8012.6279,7801.4009,7679.1162,7568.623,7445.2729,7326.8965
194,26396.553,26198.928,25985.717,25771.783,25548.926,25501.094,25420.432,24996.949,24875.273,24614.352,24425.449,24266.373,24021.529,23913.23,23657.404,23602.881,23403.654,23211.424,23038.686,22861.551
195,140630.13,144851.91,148637.97,152738.38,155900.38,160094.47,164369.42,169070.56,173013.59,177549.91,182195.06,185692.47,191026.2,196036.17,201741.64,206823.33,211324.91,217343.44,222843.7,228347.16
196,5342.2114,5324.8945,5341.3237,5339.4922,5281.3008,5365.2949,5349.0615,5295.4814,5424.1982,5457.7686,5423.3813,5386.623,5396.9238,5389.6592,5362.415,5365.8623,5376.5981,5361.0352,5355.6289,5364.4868
197,5358.689,5343.1763,5319.688,5349.3965,5394.6885,5362.377,5357.5381,5385.4717,5379.5762,5445.479,5433.1211,5520.4873,5519.4443,5546.1089,5556.0938,5578.6025,5619.1577,5611.3154,5619.4424,5629.1025
198,3946.5857,4003.322,4121.0254,4186.9443,4239.707,4321.4053,4383.0088,4466.2251,4536.7939,4615.2964,4670.2827,4790.646,4880.3647,4991.373,5069.2402,5163.9932,5235.2627,5340.7144,5416.709,5516.6777
199,6754.8047,6830.8926,6776.0425,6870.5308,6846.6201,6853.7725,6856.0488,6859.3271,6869.3521,6904.3096,6880.5854,6869.2363,6901.0762,6927.104,6922.0088,6934.3408,6918.8745,6938.0371,6959.8125,6967.5215
200,8109.6001,8037.4272,7943.3062,7880.0557,7816.6284,7748.3896,7691.2393,7629.0513,7539.1191,7490.5479,7407.9746,7309.3125,7264.3721,7238.9414,7190.8589,7039.5425,6975.1611,6891.1465,6830.2148,6773.9141
201,10112.75,10346.646,10630.549,10210.204,10258.435,10231.053,10343.683,10369.17,10802.256,10636.996,10849.464,10211.482,10181.825,10157.688,10116.242,10286.906,10444.398,10454.776,10516.557,10592.789
202,11120.924,11029.285,10934.119,10932.344,11053.696,10996.238,10976.318,11007.066,10964.146,11001.25,11066.923,11368.658,11242.093,11265.626,11128.826,11277.094,11432.99,11338.651,11375.716,11395.639
203,9091.873,9009.1289,8953.6973,8920.9102,8882.1992,8848.7236,8805.7227,8743.9609,8721.3945,8660.3008,8675.0977,8668.9619,8638.791,8581.5889,8554.3818,8494.4297,8434.5586,8412.626,8365.8154,8326.877
204,17307.928,17106.785,16889.23,16729.977,16655.586,16481.732,16229.831,16065.43,15942.582,15758.523,15714.658,15637.454,15523.951,15281.506,14933.602,14949.506,14957.559,14814.004,14675.279,14560.271
205,20358.889,20092.912,19946.688,19786.684,19594.051,19366.68,19162.461,18893.133,18685.703,18516.793,18406.646,18251.461,18046.016,17793.24,17497.574,17411.82,17208.98,17099.553,16967.141,16880.445
206,7063.125,7310.041,7567.3936,7812.3535,8135.6641,8437.375,8786.8486,9119.0234,9493.6445,9851.1953,10140.248,10616.301,10990.459,11443.422,11998.588,12449.299,12957.828,13431.332,13963.336,14451.693
207,2168.252,2259.145,2348.1865,2434.2732,2504.8208,2593.5557,2689.0142,2793.6821,2893.3188,2990.6184,3105.249,3215.4697,3312.9482,3432.8945,3560.0664,3670.0195,3827.8613,3939.8484,4083.2764,4223.8018
208,5192.5059,5321.3594,5457.896,5588.6519,5742.1812,5878.1689,6040.2974,6195.0908,6344.5605,6551.2236,6703.2803,6896.0234,7094.1367,7277.9761,7444.6016,7635.9443,7823.9043,8049.5786,8266.2617,8477.5195
209,17140.971,17729.488,18438.514,19066.01,19769.916,20566.137,21355.66,22119.922,23061.566,23766.334,24636.199,25395.359,26379.418,27305.285,28275.516,29253.953,30285.559,31396.953,32556.543,33714.109
210,13788.809,14316.046,14894.89,15457.912,16041.601,16664.926,17314.051,18002.893,18706.188,19368.258,20097.053,20768.486,21572.148,22412.264,23419.148,24314.66,25276.859,26266.402,27250.504,28331.176
211,13422.678,13839.496,14249.416,14730.481,15221.9,15672.013,16139.412,16667.709,17186.426,17681.201,18368.111,18917.398,19501.457,20142.293,20698.004,21357.273,22017.328,22713.988,23433.406,24146.191
212,6391.2876,6603.6914,6845.7383,7038.7061,7226.7393,7485.9575,7747.8916,7969.8101,8203.5303,8539.042,8694.5225,9001.0391,9277.8135,9551.5234,9923.1572,10251.085,10573.301,10941.201,11269.529,11640.194
213,23238.654,22583.039,22473.723,22279.563,21921.525,21662.488,21126.844,21062.771,20824.877,20360.127,20166.387,19937.76,19747.619,18994.799,19281.6,18892.973,18728.404,18472.752,18209.133,18101.844
214,31272.73,31949.666,32402.951,32789.008,33111.383,33551.129,34148.625,34545.078,35009.965,35743.102,36526.43,37221.633,37814.793,38300.617,38886.637,39500.293,40133.551,40819.465,41547.027,42111.145
215,10896.131,10978.898,11157.591,11338.396,11432.796,11635.411,11847.571,11978.97,12189.051,12350.939,12498.573,12878.809,13008.664,13208.027,13458.022,13709.295,13912.479,14087.1,14312.781,14540.0
216,4617.9829,4828.0181,5252.5342,5408.9854,5687.4863,6130.6489,6474.5127,6797.9912,7402.0264,8421.1758,8344.7402,8749.9063,9255.5615,9832.9951,10406.203,11166.974,11930.618,12688.074,13589.742,14521.469
217,1025.2058,1020.6389,1013.3206,1009.3328,1004.434,994.81372,988.97711,984.91345,977.92377,972.91687,970.96527,970.29028,991.35706,982.42212,990.7218,975.06342,965.39752,956.76379,955.83209,950.20972
218,6681.8828,6651.3188,6623.8872,6595.8848,6586.5146,6554.3623,6531.6328,6510.2793,6486.2197,6458.7158,6435.9438,6474.7734,6447.2734,6455.8447,6416.6748,6384.583,6348.4775,6329.4849,6307.4287,6283.9663
219,76168.758,77430.727,78420.039,79791.172,81690.93,82346.828,83512.523,85036.594,86347.781,86957.109,89029.641,90579.219,91917.953,93323.734,94682.273,96102.375,97698.172,99223.828,100622.63,102123.2
220,3761.8071,4020.5269,4293.4536,4597.123,4945.7959,5291.1875,5691.0215,6073.4043,6450.0698,6943.2715,7470.6304,8070.1885,8519.3574,9099.6504,9707.0859,10431.25,11232.82,12002.405,12867.211,13770.965
221,3106.043,3214.1714,3338.6218,3501.2622,3667.4531,3800.1196,3959.262,4199.418,4359.8374,4485.7344,4607.4639,4795.3242,4888.1201,5144.082,5323.688,5615.0674,5923.0576,6151.292,6396.6147,6687.0469
222,1801.5901,1924.4839,2405.6665,2392.4509,2258.3142,2627.2578,2844.5593,2941.7578,2987.5098,3235.2405,3268.1558,3383.9194,3663.8953,3987.1689,4265.2817,4741.2568,5143.437,5592.4741,6102.2754,6663.3828
223,3930.2019,4054.6174,4256.5142,4428.6128,4622.3101,4786.4482,4969.0659,5182.2212,5426.4453,5629.4517,5903.6914,6191.0928,6411.9756,6669.8262,6972.1802,7250.7578,7554.6372,7873.8994,8203.4229,8546.7891
224,2803.7917,3022.7747,3040.2341,3043.155,3090.8357,3148.8821,3195.636,3134.7361,3124.3889,3303.115,3383.9475,3402.8379,3570.543,3604.717,3675.9558,3712.0635,3759.7083,3839.0996,3915.6274,3986.7993
225,1159.4861,1212.5809,1236.0184,1350.4142,1432.0905,1522.8094,1601.5463,1680.257,1770.4788,1816.4985,1927.9497,2035.0514,2144.4187,2277.3325,2386.8469,2572.2412,2678.3076,2865.4065,3043.3374,3186.7537
226,40368.629,40498.309,40561.258,40721.742,40870.422,40963.863,41101.246,41267.93,41399.043,41461.18,41688.438,41784.984,41855.227,42001.438,42117.375,42276.488,42436.672,42571.168,42699.527,42831.953
227,1027.8982,1118.0647,1233.9305,1341.7513,1481.4302,1611.337,1766.4974,1942.9181,2129.2476,2335.0464,2595.9917,2836.1387,3140.2266,3449.8608,3787.563,4124.9546,4519.9185,4961.1372,5444.9961,5977.5645
228,542.6087,616.16284,690.82056,792.79218,896.19904,1024.1575,1165.2844,1319.832,1496.865,1710.5107,1933.248,2192.8765,2506.0601,2856.2764,3246.1895,3694.6406,4191.2778,4780.3242,5450.1294,6203.3691
229,813.87402,880.81781,980.88287,1064.5066,1160.6313,1257.9299,1375.8735,1494.7083,1640.0237,1787.5465,1969.5175,2151.2402,2349.2783,2570.1123,2810.395,3064.3311,3370.1118,3672.23,4027.2737,4411.9092
230,5918.8467,6021.7651,6169.9482,6241.9844,6106.0635,6230.0161,6370.8374,6485.541,6412.6895,6438.8496,6646.8608,6704.7729,6797.5088,6963.9834,7089.6006,7220.5879,7235.3384,7298.2744,7364.8945,7482.915
231,3469.2861,3375.4841,3496.293,3219.1514,3251.4104,3278.5583,3408.7842,3486.8882,3278.7854,3046.2129,3179.5149,3780.4204,3950.3999,3855.3872,3732.0542,4068.3701,3976.1309,4036.8379,4029.0195,4069.6997
232,7974.3662,8031.3398,8128.2891,8256.041,8521.5801,8519.4609,8731.1494,8835.2363,8740.9141,8837.916,9003.4805,9468.5635,9495.3906,9736.5986,9888.1787,10009.993,10321.287,10384.227,10559.601,10784.109
233,1737.751,1813.5215,1929.4299,2040.1172,2140.8569,2268.5225,2369.1516,2499.98,2615.5449,2780.238,2940.9172,3034.231,3193.3062,3361.9683,3542.3843,3746.8733,3946.5911,4150.0728,4349.2949,4624.2354
234,3171.6855,3344.9211,3539.1245,3733.6455,3944.4167,4157.4429,4375.3223,4634.5493,4946.6934,5212.0347,5499.999,5809.9678,6176.8228,6542.4082,6940.3818,7298.458,7693.082,8135.1118,8601.9922,9092.3145
235,8570.9844,8772.1045,8914.9746,9237.5361,9494.9805,9705.0234,9947.9424,10209.868,10377.151,10775.536,11045.433,11394.313,11608.174,12089.348,12331.416,12752.008,13109.553,13528.603,13882.743,14283.604
236,38008.703,38819.188,39711.102,39838.992,40481.691,41130.949,41867.672,42676.445,43287.801,44203.113,45015.082,45697.523,46386.145,46952.324,47333.777,48441.922,49123.379,49900.594,50783.906,51535.707
237,7258.9648,7275.3535,7366.1382,7394.0137,7187.8877,7178.9834,7231.5234,7081.626,7035.8604,7098.4707,7113.7065,6978.2461,6997.4585,7028.6396,7098.0757,7026.9482,6922.6006,6915.623,6896.9766,6877.6821
238,8769.0645,8761.875,8607.0742,8476.5352,8342.0566,8239.416,8159.979,7950.5962,7969.9741,7851.4126,7896.0381,7889.6597,7812.3662,7636.8916,7668.832,7599.0029,7594.6768,7520.8887,7399.1826,7349.2061
239,8946.2178,8766.4961,8919.6025,8576.5273,8856.6006,8535.4707,8659.9189,8433.627,8299.3691,8141.3867,8106.8711,8646.6846,8559.9014,8619.2822,8734.6416,8855.4395,8884.6729,8920.6299,8855.3975,8821.3545
240,2737.3528,2779.0737,2826.9177,2897.5098,2752.6255,2806.5896,2863.5981,2832.3677,2910.9136,2916.3813,2759.0356,2598.6221,2663.5432,2749.459,2841.0771,2771.7717,2641.896,2684.7993,2674.7112,2683.1414
241,10736.756,10636.753,10526.418,10442.621,10359.749,10266.972,10169.843,10091.947,10008.844,9896.248,9826.7246,9728.2129,9643.5342,9533.8027,9470.0879,9384.0557,9307.7334,9225.8818,9143.5127,9062.9229
242,19046.59,19081.848,19049.764,18664.617,19112.285,18534.035,18390.957,17140.586,17246.59,17924.787,17429.031,16116.203,16105.207,15947.131,15888.55,15871.611,15756.457,15567.146,15429.297,15217.826
243,12932.659,12731.41,12512.09,12290.587,12086.624,11874.588,11668.023,11502.738,11303.589,11145.733,10917.469,10725.68,10560.13,10359.216,10217.6,10062.863,9910.0391,9743.3848,9607.2578,9447.2129
244,7885.6836,7905.334,7922.5859,7935.8516,7953.248,7969.6226,7987.8545,8015.1748,8018.2354,8027.7788,8032.2295,8032.6885,8042.8604,8053.083,8070.999,8089.4355,8116.3711,8127.0278,8140.9268,8152.5522
245,2642.3,2609.6431,2560.1252,2511.4219,2461.7722,2415.9146,2366.8987,2323.9236,2280.2207,2239.0942,2207.6123,2180.3198,2140.7981,2095.2749,2051.2732,2018.7882,1987.8866,1947.3622,1911.0148,1878.9807
246,12278.948,12186.13,12079.739,11962.021,11882.662,11778.092,11693.521,11589.573,11477.662,11371.542,11287.266,11159.834,11054.075,10967.012,10895.383,10784.552,10690.68,10603.238,10514.526,10421.365
247,7519.498,7550.1997,7584.7153,7557.6602,7531.7847,7569.2627,7589.168,7577.7515,7584.3086,7607.6782,7591.3052,7648.1123,7690.3169,7691.4751,7718.5635,7714.7393,7695.8672,7738.1836,7751.0498,7766.7881
248,3953.6555,4059.1375,4119.2368,4225.7788,4317.9165,4408.3911,4492.189,4588.6885,4703.4395,4803.1084,4908.0166,4963.8594,5049.4248,5151.5498,5235.5229,5363.8369,5503.1069,5606.3716,5728.8926,5853.0439
249,3621.7773,3724.5232,3828.7124,3968.7354,4124.9229,4265.4448,4396.2578,4571.4063,4707.9092,4875.3354,5052.9009,5224.9102,5385.7344,5596.04,5821.6709,5990.2168,6220.2393,6425.6636,6643.9541,6876.7583
250,30442.219,30759.516,31048.84,31280.023,31450.936,31776.836,32072.764,32290.205,32583.777,32823.906,33091.336,33251.844,33584.219,33836.836,34103.516,34408.137,34632.594,34951.824,35250.039,35544.352
251,15488.239,15657.242,16037.903,16206.067,15974.059,16155.948,16511.213,16417.049,16553.049,16544.158,16560.555,16323.002,16438.697,17137.625,16982.365,16958.205,17018.613,17160.078,17238.566,17257.279
252,16881.664,16903.248,16925.346,16945.738,16980.865,17006.527,17040.66,17050.676,17100.369,17119.785,17170.107,17186.865,17218.018,17255.168,17269.01,17315.039,17348.213,17383.014,17413.605,17444.811
253,11398.516,11439.152,11516.518,11573.321,11665.986,11729.827,11787.65,11873.472,11914.628,11981.421,12085.388,12201.943,12242.551,12324.842,12344.293,12458.301,12553.487,12643.226,12723.143,12819.016
254,205945.25,210006.69,214548.16,219204.78,221704.94,226498.81,230761.03,234736.27,238450.83,242737.05,246530.08,249442.25,256544.23,261334.94,268107.03,271176.78,274544.38,280361.47,285020.0,290141.25
255,9353.457,9641.7617,9802.4688,10113.486,10435.688,10701.215,10949.151,11355.065,11702.588,12057.999,12424.972,12764.914,13016.205,13418.611,13735.88,14264.803,14777.188,15137.354,15593.046,16051.43
256,2457.8413,2440.3748,2431.4165,2427.4214,2418.0938,2404.301,2387.6653,2391.2715,2369.1323,2353.6929,2340.3257,2335.8379,2314.4822,2296.8799,2286.4373,2273.7114,2264.1189,2249.7739,2238.791,2222.729
257,2162.478,2165.9055,2169.5498,2169.2896,2163.7351,2169.147,2166.4248,2171.4219,2166.6282,2169.5093,2165.8848,2173.73,2182.0566,2180.4204,2188.8628,2183.2324,2178.4573,2182.6875,2184.3047,2193.9368
258,1972.8376,2038.1792,2113.9385,2192.8452,2263.6357,2344.9219,2422.8154,2511.9883,2599.5491,2681.5732,2769.355,2869.1804,2998.4058,3108.3948,3228.749,3332.3506,3441.271,3568.8481,3696.5503,3828.6357
259,21571.475,22110.215,22503.211,22933.598,23220.215,23646.428,24084.586,24458.414,24880.801,25390.256,25507.773,26108.613,26549.229,26991.645,27614.813,27783.125,28217.508,28675.492,29169.137,29645.621
260,43563.691,43662.066,44292.453,44799.891,47020.348,46841.797,48115.816,48975.621,49286.125,50130.965,54642.531,53307.371,53499.203,55388.742,55891.949,58158.039,60426.246,61135.352,62447.125,63567.113
261,32217.215,33486.078,34971.59,36573.758,38064.422,39719.969,41365.023,43303.973,45107.227,46867.637,49042.316,51370.73,53385.305,56096.367,58450.289,60669.59,63329.41,66013.922,68877.641,71836.055
262,17058.914,17556.902,17981.449,18455.576,18849.221,19326.18,19811.852,20303.262,20848.049,21385.576,21772.766,22371.793,22905.486,23472.102,24074.574,24637.146,25234.568,25840.367,26455.141,27090.041
263,5785.043,5933.7671,6051.3037,6258.063,6355.5342,6544.4692,6713.6367,6898.7998,6985.0615,7281.0596,7377.106,7499.8564,7687.1938,7887.8486,8071.5234,8319.4736,8545.165,8768.5049,9001.3369,9225.3643
264,9010.1787,9366.8047,9541.9648,9542.7627,9396.1064,9598.0918,9856.1143,9950.2031,9980.0342,10335.648,10837.051,10995.815,11492.595,11548.233,12072.271,12055.038,12090.588,12395.331,12631.262,12839.355
265,10236.627,10338.385,10440.214,10542.722,10631.397,10733.37,10836.471,10937.635,11033.092,11135.765,11221.999,11314.896,11416.084,11522.628,11615.627,11745.047,11844.681,11952.306,12058.871,12169.699
266,52143.012,53415.855,54575.148,55733.074,57574.18,58804.5,60081.777,61923.445,63240.371,65273.973,67102.797,69225.742,71292.844,72413.898,74736.461,76997.172,79342.969,81335.563,83724.148,86011.742
267,15346.865,15863.586,16355.966,16953.57,17625.529,18158.037,18855.645,19462.238,20104.607,20869.809,21544.045,22381.016,23254.293,24252.107,25149.766,25843.525,26682.502,27598.723,28598.947,29620.629
268,14804.144,14212.323,14389.908,14478.278,14523.077,14215.734,14540.484,14471.348,14205.535,13756.629,13675.012,13911.586,13508.857,13585.913,13470.545,13427.517,13661.105,13642.012,13606.512,13460.88
269,20592.102,21667.041,21867.857,22446.473,23074.703,23869.467,24204.561,24803.533,26242.133,27410.963,28162.322,28450.184,29468.758,29757.203,30434.234,31627.264,32295.885,33095.313,33975.387,34920.238
270,74562.875,76858.07,79518.25,81869.242,83130.469,86638.469,88450.0,90490.867,95377.703,99123.813,95372.156,98877.727,102001.29,105850.23,109372.08,112069.83,114848.97,118609.3,122235.72,125633.7
271,16351.083,17091.801,18063.203,18947.922,19554.313,20531.172,21488.473,22411.621,23480.91,24612.723,25472.738,26209.23,27818.5,28791.186,30203.193,31337.281,32524.506,33896.309,35338.578,36780.516
272,13463.48,13171.691,12926.569,12791.593,13867.619,13461.488,13564.228,14282.803,14253.462,14654.9,15092.086,16657.701,16388.996,16573.439,17517.465,17140.641,17888.641,18244.313,18739.168,19076.301
273,12105.352,11807.635,11355.318,11002.561,10828.314,10458.231,10109.552,9875.1563,9580.2822,9353.6973,9066.1426,8890.5342,8726.8242,8423.1465,8129.0708,7836.6509,7608.8394,7362.2354,7156.3271,6933.3594
274,14533.393,14118.585,13937.023,13703.643,13368.902,13115.416,12890.674,12632.76,12404.475,12102.898,11926.125,11823.949,11565.947,11293.865,10989.357,10819.532,10673.049,10448.98,10230.969,10035.176
275,12189.684,12188.878,12200.565,12276.195,12539.613,12518.434,12553.484,12687.527,12744.503,12814.682,13036.863,13234.454,13384.453,13227.057,13281.78,13486.084,13719.727,13778.318,13880.02,14009.533
276,52822.742,56821.93,58358.121,61452.91,67490.594,69697.641,74692.82,80700.266,84486.086,88271.609,100547.35,102541.81,107476.18,116265.52,123842.63,132429.0,142415.36,151418.8,161740.88,171855.13
277,19139.395,18776.916,18390.549,18915.68,19251.031,18294.99,18632.699,18638.383,16868.637,15762.271,18874.484,18479.262,18551.596,18258.799,18169.305,18123.367,18299.477,18146.09,18025.945,18160.07
278,31854.393,32404.6,32641.592,33593.164,35645.316,35597.672,36780.336,37460.766,37546.973,38033.906,40347.621,41817.605,42098.336,42854.883,43482.777,45272.742,46758.484,47640.18,48956.027,50292.93
279,11647.664,12003.139,12219.755,12601.401,12921.633,13218.955,13593.929,13959.635,14380.633,14588.165,15141.926,15445.514,15830.507,16226.767,16567.375,17056.584,17534.213,18000.125,18460.465,18937.748
280,19955.686,20075.398,20644.691,20760.756,20997.373,21475.93,21532.941,21919.574,22491.543,22936.275,22771.449,23212.695,23466.586,23791.141,24201.574,24474.979,24767.199,25126.281,25493.316,25824.047
281,7439.5308,7469.356,7492.0889,7494.3145,7833.1348,7894.71,7997.3301,8106.0283,8200.5137,8408.6865,8564.0908,8598.6387,8680.6338,8680.1348,8766.1172,8964.6563,9156.7646,9261.7363,9395.9531,9527.96
282,7555.2241,7737.374,7902.5845,8086.7271,8314.0635,8498.4248,8703.1953,8916.0723,9193.9531,9494.6289,9697.6787,9865.6045,10085.904,10219.044,10443.154,10794.08,11089.475,11360.811,11652.922,11929.793
283,38476.922,38949.641,39150.117,39513.863,40153.238,40792.289,41162.016,41768.145,42334.734,43008.766,43668.391,44490.184,44773.449,45416.207,45937.359,46687.766,47380.266,48016.75,48682.418,49336.094
284,6097.7842,6091.3828,6111.6011,6093.4512,6033.0874,6041.79,6042.7476,6023.9355,6043.0444,6087.9546,5977.5688,5988.2622,5964.4482,5960.6113,5975.209,5974.0684,5972.0029,5978.6997,5978.5264,5978.0269
285,15468.129,15817.005,16139.717,16520.674,17009.842,17354.912,17775.525,18214.77,18686.721,19151.488,19667.73,20176.617,20558.377,21046.895,21551.299,22080.738,22659.244,23190.008,23761.172,24337.094
286,4823.2734,4941.0078,5052.2944,5178.6069,5299.8472,5437.3198,5564.5112,5705.3037,5833.9004,5962.4927,6126.8018,6278.3242,6444.7017,6591.5059,6763.2891,6903.4775,7063.1738,7236.3887,7408.4126,7587.8057
287,15160.196,15202.174,15224.858,15253.258,15264.872,15316.868,15354.986,15386.877,15409.959,15467.126,15497.665,15548.557,15577.592,15603.26,15641.701,15679.888,15724.08,15779.491,15820.205,15860.61
288,13123.977,13247.105,13376.168,13512.921,13651.765,13768.636,13911.619,14001.052,14134.7,14247.343,14398.976,14539.749,14692.376,14836.001,14951.499,15123.901,15252.956,15393.961,15533.106,15678.515
289,24723.545,25300.02,25901.0,26557.609,27285.012,27889.652,28563.791,29329.309,30101.027,30839.412,31775.109,32450.598,33285.816,34123.367,34963.453,35937.484,36853.902,37783.309,38728.34,39697.91
290,16592.365,17459.209,18362.555,19309.141,20304.018,21354.053,22454.859,23613.039,24835.99,26124.627,27462.732,28866.65,30348.434,31916.184,33558.598,35305.867,37131.105,39050.617,41065.012,43187.738
291,5011.4365,5103.6304,5200.3696,5296.1479,5394.0469,5492.7969,5597.8691,5703.1362,5810.1846,5917.8945,6037.2852,6152.436,6278.1387,6397.0557,6536.6831,6640.8525,6759.5786,6886.6636,7017.5327,7148.5757
292,26979.813,26627.559,26263.697,25936.953,25695.543,25343.566,25047.82,24776.746,24496.482,24181.631,23976.943,23837.961,23501.219,23160.953,22795.59,22636.977,22478.965,22194.268,21962.07,21709.195
293,41443.723,42303.41,43158.969,44102.898,45202.223,45992.445,46721.188,47825.855,48494.57,49459.223,50934.531,52264.523,53240.238,54378.887,55612.84,56810.0,58065.703,59330.789,60586.227,61835.109
294,8358.9922,8481.0771,8531.6133,8809.9658,9350.6934,9221.1162,9380.8281,9366.0938,9570.9248,9647.5684,9662.8887,10128.697,9910.5625,10236.248,10374.422,10838.921,11186.271,11411.924,11645.363,11934.955
295,5277.9097,5336.0078,5396.9751,5459.6543,5525.0176,5586.4834,5625.3315,5693.5835,5752.9888,5817.0576,5891.0962,5947.4961,5990.7671,6073.6699,6115.481,6210.895,6292.6133,6358.9824,6428.8745,6501.5454
296,76149.836,78854.758,81618.516,84237.617,85172.602,88383.508,90906.008,92720.953,95512.422,98027.547,100084.09,101087.94,104681.04,107489.05,109746.64,113364.92,115696.65,118883.48,121847.16,125083.27
297,6086.6748,6117.7939,6145.6167,6143.6582,6144.0391,6176.5801,6195.478,6179.8101,6193.2949,6214.2607,6246.9526,6284.9277,6316.418,6317.2314,6365.5146,6406.4478,6425.1577,6457.4878,6480.2568,6499.2822
298,11650.455,11528.361,11425.135,11272.754,11143.542,11023.559,10897.914,10795.223,10679.396,10551.908,10443.682,10363.51,10253.273,10164.388,10081.391,9948.627,9843.9902,9743.7725,9642.2031,9543.418
299,23375.934,24307.924,25407.854,26207.801,26586.094,27369.92,28447.342,29083.109,30008.098,30844.715,31561.691,31982.662,33297.789,34070.582,35303.543,36376.172,37332.535,38561.895,39690.996,40931.496
300,21946.166,21775.377,21206.361,21006.84,22017.813,21620.781,21580.672,21826.258,22021.625,22227.17,22548.574,24100.66,22398.768,22483.348,21199.221,22175.078,23249.922,22754.773,23073.113,23160.898
301,15578.422,15506.062,15384.829,15373.098,15676.641,15498.566,15879.978,16178.091,16041.369,16563.352,16802.025,17035.715,17083.943,17165.377,17352.943,17751.762,18060.717,18261.707,18462.607,18677.236
302,4975.4829,4807.377,4683.7837,4534.1553,4364.4487,4229.915,4100.1943,3980.2075,3843.2131,3712.1348,3582.2622,3492.4429,3375.489,3267.626,3169.127,3042.4375,2965.1665,2866.4028,2779.5835,2701.3342
303,4709.2324,4773.8916,4814.7959,4895.0361,4958.9668,5008.2598,5092.9502,5163.3306,5224.9141,5303.4375,5354.3975,5434.1992,5477.1689,5576.75,5664.7925,5759.8975,5844.9194,5937.5386,6084.5352,6174.2891
304,5793.1499,6053.0674,6327.3071,6617.1836,6915.7305,7233.2139,7559.1851,7925.4077,8298.0244,8663.5752,9068.792,9485.7324,9943.2734,10424.923,10876.509,11394.676,11930.693,12471.498,13066.68,13678.881
305,8689.1846,8682.8711,8683.7354,8747.0889,8813.0,8872.8145,8900.2852,8969.8652,8991.8652,9063.5957,9089.3594,9129.8066,9097.3047,9095.7773,9263.4072,9321.0889,9348.8457,9384.0723,9418.5176,9557.8516
306,18185.537,18975.387,19768.406,20647.35,21400.943,22390.066,23268.943,24238.742,25333.504,26421.127,27484.947,28621.504,29814.805,31117.811,32543.254,33942.18,35293.652,36857.043,38399.293,40035.977
307,1494.8806,1644.9771,1814.6398,2014.4325,2219.3975,2450.3213,2705.8691,3051.1814,3358.9595,3674.0024,4046.259,4398.3208,4908.7256,5350.1904,6095.2139,6700.1982,7438.5811,8230.7246,9119.5059,10080.276
308,5351.1436,5253.23,5205.3843,5082.0645,4996.6382,4883.2754,4786.3545,4686.0586,4587.9287,4569.231,4439.2949,4400.6514,4310.4512,4226.6416,4144.7783,4086.3833,4002.7847,3962.4902,3883.3967,3812.1748
309,1684.9067,1696.7136,1714.0288,1736.8225,1746.2368,1749.8766,1756.3752,1795.8822,1814.311,1833.1584,1864.7628,1865.5986,1872.6494,1901.5846,1911.8679,2014.697,2048.604,2072.1003,2119.418,2152.0439
310,1233.0723,1420.7515,1589.4192,1875.7383,1999.3474,2157.8948,2526.6479,2889.6211,3164.0918,3602.1714,4270.3296,4732.6895,5441.249,6203.207,7129.3535,8154.833,9346.6074,10716.135,12305.496,14134.449
311,546.45905,564.40216,585.23108,606.52972,626.78925,648.63721,669.71368,695.61792,718.74084,745.17273,770.99005,789.92352,814.17932,848.71234,884.30249,913.68799,945.75562,979.30243,1013.0889,1047.1354
312,1691.493,1704.9865,1716.8239,1734.9119,1753.3833,1771.1115,1787.926,1809.8684,1826.8073,1839.6272,1863.7505,1882.9077,1899.7744,1923.8949,1937.2161,1960.9836,1987.4067,2001.2377,2025.4368,2047.3615
313,14675.48,14793.047,14922.496,15042.626,15332.651,15433.193,15631.992,15835.59,15827.713,16080.794,16213.513,16472.695,16641.473,16916.691,17130.324,17197.344,17421.59,17580.994,17788.256,18007.914
314,8907.6709,9137.7949,9388.5898,9652.4961,9921.3916,10202.266,10463.313,10761.428,11057.525,11360.698,11680.568,12006.102,12333.846,12665.385,13067.802,13383.481,13766.841,14144.074,14537.752,14947.661
315,38164.949,38702.848,39245.305,39836.203,40427.289,40981.164,41552.516,42160.223,42795.738,43387.367,44041.477,44692.883,45304.773,45911.082,46577.789,47276.883,47975.523,48622.832,49324.18,50025.648
316,10470.481,10544.732,10574.125,10779.794,11188.656,11344.219,11473.005,11718.527,11875.792,12082.339,12322.818,12635.338,12834.729,13012.328,13393.684,13368.782,13742.031,13958.296,14211.857,14485.551
317,904.73865,929.66675,941.39838,947.039,978.21521,989.76233,1017.6968,1035.6433,1047.3517,1074.4105,1093.01,1123.8367,1143.9468,1166.9897,1187.5919,1216.6801,1252.2722,1284.0864,1312.7576,1343.5532
318,35155.031,35847.168,36646.063,37333.664,38181.715,38912.008,39666.191,40350.039,41214.43,42106.172,44102.672,43934.957,45253.074,46155.25,47178.203,48073.305,49198.586,49956.59,50907.184,51952.25
319,13272.163,13589.395,13950.0,14513.767,15258.414,15858.069,16372.953,17118.057,17868.711,18254.377,17750.293,19704.297,19686.342,20785.748,21084.033,22159.107,23032.723,24105.113,25116.486,26130.557
320,15587.042,15739.489,15936.773,16084.359,16046.016,16214.506,16332.387,16508.029,16629.977,16663.332,16772.947,16979.297,17134.369,17429.865,17619.941,17642.242,17736.828,17909.398,18051.08,18206.51
321,33469.48,33700.547,34151.234,34078.375,33846.492,34309.844,34452.406,34892.313,35004.508,34544.477,34611.969,34650.602,34867.813,35157.184,35241.277,35444.68,35469.047,35574.004,35714.867,35959.031
322,8352.4824,8472.4746,8655.2188,8832.3926,9024.3008,9346.1738,9564.8359,9935.0508,10196.333,10488.73,10536.246,10725.189,10975.453,11317.211,11451.682,11782.181,12010.984,12310.176,12563.824,12837.078
323,14016.329,13821.846,13670.26,13503.521,13358.268,13198.577,12984.781,12809.988,12643.629,12451.113,12341.848,12237.199,12027.38,11915.065,11702.235,11485.059,11399.669,11213.335,11066.19,10921.992
324,7175.5054,7174.8311,7171.1514,7165.4907,7138.7109,7161.6138,7196.5718,7187.7754,7156.0029,7187.4155,7195.2368,7070.4346,7111.6528,7112.0063,7106.7148,7151.4111,7113.5566,7113.5625,7111.314,7100.9883
325,2872.9438,2918.395,2953.7437,3001.302,3037.937,3084.8687,3137.6448,3184.7332,3229.0442,3255.1604,3317.4395,3361.3638,3408.3452,3448.6213,3505.3401,3549.4629,3613.5811,3660.1201,3711.521,3755.3779
326,46172.484,46219.258,45850.695,46143.828,46152.805,46212.945,45968.094,46476.18,46670.273,46890.047,46649.406,46127.656,46143.297,45732.602,45283.219,45484.484,45658.375,45558.527,45608.227,45613.348
327,5646.3086,5700.8364,5742.1865,5786.6885,5836.8838,5899.9023,5970.793,6018.6177,6060.7031,6123.0654,6185.002,6277.8203,6352.8105,6407.5845,6439.0718,6524.2056,6584.0337,6642.8086,6701.9502,6771.0752
328,7358.4033,7374.3018,7417.334,7492.5269,7475.3174,7433.2012,7516.5796,7611.6685,7581.604,7575.7305,7718.7012,7690.3115,7783.2358,7867.3857,7860.5186,7860.3057,7942.8223,8023.2891,8166.3691,8218.877
329,13998.033,13812.063,13756.602,13718.344,13672.695,13592.927,13499.018,13289.339,13231.026,13136.648,13148.424,13208.288,13205.787,13156.619,12946.036,12850.814,12940.568,12762.936,12740.899,12692.947
330,24297.033,24547.344,25012.949,25360.037,25654.301,25959.555,26371.678,26763.881,26966.461,27163.996,27544.957,27901.164,28370.813,28792.809,29216.344,29586.289,29961.246,30316.262,30746.623,31185.195
331,14606.68,14994.772,15240.404,15379.768,15513.696,16000.617,16212.346,16318.412,17244.146,17529.953,17797.346,17900.445,18200.908,18468.297,18779.066,19219.988,19324.617,19778.598,20118.936,20341.395
332,22575.145,22581.744,22555.975,22471.582,22549.051,22568.193,22576.627,22550.99,22509.256,22621.832,22559.666,22556.32,22483.389,22575.92,22438.66,22544.68,22515.555,22553.574,22583.971,22617.813
333,26288.361,26320.457,26309.939,26295.15,26353.496,26343.68,26412.648,26413.738,26388.596,26416.902,26470.586,26493.613,26505.908,26555.596,26616.809,26627.977,26639.805,26689.553,26658.988,26682.637
334,4741.7109,4904.397,5079.707,5260.7959,5401.3604,5582.5469,5771.5962,5962.814,6176.167,6382.6709,6635.4956,6787.71,7025.2051,7303.3096,7567.4302,7719.2002,7985.2656,8229.6631,8509.7002,8763.6094
335,23480.088,24174.783,24905.938,25530.428,25976.09,26703.098,27436.766,28060.832,28777.836,29508.355,30178.475,30795.941,31651.578,32476.98,33175.133,34163.328,34884.828,35771.691,36667.723,37572.281
336,14565.549,14699.209,14821.352,15097.501,15217.116,15387.636,15514.006,15654.684,15805.225,16010.972,16170.151,16266.711,16420.85,16619.297,16807.973,16947.254,17155.027,17284.578,17451.383,17620.111
337,38088.926,38479.543,39431.391,39959.406,40932.281,41731.281,43030.605,43217.203,43589.5,44538.418,45351.293,46215.633,47120.238,47864.281,48867.887,49876.504,50735.902,51944.367,52912.383,53974.418
338,19309.316,19262.723,19274.914,19165.648,19100.938,19038.039,18944.07,18924.457,18888.736,18878.219,18889.41,18910.383,18833.059,18817.43,18741.066,18696.395,18673.807,18636.75,18584.195,18538.828
