asdf_id,ntl2012,ntl2013,nt2014,ntl2015,ntl216,ntl2017,ntl2018,ntl2019,ntl2020,idGQ,shapeID,nameGQ
0,3.185064554,5.13426733,1.773889422,4.047488213,17.86659431,34.35800552,38.42438507,39.21588898,38.63735199,0,BOL-ADM3-33444609B20338026,Esmeralda
1,17.49607658,21.28956795,20.31747818,22.24385452,18.62920761,45.46524811,46.23018646,46.27662659,58.41024399,1,BOL-ADM3-33444609B53994240,Santuario de Quillacas
2,10.2783699,12.13556957,11.5195713,5.842638016,6.416913986,19.59886169,18.71907043,12.87323666,26.99120331,2,BOL-ADM3-33444609B27878331,Pampa Aullagas
3,652.8339844,746.3242798,825.3580933,858.3693848,1112.248169,1196.713501,1304.111572,1397.355103,1290.520874,3,BOL-ADM3-33444609B13957296,Llallagua
4,11.24274063,17.23329163,12.44546413,14.71350098,9.844965935,24.83840752,29.67046165,33.19116592,46.89235306,4,BOL-ADM3-33444609B2060227,Caripuyo
5,320.719574,330.424469,307.5560303,353.115448,416.9564819,503.6056213,543.7019043,525.6296387,569.840271,5,BOL-ADM3-33444609B22499454,Aiquile
6,27.68954849,36.43451691,34.52216339,35.48403168,40.14476776,58.88786697,77.48724365,75.84483337,85.7206192,6,BOL-ADM3-33444609B14646898,Sacaca
7,4.447775841,4.559866428,5.177781105,4.708926678,3.59385848,14.96706009,15.70475388,21.27515602,27.5340538,7,BOL-ADM3-33444609B19396342,Acasio
8,434.3235168,528.1918945,546.3309937,538.1737671,596.074646,704.9302368,761.9534912,817.8734131,853.3568726,8,BOL-ADM3-33444609B48998442,Huanuni
9,24.26772118,24.08892059,21.77209091,20.5036068,29.56398964,39.51408768,40.24663925,37.11030197,38.83644104,9,BOL-ADM3-33444609B43353864,Huachacalla
10,61.29078674,75.40400696,101.1589661,135.7329865,144.1535645,193.8070068,182.5449829,152.3004761,174.4306488,10,BOL-ADM3-33444609B12212981,Santiago de Huari
11,43.75637436,48.9777565,44.30027771,47.03004837,38.96573639,58.15861511,58.89419937,67.49701691,75.68199158,11,BOL-ADM3-33444609B81698958,Pazña
12,75.32757568,82.33297729,81.91298676,102.1983795,126.145401,163.7376404,157.6020203,165.0632935,177.1277161,12,BOL-ADM3-33444609B39428862,Villa Rivero
13,13.85526848,15.77662277,16.05485344,22.94095993,28.69513512,41.74352646,43.23688507,38.0831604,62.78795624,13,BOL-ADM3-33444609B55151365,Andamarca
14,3.992500544,10.38287735,9.28678894,14.53322601,10.41654682,22.51545715,20.54566574,20.67998886,26.21479416,14,BOL-ADM3-33444609B33779243,Chacarilla
15,272.1564941,325.8766479,348.9293823,493.6933289,553.8282471,666.8807373,660.0343628,816.1282349,1060.611694,15,BOL-ADM3-33444609B65270572,Arbieto
16,3.686506748,7.062542439,10.78797626,12.56017685,10.54038239,16.93345451,16.36645126,15.29287052,7.776403427,16,BOL-ADM3-33444609B96301403,Papel Pampa
17,21.61581421,24.51025391,34.15711975,38.92636871,33.48572159,114.8324203,115.6354752,103.7245865,118.6930542,17,BOL-ADM3-33444609B33786797,Umala
18,10174.35352,11893.47852,14688.18359,16943.49219,20910.83203,23291.40039,22807.41016,22458.67383,21705.97266,18,BOL-ADM3-33444609B89522171,Oruro
19,16.77879715,26.02961922,36.27765274,40.94314194,38.21443558,57.17694855,56.96803665,49.37664795,56.14983368,19,BOL-ADM3-33444609B49437729,Huayllamarca
20,7.507875443,10.92977905,10.96736622,18.72650337,14.2023077,28.68544006,26.90866089,18.33089066,21.14345169,20,BOL-ADM3-33444609B90350398,San Pedro de Curahuara
21,13.80983925,15.72695732,14.18814468,18.04754066,14.39406395,30.15736389,29.83189011,30.66200638,31.41423416,21,BOL-ADM3-33444609B28043407,Sicaya
22,682.4830933,735.7755127,810.0148315,821.2529297,801.4550781,967.991333,941.1800537,912.8082886,842.8209839,22,BOL-ADM3-33444609B22047407,Puerto Quijarro
23,317.352417,336.9388428,322.9529724,345.4417725,342.9830017,406.2875671,401.9725647,434.6876831,416.5617981,23,BOL-ADM3-33444609B45253703,Capinota
24,48.46227264,65.85188293,68.18721771,92.96176147,72.77301025,128.6324921,155.6669159,129.5996552,115.6123505,24,BOL-ADM3-33444609B98674568,Arque
25,118.2604752,145.227356,126.646431,155.9871826,171.603241,288.4741516,321.2333069,317.8268738,321.6155396,25,BOL-ADM3-33444609B17270625,Corocoro
26,412.0102844,450.1168213,471.2096863,557.8251953,637.8863525,743.8651733,788.5169067,985.2809448,1418.64978,26,BOL-ADM3-33444609B19104054,San Benito
27,5.658347607,10.5114193,6.054214478,9.350325584,11.25891113,20.30219841,18.5201416,14.48550892,10.0318346,27,BOL-ADM3-33444609B66518212,Sapahaqui
28,7.830812454,13.60397816,10.43562317,10.43880558,14.31670761,32.56882477,32.89045334,37.13743591,42.7622757,28,BOL-ADM3-33444609B10766550,Cairoma
29,142.5414581,149.2377167,146.7370605,137.4047546,149.9258118,205.1808319,180.0423584,179.1295624,190.8540192,29,BOL-ADM3-33444609B98493674,Colquiri
30,8.308321953,10.89643764,8.663563728,8.179697037,6.888190269,14.02084827,20.98544884,10.91421223,8.707847595,30,BOL-ADM3-33444609B35095185,Ichoca
31,2098.215088,2529.10083,2560.520996,3569.973633,3909.919922,4392.012695,4823.319336,4772.874023,4931.780762,31,BOL-ADM3-33444609B27516383,La Guardia
32,10.75018787,12.5429945,12.10293484,10.6848793,8.184959412,16.5483036,12.40321541,10.68546391,13.80158806,32,BOL-ADM3-33444609B65462728,Moromoro
33,551.7857666,633.8984375,623.5037231,704.4967041,677.7981567,786.5810547,786.1973877,757.4124756,839.8010864,33,BOL-ADM3-33444609B3283622,El Torno
34,267.2312622,322.1723938,262.7900391,246.7674255,287.4664917,353.6671753,379.0837402,332.4271545,371.4494019,34,BOL-ADM3-33444609B3665426,Samaipata
35,36.52866364,41.83254623,35.24997711,38.66165543,34.5034256,77.33673096,97.84434509,84.61580658,82.1636734,35,BOL-ADM3-33444609B75362770,San Lucas
36,24.10202026,22.87116432,31.27726555,31.43286705,42.26967239,56.87512207,60.54277802,56.35419464,109.3693314,36,BOL-ADM3-33444609B89526883,Culpi
37,7.617712975,11.95490074,15.57329178,22.4250145,18.92819214,26.58461761,23.7797699,29.47490501,32.04208374,37,BOL-ADM3-33444609B77799107,Incahuasi
38,140.9921875,167.0856018,148.8681335,207.1806488,217.2909698,279.5167847,289.9571533,267.0075073,335.2417908,38,BOL-ADM3-33444609B36544235,San Juan
39,15.61236763,19.47131348,19.12950134,19.11386108,11.0056181,20.90650558,27.02913284,18.04842377,23.06458664,39,BOL-ADM3-33444609B69045844,Tinguipaya
40,19.55653381,24.79786301,25.80224228,38.08581543,38.99861908,94.62008667,109.1332092,110.4160767,144.4551392,40,BOL-ADM3-33444609B29777572,San Pedro
41,35.16519928,36.46433258,40.32537079,46.83601761,53.44528961,88.89543152,99.25643921,116.6616135,125.5283127,41,BOL-ADM3-33444609B4195370,Villa Ancoraimes
42,1603.752796,1614.589481,1562.734379,1586.207466,1716.22113,2045.438782,2068.027573,2086.105125,2270.219978,42,BOL-ADM3-33444609B80268637,"Colcha ""K"""
43,42.27807236,63.85326385,75.53259277,78.86577606,103.5916061,144.4968109,150.290329,160.010025,156.0439758,43,BOL-ADM3-33444609B33602201,Puerto Mayor de Carabuco
44,90.04040527,101.7945251,76.58383942,84.84729004,79.92192841,134.6165161,144.4784393,123.4836884,159.3809967,44,BOL-ADM3-33444609B55181457,Sabaya
45,2.081223249,2.686240673,4.450266838,7.80836153,6.308434963,8.6251688,12.37535286,9.870124817,15.16390276,45,BOL-ADM3-33444609B74955412,Loreto
46,175.0325413,182.1920319,164.2225766,190.4043789,202.6985579,302.9175282,283.909956,252.1988907,291.1985826,46,BOL-ADM3-33444609B79735413,Tomave
47,172.4045105,197.546402,190.597168,209.8132782,288.0630188,317.2655029,295.9862671,389.8365784,386.3174133,47,BOL-ADM3-33444609B50648219,Porco
48,3925.411735,4178.161732,4740.294427,3981.858365,3709.077697,4615.073215,4579.730098,5033.094044,5182.660376,48,BOL-ADM3-33444609B43551685,Villa Montes
49,187.0157776,214.6633759,227.7910309,308.0928345,292.1311646,357.4984436,362.0223999,344.1342163,363.762146,49,BOL-ADM3-33444609B55738046,Yocalla
50,12.89072227,18.65300941,17.24745369,21.43916893,19.36694527,31.01002312,27.89417648,23.12220573,32.07703018,50,BOL-ADM3-33444609B4133228,Urmiri
51,14.09838104,18.17812729,16.93600082,16.16958427,15.27523422,34.07310867,44.55433655,54.18367386,41.02929306,51,BOL-ADM3-33444609B8281684,Mocomoco
52,85.6806488,95.95153809,76.71453857,91.13256073,108.7860489,116.4438782,113.2315979,105.2980042,128.1686401,52,BOL-ADM3-33444609B21235771,Saipi
53,20.07084846,26.48034096,29.64026451,35.713871,56.66405106,46.25558472,48.19216537,39.08113861,37.62095642,53,BOL-ADM3-33444609B25995685,Omereque
54,1085.622192,1221.138062,1544.348267,1838.737427,1952.703857,2339.182129,2758.102051,2657.798828,2677.816895,54,BOL-ADM3-33444609B55124296,Porongo
55,39670.73047,45361.24219,48710.87891,58417.61328,61954.85156,62087.52344,64137.62109,61675.64063,59850.96094,55,BOL-ADM3-33444609B6878387,Santa Cruz de la Sierra
56,84.24217081,113.3782672,95.62075996,87.70176503,129.5418181,159.015721,175.3528411,197.521653,190.1581199,56,BOL-ADM3-33444609B3318455,San Igcio
57,1.980844617,2.688500404,1.578257799,7.667015553,13.5975132,22.63436317,25.83571243,22.52453613,19.39745712,57,BOL-ADM3-33444609B8905284,San Javier
58,320.3183432,422.147686,337.245636,401.518013,439.476615,584.3830128,471.7621746,535.9398956,560.796299,58,BOL-ADM3-33444609B2142879,San Pedro
59,3.546226025,7.938620567,11.80509377,10.92380142,14.29747295,22.23219299,25.46028709,13.1462431,24.97414589,59,BOL-ADM3-33444609B87038976,Cajuata
60,8.723004341,18.63700485,11.68292332,10.31346226,10.53158855,21.05596924,22.53627014,20.4469986,20.72604942,60,BOL-ADM3-33444609B59519836,Inquisivi
61,23.17162704,33.7390213,31.54536057,35.8432312,57.49755859,92.36497498,86.44723511,93.95907593,86.89707947,61,BOL-ADM3-33444609B26067698,Irupa
62,29.41782761,20.06908035,32.14289093,29.08239937,36.2406044,42.82940674,53.45874405,27.69921875,43.71749878,62,BOL-ADM3-33444609B18902401,Chulumani
63,108.0392456,123.3438721,133.0791779,151.8670959,182.4168091,203.5123444,202.9714203,188.7579651,183.6552582,63,BOL-ADM3-33444609B62162538,Poopó
64,13.76872158,12.86599636,9.099295616,11.9331131,7.323483944,19.16124153,15.90106964,15.84773064,16.3543148,64,BOL-ADM3-33444609B19359116,Totora
65,234.434845,240.8660889,232.7518158,243.1829681,233.7994232,309.5311584,365.1621399,386.0054016,420.0837402,65,BOL-ADM3-33444609B40503271,Betanzos
66,22.53626823,26.64492607,25.09466553,34.83536911,36.74289703,83.09178162,108.5876389,91.68523407,85.10659027,66,BOL-ADM3-33444609B16444652,Turco
67,3.010711193,4.818167686,2.726447821,5.114076138,7.359871864,6.334067822,8.410955429,7.055028915,9.737003326,67,BOL-ADM3-33444609B61346396,Todos Santos
68,174.3134995,202.3055229,197.3887501,187.2977406,260.590044,355.7019845,420.4141388,374.0671921,354.7862878,68,BOL-ADM3-33444609B73204671,Concepción
69,619.475811,851.7576046,945.5786362,1072.945164,847.515173,818.821579,804.3819122,698.0113983,763.727417,69,BOL-ADM3-33444609B19125904,Santa Rosa
70,4.209869862,,,1.669473767,5.344696999,13.61772442,27.14421272,22.45780945,19.59293747,70,BOL-ADM3-33444609B59987600,Huacaraje
71,2.557778835,5.474520683,4.457159042,5.020744324,4.336880684,8.448217392,8.729893684,16.12044907,15.98832226,71,BOL-ADM3-33444609B98058544,La Rivera
72,1166.968018,1724.375244,1001.72583,1241.097656,1327.427124,1132.966064,1144.103271,4619.295898,1271.309814,72,BOL-ADM3-33444609B65603601,Entre Ríos
73,27.17282399,25.24600047,19.13204187,33.701442,42.99893641,55.93485355,56.5629378,62.3422589,57.14321898,73,BOL-ADM3-33444609B85871655,San Joaquín
74,24.83049011,22.16988373,17.71668243,78.75505066,65.79897308,69.42462921,68.48347473,83.64012909,78.74099731,74,BOL-ADM3-33444609B31629000,San Ramón
75,66.10723877,72.73799896,60.32408142,73.91186523,80.19645691,115.5077438,121.5367432,125.7190857,148.6405029,75,BOL-ADM3-33444609B70300813,Tiahuacu
76,37.62211609,51.09944153,48.70635223,56.9611969,57.25868225,90.90603638,96.55858612,96.57246399,100.7823486,76,BOL-ADM3-33444609B2169284,Colquechaca
77,17.42295074,19.65803337,13.54907227,19.02671432,17.24888229,34.01468658,43.268116,53.40142822,53.36168289,77,BOL-ADM3-33444609B28265316,Pocoata
78,21.47205734,43.13320923,35.29690891,30.17185174,37.21700192,64.80585751,67.56109228,63.71139681,78.32790619,78,BOL-ADM3-33444609B5007094,Llica
79,5562.649414,6364.726074,8128.225098,9195.517578,10101.75293,9626.291016,9578.666992,9846.258789,9134.189453,79,BOL-ADM3-33444609B2586032,Quillacollo
80,5960.683594,6411.947754,7058.305176,7423.693848,8543.767578,9143.569336,9724.017578,10178.50195,10263.6709,80,BOL-ADM3-33444609B27378021,Sacaba
81,1820.342529,1913.254028,2023.746094,2124.098389,2429.679932,2463.496338,2523.068359,2704.016357,2668.521729,81,BOL-ADM3-33444609B80439797,Tiquipaya
82,2155.818604,2309.604736,2504.152344,2580.449463,3061.341553,3198.885986,3467.606689,3763.571777,3685.176758,82,BOL-ADM3-33444609B86021401,Colcapirhua
83,1466.495728,1615.807373,1699.47998,1824.246948,2116.22876,2395.993408,2368.275635,2508.49707,2419.03833,83,BOL-ADM3-33444609B57513939,Sipesipe
84,1616.730591,1757.73999,2030.909546,2225.716553,2475.149414,2707.982666,2629.071289,2790.090576,2686.818848,84,BOL-ADM3-33444609B63544582,Vinto
85,201.655777,212.4089355,264.6568604,314.585083,358.888031,350.3974304,355.4356079,351.0146179,288.4914856,85,BOL-ADM3-33444609B91378627,Tarata
86,135.7185364,154.0549774,196.6501007,248.749054,244.8365479,264.9094238,322.8522339,308.4359131,311.8873901,86,BOL-ADM3-33444609B10790515,Totora
87,224.0034485,297.981781,312.9598999,333.4500732,389.3801575,659.3838501,543.3540649,487.1555176,541.6050415,87,BOL-ADM3-33444609B62366677,Bue Vista
88,229.9159546,264.724884,220.5036469,281.3337402,320.3045044,414.6716003,454.3650513,452.6498718,480.3384399,88,BOL-ADM3-33444609B65201053,San Carlos
89,19.71712303,26.70688057,52.36919022,62.45917511,83.11814117,103.995636,99.67464447,89.69902039,92.51307678,89,BOL-ADM3-33444609B24515942,Magdale
90,335.6535339,480.3165588,443.1442261,514.4796753,545.4231567,692.7786255,720.842041,713.7351685,742.7752075,90,BOL-ADM3-33444609B38843317,Portachuelo
91,,,0.967232645,1.149068117,,,,1.665917158,,91,BOL-ADM3-33444609B37744367,San Antonio de Esmoruco
92,96.82940674,105.2908707,184.3506622,291.3032837,263.7344666,344.1216736,342.51474,306.6810608,306.523468,92,BOL-ADM3-33444609B1106358,Uriondo
93,,,,,,,,0.673155904,2.864772797,93,BOL-ADM3-33444609B85745690,Mojinete
94,2881.88916,3202.86377,3366.464111,4859.309082,4799.379395,4910.070313,4630.82666,4654.293945,4867.565918,94,BOL-ADM3-33444609B87243497,Yacuiba
95,6.986927509,6.96951437,6.273605824,7.923259735,45.06189728,190.6525421,192.7052002,136.4773254,99.15694427,95,BOL-ADM3-33444609B234644,Yunchará
96,4185.595703,3742.205078,2407.855713,2650.645508,2355.411133,1854.175415,1754.909058,1501.062012,1390.195557,96,BOL-ADM3-33444609B75965900,Caraparí
97,438.2510986,472.15448,503.4442139,632.4160156,654.3742065,811.9411621,811.7122803,962.5108032,1487.316406,97,BOL-ADM3-33444609B88496650,San Lorenzo
98,69.53790283,80.88748169,145.3973999,174.6335144,164.8248596,227.8260193,203.6019135,237.4283447,256.8074951,98,BOL-ADM3-33444609B59853279,El Puente
99,5.753509521,6.916858673,7.962522984,9.739889145,8.06828022,29.07890892,25.97852707,27.53480911,31.06498909,99,BOL-ADM3-33444609B34120572,Toro Toro
100,8.181024551,6.230511665,8.901124954,14.27424431,15.4102459,27.38358116,19.86642075,26.6669426,27.87804604,100,BOL-ADM3-33444609B63002823,San Agustín
101,5069.738281,5447.287598,6629.417969,7088.57959,7416.649414,8208.833008,8639.865234,9259.87207,9582.980469,101,BOL-ADM3-33444609B48940768,Tarija
102,2.847226143,1.995180726,3.290225029,5.499529839,9.849521637,20.81596375,19.78399086,20.28004074,25.34319305,102,BOL-ADM3-33444609B83584775,Tahua
103,30.09345484,38.1539402,36.84334898,40.48926282,36.22402,44.5609045,46.1776123,13.55282021,8.111870527,103,BOL-ADM3-33444609B12022744,San Pablo
104,23.8911438,46.7396431,54.2709198,65.2368927,65.27413177,87.15040588,72.5062561,120.9032669,135.536087,104,BOL-ADM3-33444609B6650687,Las Carreras
105,8.445464134,8.612315178,10.56029129,13.87196541,16.84335327,26.96006775,25.11205864,25.62080574,26.78900528,105,BOL-ADM3-33444609B72563416,Villa Abecia
106,91.50935364,136.9380188,132.4589844,230.2856445,253.7534943,342.4606934,314.1843567,294.904541,278.70755,106,BOL-ADM3-33444609B32136747,Morochata
107,4.160961628,4.924172878,3.296876907,3.872813463,8.049949646,10.28479862,10.55050468,10.58590603,16.35916328,107,BOL-ADM3-33444609B11014199,Carangas
108,2.22295928,2.23756671,3.620805502,3.671824932,3.021338701,11.21033478,11.83671665,8.355161667,5.841378689,108,BOL-ADM3-33444609B29831186,Yunguyo del Litoral
109,,,0.904615343,,2.15085721,8.444524765,7.888875961,13.89424133,7.880324841,109,BOL-ADM3-33444609B64125054,Cruz de Machacamarca
110,145.905014,163.4734802,208.9884186,198.9706116,180.6982269,186.7510529,194.1555939,224.0624084,193.2744141,110,BOL-ADM3-33444609B44425060,Antequera
111,0.322934121,2.08590889,2.447418213,2.159318924,2.958858728,7.067083836,6.91522646,7.182566166,7.736605644,111,BOL-ADM3-33444609B30420791,zacara de Pacajes
112,36.54606628,40.99874115,60.54367828,70.50102997,73.77963257,116.3316422,118.8671417,130.2201233,125.7300186,112,BOL-ADM3-33444609B25496031,Caquiaviri
113,,2.183993816,2.067452908,12.46757126,23.84468079,32.82131958,29.90735245,27.23031998,27.40033531,113,BOL-ADM3-33444609B78062899,Belén de Andamarca
114,53.28755951,57.61642075,50.58296967,60.85784531,58.0393219,94.74578094,93.70737457,79.30110168,89.79321289,114,BOL-ADM3-33444609B19215102,Corque
115,40.12721634,39.01832199,31.72966766,42.95947266,50.87045288,91.99732971,87.16588593,73.9058609,86.69139862,115,BOL-ADM3-33444609B29766009,Vitiche
116,17.86957169,21.31785965,17.75498772,19.31336594,40.637146,78.50791931,67.54501343,53.3071022,33.90662766,116,BOL-ADM3-33444609B50583695,Luribay
117,85.98902893,95.35302734,154.3912506,116.5733337,115.7640228,122.315239,113.9893417,114.5511246,112.8388367,117,BOL-ADM3-33444609B61739549,Machacamarca
118,6.250129223,10.27571964,8.001501083,7.287115097,6.737370968,15.51345253,13.47734833,14.26880646,16.5988121,118,BOL-ADM3-33444609B79352083,Arampampa
119,16.48988533,22.67451477,16.73365784,20.59218216,17.69325638,23.94925117,25.48210716,27.8540554,31.76420021,119,BOL-ADM3-33444609B67664908,Sacabamba
120,11.80110836,13.36235237,14.4236908,26.96711922,22.46479607,32.51815414,42.36515045,32.32614517,28.31092072,120,BOL-ADM3-33444609B24659770,Anzaldo
121,94.2414093,110.3750839,123.5128784,147.5387268,165.3164825,173.1501923,142.8820343,150.1014099,155.0770569,121,BOL-ADM3-33444609B17865743,Toco
122,8.782710075,11.60368729,11.2692337,14.36268711,15.49000168,18.6122818,17.27958107,20.73689842,22.31046867,122,BOL-ADM3-33444609B84509711,Villa Gualberto Villarroel
123,10.52449608,12.89732933,11.42218208,19.00751877,16.62215614,20.43284607,23.00179482,23.56027603,26.38506699,123,BOL-ADM3-33444609B63808862,Tacachi
124,893.3175049,963.3509521,1019.378357,1044.978027,1024.59375,1034.635742,1044.223999,1072.073486,1057.921997,124,BOL-ADM3-33444609B45712919,Cliza
125,7.352798939,12.75482655,15.11440468,37.59941101,27.79476547,41.02365875,43.57014847,39.67972183,39.715168,125,BOL-ADM3-33444609B71410216,Tacopaya
126,15.54218674,20.67934036,23.80249405,38.72254181,41.40063477,75.22249603,64.09368896,58.56186295,67.22746277,126,BOL-ADM3-33444609B34376575,El Choro
127,212.4402313,255.4075317,219.7456055,193.7012939,135.7343597,158.4508667,128.8634186,106.1347504,112.91996,127,BOL-ADM3-33444609B90107878,Toledo
128,263.0514526,274.4825134,280.5779419,351.7094116,405.9932861,490.7292175,508.7261658,504.4722595,556.9932861,128,BOL-ADM3-33444609B16998103,Santivañez
129,88.42362976,109.7951431,124.1513138,230.3374023,245.9413452,409.130188,396.1479492,443.3388062,505.5572815,129,BOL-ADM3-33444609B37510264,Paria
130,18.18642044,25.40118408,26.53913116,35.84239578,64.41249084,114.2598419,119.5032196,142.2872772,110.3400192,130,BOL-ADM3-33444609B66068349,Colla
131,333.925354,356.7062073,379.2139587,453.7288208,516.2631836,533.8803711,500.1683044,634.4598389,983.0840454,131,BOL-ADM3-33444609B94491619,Tolata
132,1258.163818,1248.537964,1275.69873,1472.296997,1590.585205,1482.943237,1760.41333,1505.322876,1818.502197,132,BOL-ADM3-33444609B30727604,Cobija
133,33.26909256,35.19175339,34.84487915,41.5908432,43.91876221,71.79813385,104.6236954,99.20570374,103.5780716,133,BOL-ADM3-33444609B21077453,Eucaliptus
134,9.360082626,16.48802376,23.29156685,28.53709793,27.71327972,65.29107666,63.71443558,51.89217377,46.30194855,134,BOL-ADM3-33444609B28630051,Santiago de Callapa
135,22548.51172,24625.84961,28126.62109,29403.31445,31503.23828,31506.82422,33595.65234,35084.89453,35019.17188,135,BOL-ADM3-33444609B41741681,Cochabamba
136,267.117981,323.7359924,366.0355835,491.4342957,496.4222412,641.0734253,630.3588257,920.4442139,862.765686,136,BOL-ADM3-33444609B22900187,Caracollo
137,1.321085215,1.271721482,4.532529354,5.833577156,3.256975889,11.72338009,11.65797043,11.87743187,12.404953,137,BOL-ADM3-33444609B21007182,Catacora
138,36.48024368,53.17214203,47.80160141,55.57378387,41.76448059,74.34773254,65.7137146,57.87560654,47.50908279,138,BOL-ADM3-33444609B25632649,Yaco
139,22.86206245,36.97033691,37.97558975,43.39899826,53.52748489,136.5224304,146.1455231,123.5678558,145.1887054,139,BOL-ADM3-33444609B93045845,Calacoto
140,175.4951019,214.4773254,341.8781433,432.005188,515.479187,620.8134766,649.2141113,659.8334351,689.5363159,140,BOL-ADM3-33444609B26131324,Arani
141,705.513916,763.8797607,906.2210693,1167.192017,1487.188477,1560.940186,1721.551025,1792.445923,1837.893799,141,BOL-ADM3-33444609B3757470,Puta
142,501.2198792,674.0114746,902.9605103,1043.868286,1133.909912,1448.518555,1305.047974,1375.872681,1359.519531,142,BOL-ADM3-33444609B21151286,Sicasica
143,561.6028442,618.7567749,786.4663086,839.6270142,814.9783325,1009.62323,934.5777588,1049.943481,1022.493591,143,BOL-ADM3-33444609B32005482,Patacamaya
144,47.72779083,127.7202759,131.1934509,174.293869,173.4421844,229.352417,210.1439667,213.3597107,232.0926056,144,BOL-ADM3-33444609B19082627,Colquencha
145,6.008081436,7.528886318,13.25094318,17.53540993,18.90425682,35.11978912,34.08956909,35.93202972,35.12020111,145,BOL-ADM3-33444609B96911206,Santiago de Machaca
146,,,5.324278355,8.65246582,8.803874969,13.84176826,28.89416122,55.80560303,48.14075089,146,BOL-ADM3-33444609B58600296,Se
147,,,,0.835195422,4.454670906,13.28690338,9.178382874,11.57685471,16.4768734,147,BOL-ADM3-33444609B26946399,San Lorenzo
148,29.77006531,44.51747131,32.35006332,46.5321579,64.47071075,74.48621368,68.15188229,65.4320333,70.77690887,148,BOL-ADM3-33444609B90312020,Santa Rosa
149,,6.356122494,6.190088272,9.956483841,12.34345913,22.20590782,27.15489006,33.72932816,33.7441597,149,BOL-ADM3-33444609B20955158,Malla
150,6.204937458,7.597386837,4.857405663,5.35892868,7.201970577,18.0243969,25.97997093,25.02761078,30.35484314,150,BOL-ADM3-33444609B91729130,Comanche
151,64.06404877,87.09648132,86.60758972,121.8639832,146.3045044,208.3137665,176.6392822,197.6104736,217.5039063,151,BOL-ADM3-33444609B41933053,Calamarca
152,5752.726563,6743.312012,7489.695313,7698.789063,9321.324219,9791.102539,9924.947266,10812.94434,10691.63672,152,BOL-ADM3-33444609B85812802,Viacha
153,3.044438362,5.896716118,6.801205635,5.45263958,5.301642895,8.767601013,10.6926403,9.920380592,8.95171833,153,BOL-ADM3-33444609B79205479,Villa Libertad Licoma
154,53.64039612,59.4535675,61.1760025,60.12546158,93.81134033,108.9595184,96.95443726,89.10112762,97.33654785,154,BOL-ADM3-33444609B66902866,Quime
155,17.22084618,19.3595562,37.00561523,56.93433762,65.63864899,69.81809998,88.38596344,95.8855896,94.96803284,155,BOL-ADM3-33444609B98511044,Huatajata
156,286.4619751,352.8297119,437.8101501,514.0280762,596.0721436,937.1880493,1080.98999,1136.221436,1140.890015,156,BOL-ADM3-33444609B79531063,Laja
157,230.5983429,313.8102722,355.9749756,477.8713379,615.5413818,627.9157715,622.7394409,677.1623535,636.7384033,157,BOL-ADM3-33444609B83826918,Mecapaca
158,68.89497375,100.7222748,103.3876648,144.6803284,202.5649414,290.8546753,263.9933472,316.4266357,305.1430359,158,BOL-ADM3-33444609B56483619,Palca
159,1086.841919,1335.421997,1398.255737,1655.518799,1902.650757,2074.024414,2106.76001,2294.787109,2398.347168,159,BOL-ADM3-33444609B1863080,Achocalla
160,27863.10156,31083.73047,34274.17578,46299.22266,43193.91797,44343.70313,42317.66016,43874.46094,42747.93359,160,BOL-ADM3-33444609B30011805,El Alto
161,27.10211182,30.46984291,26.50709724,31.54822922,33.92401886,41.17572021,39.34155273,31.95868683,31.88511276,161,BOL-ADM3-33444609B40374901,Yacachi
162,146.0670776,169.6096497,175.6422729,219.4197388,217.6456909,385.2346497,384.1391602,352.8829346,287.8832397,162,BOL-ADM3-33444609B99579203,Tapacarí
163,99.41894531,111.1688919,142.4783783,133.432251,188.0883942,218.2320404,260.9794617,270.9215393,285.8531799,163,BOL-ADM3-33444609B26061868,Desaguadero
164,17.65001678,15.61551857,11.05765343,21.30471802,28.55106354,78.96850586,115.9489594,150.1389313,149.494278,164,BOL-ADM3-33444609B81723104,Jesús de Machaka
165,135.9910431,159.5913849,158.2644043,184.3091736,216.2499847,243.3830261,222.0088196,224.3242188,238.3081055,165,BOL-ADM3-33444609B3928389,Puerto Mayor de Guaqui
166,14.02548599,14.6553154,11.97938061,14.43697166,29.22414207,32.39878082,37.61925507,53.57617569,55.41180038,166,BOL-ADM3-33444609B83959891,Tito Yupanqui
167,239.8133545,278.784729,351.3554077,481.5275269,565.2590332,762.041687,801.4022217,836.2322998,855.5523071,167,BOL-ADM3-33444609B86182822,Pucarani
168,7.450750828,8.916674614,5.858796597,6.330197334,11.40902996,20.85613632,26.12861061,25.55627441,23.15448761,168,BOL-ADM3-33444609B86015105,Combaya
169,19.28700256,25.46230507,22.73168755,37.15821075,30.52145195,27.23008537,30.52412796,25.04232407,31.22580338,169,BOL-ADM3-33444609B70122176,Coroico
170,16.08307266,16.15525436,16.10698891,19.77866745,25.15010834,25.39240837,33.65912628,28.47174263,34.4490509,170,BOL-ADM3-33444609B52332460,Coripata
171,2.493791103,3.869234085,3.071114063,8.829081535,15.64606285,20.65351105,22.78474998,19.71651649,19.33279037,171,BOL-ADM3-33444609B75079070,Quiabaya
172,,,0.412550598,0.268067539,0.801815569,0.516214907,3.426148653,2.754722118,2.454676628,172,BOL-ADM3-33444609B51912538,Aucapata
173,89.50704956,112.2217865,78.66641235,93.89097595,123.7968445,220.5376282,193.9885864,192.1177216,186.4233093,173,BOL-ADM3-33444609B77019342,Ayo Ayo
174,7.501128197,9.685660362,8.969273567,10.34753227,15.93961525,49.50740051,44.37132645,39.3273201,36.77718735,174,BOL-ADM3-33444609B52543177,Azurduy
175,0.398166716,8.660273552,6.307739258,13.53831005,12.42726707,10.62586784,17.4410553,25.14673424,15.00975132,175,BOL-ADM3-33444609B93497004,Tipuani
176,17926.41797,19314.06641,19743.25,21014.37305,22340.61328,21860.39258,21107.66797,23058.20117,22317.67383,176,BOL-ADM3-33444609B95766629,Nuestra Señora de La Paz
177,35.8377037,57.03723907,66.07197571,64.35380554,80.44769287,113.6604156,109.3701019,104.4855499,95.2959137,177,BOL-ADM3-33444609B93873258,Sorata
178,16.66881943,26.76102829,23.75722885,15.62111855,19.66298294,24.77057076,32.25737381,27.48054504,28.58602524,178,BOL-ADM3-33444609B25803532,La Asunta
179,6.416764259,9.291563034,8.297284126,12.7573967,21.79156685,36.35777283,32.83161545,28.44805145,21.79483032,179,BOL-ADM3-33444609B88180595,Chuma
180,11.59177589,17.12009048,16.63773727,21.87436104,33.08971405,39.43580627,62.15314865,49.66441727,48.51238632,180,BOL-ADM3-33444609B33390960,Guay
181,0.999046147,1.310852289,11.09638786,25.21134949,15.13187599,19.30753136,16.16427612,21.32097054,21.04379654,181,BOL-ADM3-33444609B45650655,Teoponte
182,,14.05909824,57.48044586,64.17734528,74.31826782,164.5753632,204.5067596,204.4751282,136.6838531,182,BOL-ADM3-33444609B90372031,Mapiri
183,8.385679245,12.56917,12.2105217,14.13104248,10.31335735,16.7178936,13.32965183,13.75187492,10.35375595,183,BOL-ADM3-33444609B50407902,Charazani
184,51.40694427,38.39509583,34.25865555,43.83138275,38.91169739,64.26210785,63.85623169,57.41655731,62.00657654,184,BOL-ADM3-33444609B73754741,"Caiza ""D"""
185,262.1165466,300.5241699,344.9272766,364.5403137,418.9321594,454.926239,396.7390442,442.1600647,368.5272522,185,BOL-ADM3-33444609B22177467,Copacaba
186,34.82785797,36.38380432,32.56913757,28.20160294,34.1856842,41.00331879,40.6961441,38.34923553,43.72373581,186,BOL-ADM3-33444609B65808761,Tarvita
187,59.58877945,65.84397125,86.49038696,97.20810699,89.20851898,131.3845215,150.0416107,140.2739716,169.2949829,187,BOL-ADM3-33444609B42666607,Chaquí
188,83.22698212,91.50006866,73.49132538,76.77240753,56.9059639,97.58668518,92.20262146,84.57938385,97.53500366,188,BOL-ADM3-33444609B15997979,Pu
189,4.871544361,5.755950928,10.22281551,20.43292999,21.21196938,42.87783051,47.93750763,42.1190567,51.21813202,189,BOL-ADM3-33444609B30593293,Ckochas
190,7.825002193,7.042284012,8.952985764,11.01994991,6.736510754,13.13815975,11.93887424,11.91497898,12.55046368,190,BOL-ADM3-33444609B60642341,El Villar
191,12.44533253,18.70301056,37.90149689,24.50272751,114.2337341,244.6413422,889.5731812,1130.103638,1658.898438,191,BOL-ADM3-33444609B90845226,Huacaya
192,5.541749001,7.657502174,4.258034706,10.27308655,8.294557571,23.78709221,26.03403091,27.15145874,28.40510941,192,BOL-ADM3-33444609B27309972,Tacacoma
193,9.58648777,14.18243217,25.75652695,41.0868187,59.69202423,86.576828,81.52360535,71.46255493,71.06763458,193,BOL-ADM3-33444609B13482689,Huacareta
194,336.4688721,408.3822327,1116.308716,489.9689941,1159.674683,1178.344116,590.7446899,556.9973145,562.3323975,194,BOL-ADM3-33444609B9106763,Monteagudo
195,5974.108398,6539.210449,7761.248535,9164.475586,10894.01563,11524.9834,11084.22363,11206.37109,11199.07715,195,BOL-ADM3-33444609B51923126,Potosí
196,72.79319,74.87194061,66.85990143,69.59973907,118.9000397,183.4415741,166.5408325,172.6466827,193.5623779,196,BOL-ADM3-33444609B67965715,San Pedro de Tiqui
197,450.6703796,250.9802399,1741.79834,911.3369141,5092.758301,1447.339844,1389.900757,1385.171631,1199.919556,197,BOL-ADM3-33444609B6445025,Lagunillas
198,6.534623146,11.7901659,40.46871185,43.78504944,65.72855377,51.78201294,44.477211,65.23143005,72.99459839,198,BOL-ADM3-33444609B92818499,Alcalá
199,15.22247124,17.73542595,31.39711952,43.11337662,49.76893616,57.19953918,59.32530594,67.08874512,71.99954987,199,BOL-ADM3-33444609B9397800,Sopachui
200,8.119070053,9.224919319,13.08549213,14.48775864,11.63904572,23.68233299,24.61771584,18.54218674,24.84511185,200,BOL-ADM3-33444609B74292684,Villa Ricardo Mugia - Icla
201,132.8106537,204.5148163,178.3946381,191.1071777,187.9711761,382.1737366,410.3505249,361.7312622,437.8277588,201,BOL-ADM3-33444609B38543160,Yotala
202,47.35414124,62.64738083,72.86565399,89.76125336,77.71205139,116.082901,148.6418304,155.0195313,168.0247192,202,BOL-ADM3-33444609B32418048,Yamparáez
203,41.31007767,53.83995819,77.85513306,70.41719818,66.88842773,73.93070221,69.45547485,87.15414429,86.66688538,203,BOL-ADM3-33444609B38412786,Tomi
204,9.055722237,7.943732262,6.890295982,9.903738022,10.6672039,17.76813126,33.30394745,36.50312042,43.44135284,204,BOL-ADM3-33444609B72440734,Ocurí
205,86.67775726,87.71430969,79.22822571,92.28730774,83.30162811,106.3598404,106.5350571,98.85475922,97.49482727,205,BOL-ADM3-33444609B73936756,Tarabuco
206,28.47896385,30.30323792,73.35678864,108.5482254,122.7247543,157.0567932,165.8577881,191.3479614,194.710022,206,BOL-ADM3-33444609B5472183,Zudañez
207,0.327712595,2.124549389,3.286351681,1.829484463,5.630438805,8.610377312,10.91967487,7.070752621,5.382316589,207,BOL-ADM3-33444609B88989469,Curva
208,33.79153442,43.06834793,30.66404724,33.25373077,30.65977859,72.35775757,66.87640381,59.13682938,62.29091263,208,BOL-ADM3-33444609B30997278,Pelechuco
209,37.49056244,41.32221603,39.68631363,40.45566559,60.41025162,86.81995392,99.64131927,86.90206909,96.4672699,209,BOL-ADM3-33444609B83015549,Palos Blancos
210,20.39220428,26.51461029,24.12291908,31.78486443,36.07888794,43.22282028,43.85459518,57.89575958,50.8136673,210,BOL-ADM3-33444609B25123274,Apolo
211,20.63942146,33.56669617,67.54299164,219.3456268,189.3296204,196.0075684,244.730896,270.2682495,372.258667,211,BOL-ADM3-33444609B4331330,Puerto Menor de Rurrebaque
212,4.382110596,19.98636436,18.24949646,73.91308594,160.5144653,148.711853,196.1259308,157.0045471,129.3335876,212,BOL-ADM3-33444609B85439426,San Bueventura
213,148.7665558,170.9368134,112.9844742,143.3535309,152.3603878,163.2064457,152.1752071,182.2509155,157.2648392,213,BOL-ADM3-33444609B23560373,Santa A
214,143.9946136,213.0978546,242.6446381,284.9134827,344.8963013,362.4034424,412.1216125,410.644104,349.9436035,214,BOL-ADM3-33444609B36751060,San Borja
215,20.70855522,23.80026817,43.88447571,152.4746094,170.4272308,167.1854095,155.4781799,160.3984375,161.3394775,215,BOL-ADM3-33444609B13357475,Reyes
216,17.15509415,28.35394478,18.77854538,19.34542274,18.44318008,24.93501282,20.89489746,13.97220325,15.00133801,216,BOL-ADM3-33444609B85003487,Puerto Gonzalo Moreno
217,,,,,,,,,,217,BOL-ADM3-33444609B80291858,Puerto Siles
218,,,,,,1.066362143,2.239864588,2.850208044,,218,BOL-ADM3-33444609B10458910,Exaltación
219,687.2897034,763.8504333,794.0871277,848.3487549,1236.276978,2117.025635,1479.869934,1424.897583,1485.106934,219,BOL-ADM3-33444609B93314585,Riberalta
220,69.93923187,78.47193146,79.40895844,102.0654602,68.84107971,73.11459351,85.05449677,85.99488831,106.3211975,220,BOL-ADM3-33444609B95419155,Porvenir
221,35.04272079,32.3698082,46.13823324,47.39874291,74.3063221,76.37735319,128.9442225,120.9408274,80.65374184,221,BOL-ADM3-33444609B83803279,Bella Flor
222,11.30049038,7.683633327,12.82679653,6.742112637,22.26898956,26.02499771,20.37086105,10.51809216,12.73650932,222,BOL-ADM3-33444609B11509981,San Pedro
223,,,11.57919312,17.44638824,12.11553478,18.03030014,24.79554939,20.52974701,29.42598152,223,BOL-ADM3-33444609B55981723,Puerto Rico
224,12.96245384,7.613614082,15.78370094,16.59801674,28.12926674,38.04085541,39.74771118,37.54711533,31.14808655,224,BOL-ADM3-33444609B45825141,Santa Rosa
225,,,,,,,,0.135639057,,225,BOL-ADM3-33444609B53699713,Ingavi
226,240.7255937,352.2381154,299.8439891,258.7478418,189.7698714,335.5066036,397.6219866,472.4279719,472.0548354,226,BOL-ADM3-33444609B93580112,Guayaramerín
227,,,3.361013651,,,5.765500546,8.781180382,5.507652283,5.634234428,227,BOL-ADM3-33444609B33507653,Villa Nueva
228,,,,,,,,,,228,BOL-ADM3-33444609B15181859,Santos Mercado
229,61.55467224,47.27072906,15.79130936,25.76978683,6.157341003,8.885169983,24.2795639,24.2713623,8.481838226,229,BOL-ADM3-33444609B91423379,Nueva Esperanza
230,97.73596191,124.825943,134.7401123,121.2157745,137.6725616,169.3046417,161.6059723,162.246582,182.2028656,230,BOL-ADM3-33444609B41664570,Santiago de Huata
231,13.84948349,21.59686852,21.97232819,28.54636192,49.5687561,66.38697052,92.13214111,103.745842,113.9408875,231,BOL-ADM3-33444609B7909722,Puerto Pérez
232,7.97855854,13.39360905,9.322944641,11.29170322,10.02756691,18.88779831,20.65361977,23.55747986,29.05516434,232,BOL-ADM3-33444609B27408509,Chuquihuta Ayllu Jucumani
233,8.352433205,9.506400108,7.891216278,7.733123779,10.55079842,19.59610558,21.53461456,16.29713058,23.28393555,233,BOL-ADM3-33444609B21368266,Bolpebra
234,8.46510911,12.05856061,12.38453245,17.0242424,21.87083912,22.78333092,30.57703781,25.63429403,20.27702284,234,BOL-ADM3-33444609B21491486,Filadelfia
235,4.283973217,7.27497673,3.653873444,2.683000088,5.871190071,16.53133392,15.9681139,10.08389664,10.09085846,235,BOL-ADM3-33444609B19655093,Alto Beni
236,114.1018753,112.6656952,148.6625366,152.3666382,255.187088,280.8384094,281.1999817,273.725708,228.2911987,236,BOL-ADM3-33444609B96037932,Caravi
237,84.28466797,95.82962036,105.8927689,120.2052917,142.2200623,155.9419403,145.4260559,150.0652771,155.7595062,237,BOL-ADM3-33444609B8469227,Huari
238,17.44373322,18.23949623,21.98628044,23.68367386,29.00538826,54.998703,59.10375214,61.45116806,59.46781921,238,BOL-ADM3-33444609B76614989,Bolivar
239,15.41854286,20.95827866,58.81283951,101.8547974,113.028862,129.3478546,137.986145,153.5385742,165.4247894,239,BOL-ADM3-33444609B43692068,Chua Cocani
240,9.422031403,12.13355637,7.184233665,7.177459717,15.12588406,20.31136322,19.43848991,10.67008591,13.00213432,240,BOL-ADM3-33444609B78666461,Humata
241,83.55128479,144.0860291,197.3418579,180.1234589,135.5488129,182.042572,219.4054413,349.072876,668.7138672,241,BOL-ADM3-33444609B92881157,Villa Vaca Guzmán
242,114.2692566,198.0626221,247.7472839,359.1322021,430.2409973,535.1112671,514.5861206,524.5003052,530.7377319,242,BOL-ADM3-33444609B42689736,Batallas
243,50.3470993,55.18845367,60.38628769,63.43157196,86.09966278,106.1856995,102.092659,104.0210114,104.6248779,243,BOL-ADM3-33444609B75760336,Padilla
244,21.63008308,22.13952065,20.57212448,28.90352821,24.391819,27.33533859,26.53148651,29.72751617,20.9521122,244,BOL-ADM3-33444609B69980236,Mojocoya
245,5.250601292,5.76147604,4.251592636,3.852330208,1.517711639,,9.984261513,8.555773735,10.7449007,245,BOL-ADM3-33444609B51772236,Pucará
246,41.9335289,43.76252747,49.40474701,59.31377792,61.30747223,71.51952362,74.12229156,80.85161591,96.65644836,246,BOL-ADM3-33444609B69127220,Villa Serrano
247,477.4469604,664.3217773,523.5842285,425.9573364,383.4276428,346.960083,802.9587402,280.3794556,357.4372253,247,BOL-ADM3-33444609B12353677,Macharetí
248,79.07252502,95.2283783,95.40464783,92.79554749,128.2465363,161.0162964,179.8557281,215.914093,202.4529724,248,BOL-ADM3-33444609B47604355,Boyuibe
249,31.45179367,31.21307945,33.55999756,41.73232651,60.04463196,54.51741409,70.40757751,63.3118248,62.70940399,249,BOL-ADM3-33444609B96934473,Cuevo
250,453.4279785,603.7069702,641.2597656,734.5897217,765.7364502,1150.102173,1151.2677,1129.991577,1036.47229,250,BOL-ADM3-33444609B99493244,Camiri
251,62.54522324,96.42370605,77.13031006,116.6755676,101.512207,191.8270598,201.3658762,193.4177442,183.5701511,251,BOL-ADM3-33444609B83608870,Cocapata
252,98.80442047,124.2009964,141.1574402,171.491333,161.4694366,206.0268555,250.5299225,229.233139,240.8500366,252,BOL-ADM3-33444609B53201147,Vallegrande
253,213.3630371,224.1387634,219.1837769,75.67837524,74.4542923,449.647644,396.3381958,354.3612366,410.033783,253,BOL-ADM3-33444609B32904525,Gutiérrez
254,5685.682129,6423.817383,7984.081055,8973.847656,9269.228516,10294.1416,11473.1582,11217.31836,11184.8291,254,BOL-ADM3-33444609B61390228,Sucre
255,13.5048418,15.99502754,16.34257889,23.06701469,15.41684914,23.87668419,25.09453392,35.5075264,36.68307114,255,BOL-ADM3-33444609B90222474,Presto
256,7.569481373,6.776274204,5.672772884,7.239367485,7.063784599,15.71220589,15.11040878,14.16305542,19.58240128,256,BOL-ADM3-33444609B25796587,Postrervalle
257,3.912223101,4.290680885,3.535186529,5.065162659,2.670789719,9.409848213,5.754650593,7.532829285,12.10453796,257,BOL-ADM3-33444609B52561385,Trigal
258,10.56426525,13.01928234,13.40372753,13.95141888,19.71349907,26.42617416,26.7986393,19.9629631,22.14784241,258,BOL-ADM3-33444609B67865308,Quirusillas
259,889.4796143,1581.258179,1521.745605,1751.354858,1899.55127,2125.027832,1895.804932,1633.255981,1720.970947,259,BOL-ADM3-33444609B3158247,Cabezas
260,1542.579346,2006.974609,2102.561523,2793.871582,2834.579346,3293.008301,3377.554688,3532.674805,3904.968506,260,BOL-ADM3-33444609B36360155,Cotoca
261,809.1060181,1031.467407,1005.082092,1531.858093,1660.857727,1815.269897,2218.013855,2432.400879,2526.647827,261,BOL-ADM3-33444609B82294182,Yapacaní
262,567.5142212,743.6870117,650.7918091,771.0462646,797.2598877,1095.426147,1019.258057,1014.081787,1057.234009,262,BOL-ADM3-33444609B81436946,Cuatro Cañadas
263,70.71569061,102.1090469,103.9056168,97.86215973,120.858696,121.0611649,125.7613373,141.1719055,144.6329803,263,BOL-ADM3-33444609B34841445,San Ramón
264,118.3428345,145.5632782,144.177597,172.4074402,184.3863525,200.8986816,222.6281738,216.0496063,202.8398438,264,BOL-ADM3-33444609B57224915,San Javier
265,49.16641235,50.40175629,43.96186066,60.63414383,71.96616125,86.78187561,93.80895996,102.4360046,98.5501709,265,BOL-ADM3-33444609B78704867,San Miguel
266,303.4596844,399.5405431,384.7178972,490.0496922,589.396843,633.7116795,828.2201042,892.059907,884.7579708,266,BOL-ADM3-33444609B25395901,Villa Turi
267,124.7596436,146.8685455,239.5028687,310.6479797,372.0942383,307.9672241,310.8855591,385.6298523,408.848175,267,BOL-ADM3-33444609B24552917,Chimoré
268,233.4251709,283.2387085,263.5288696,300.4741821,260.3686523,351.0802612,341.8551331,334.8979492,348.590332,268,BOL-ADM3-33444609B18430420,Tiraque
269,162.0743103,169.7648773,176.2588348,274.9360657,326.256897,296.7410278,349.9229126,395.0898132,411.436615,269,BOL-ADM3-33444609B95602913,Shihota
270,2322.42334,2670.357422,2709.157227,3076.493408,3189.952637,3457.322754,3647.417725,3712.634277,3880.543457,270,BOL-ADM3-33444609B71154134,Montero
271,213.6827695,290.0100323,238.8769531,308.3277264,375.0671949,576.6933243,604.8352338,625.5150023,682.5248768,271,BOL-ADM3-33444609B46709169,Ascención de Guarayos
272,13.20810509,21.5441227,16.29779625,28.99645841,33.69612944,74.88845766,110.6287974,103.2909225,110.8976072,272,BOL-ADM3-33444609B55665100,San Andrés
273,122.2513885,170.4206238,187.0486145,191.1001434,178.7949829,288.8462524,296.7513428,295.2235107,319.0721436,273,BOL-ADM3-33444609B36270672,Vacas
274,155.2731934,192.4883118,205.8176575,218.9736938,194.0293427,295.2876587,292.7962341,268.3748474,288.2189636,274,BOL-ADM3-33444609B99795676,Poco
275,396.4351807,624.0982056,475.5164795,519.8624268,370.8574524,658.4550781,777.0053711,816.7698975,826.2000732,275,BOL-ADM3-33444609B439401,Okiwa Uno
276,3441.035889,4165.611816,3962.543457,5028.949707,6080.568359,6542.601074,6710.432617,6890.512207,6767.45459,276,BOL-ADM3-33444609B11056664,Warnes
277,207.9127197,286.3121643,297.4400024,344.1148682,335.6643066,415.8476563,440.7547302,446.2562866,469.5534973,277,BOL-ADM3-33444609B54301679,General Saavedra
278,608.0903015,962.5100403,835.0648651,1082.48674,1081.476707,1517.417686,1413.914352,1495.097733,1743.09166,278,BOL-ADM3-33444609B10251116,Pailón
279,312.0047607,536.7658691,468.9195862,536.765564,460.6333008,576.257019,505.9915161,563.4812012,561.2212524,279,BOL-ADM3-33444609B49773042,Fernández Alonso
280,355.7036438,474.8616943,476.7330933,546.3965454,533.2665405,553.6900635,522.6357422,543.2437744,554.7628174,280,BOL-ADM3-33444609B82751741,Mineros
281,61.43160629,70.94511414,61.84098816,51.90571594,49.15822983,55.22048187,70.95365906,73.6113739,97.6714325,281,BOL-ADM3-33444609B58335505,Pampa Grande
282,79.82692719,92.34908295,99.52632141,110.3189087,115.4912109,148.9557953,164.0416412,131.3486328,149.5574951,282,BOL-ADM3-33444609B78053551,Maira
283,232.4692535,306.5647888,255.168396,402.7456665,389.1802979,487.0302734,488.5099182,510.8269043,533.7839355,283,BOL-ADM3-33444609B66013257,Puerto Villarroel
284,293.6766357,276.3126831,246.5560913,391.3226318,567.5756226,478.698822,516.2803345,476.3731689,485.5133057,284,BOL-ADM3-33444609B84075203,Colpa Bélgica
285,376.5617421,433.3396192,497.2596216,601.0791392,668.4882152,798.1316688,703.0852427,743.4700546,716.2554793,285,BOL-ADM3-33444609B58337466,Puerto Suarez
286,126.9288177,111.2399063,109.435709,120.7314758,112.5039577,146.645607,134.343369,148.6700003,147.7496071,286,BOL-ADM3-33444609B52930702,El Carmen Rivero Tórrez
287,283.5914307,325.4983521,284.2650452,307.3070679,311.7033997,409.8654732,396.0179617,467.5972075,463.330719,287,BOL-ADM3-33444609B32568642,Roboré
288,113.999651,159.2294002,148.7065118,187.7638596,183.0698631,253.1730313,228.6692206,283.9171052,256.9059441,288,BOL-ADM3-33444609B83253902,San Matías
289,464.9856968,642.5619164,533.1795263,579.5168371,763.8122306,789.1893139,792.9923058,728.3538246,862.1616306,289,BOL-ADM3-33444609B85273692,Charagua
290,533.7236261,605.5918884,571.5950832,584.4553947,568.0977211,718.8396499,770.8874493,810.9342126,693.4624462,290,BOL-ADM3-33444609B21156081,San José
291,42.86000061,51.55628967,50.35417938,70.2245636,86.23268127,109.3186417,112.3726959,91.43953705,79.12849426,291,BOL-ADM3-33444609B61104849,San Rafael
292,40.80306244,36.4635582,52.64691162,62.54123688,54.29503632,67.43989563,58.46364594,64.69824219,76.94045258,292,BOL-ADM3-33444609B74694029,Ayopaya
293,562.2474909,605.4975181,653.0837808,638.6646857,671.6407275,786.9424286,789.029758,880.0057076,840.2177819,293,BOL-ADM3-33444609B38230040,San Igcio
294,30.52890587,42.58546066,41.82151031,41.30428696,56.72403717,80.32362366,73.32442474,81.99155426,96.14470673,294,BOL-ADM3-33444609B93004293,Urubicha
295,4.815838337,0.268634409,0.61213696,3.620355606,6.261104703,34.01794434,36.13182163,46.47632933,50.49872303,295,BOL-ADM3-33444609B21187437,Baures
296,1404.999146,1889.101929,1743.358276,2204.548828,2636.816406,2736.977539,2788.713623,3431.897705,3820.573242,296,BOL-ADM3-33444609B59063344,Trinidad
297,6.869549274,7.026273251,5.625118732,7.926729679,9.80655098,21.08339119,18.54797554,21.10402298,14.3618784,297,BOL-ADM3-33444609B54102559,San Antonio de Lomerio
298,36.40356445,53.38897705,58.17359161,76.94082642,57.87546921,96.97024536,115.3019562,115.9442673,142.6152649,298,BOL-ADM3-33444609B66575543,Pojo
299,877.3691406,1158.692017,1095.190063,1329.337524,1348.662842,1650.498779,1643.833862,1779.635132,1712.352905,299,BOL-ADM3-33444609B6351519,Entre Ríos
300,2.997273445,3.786568165,3.04630661,6.802307129,4.382540703,8.530498505,18.65704536,24.6174984,40.31262589,300,BOL-ADM3-33444609B40832379,Poroma
301,198.8410187,210.1914368,218.9273224,261.25,287.8871155,285.8771362,296.5147095,296.4132385,316.1617432,301,BOL-ADM3-33444609B77419578,Colomi
302,6.298677444,6.77915287,5.645687103,8.088313103,7.561806679,11.43040085,7.818500042,13.33806133,15.40554619,302,BOL-ADM3-33444609B47454413,Alalay
303,9.00906086,11.31389332,16.32632446,22.0990715,19.57276917,29.05942154,27.39570045,28.79394913,31.076931,303,BOL-ADM3-33444609B95117685,Vila Vila
304,12.05374229,8.612211436,7.297918081,34.42179519,36.49012148,44.39411455,43.37461901,27.9664669,33.03823465,304,BOL-ADM3-33444609B5346742,Ixiamas
305,2.126713753,2.571874619,7.272317886,6.777575016,4.998254776,9.526968002,7.890570641,1.392008305,3.723568439,305,BOL-ADM3-33444609B73132405,Ayata
306,355.3533134,399.7823048,891.6397858,1397.897751,1668.455494,1921.62822,2022.953568,1987.259911,2006.057022,306,BOL-ADM3-33444609B71435776,Uyuni
307,0.609884918,2.426005363,1.780673504,3.094695091,3.94311142,10.86125374,11.44736671,12.03139496,11.38085938,307,BOL-ADM3-33444609B66511934,Waldo Ballivian
308,19.04161835,21.20429611,23.23684311,44.29433441,88.45671844,128.0530396,113.5810547,115.3011017,120.3243561,308,BOL-ADM3-33444609B68137279,Curahuara de Carangas
309,9.011377335,8.663908005,4.485981464,8.83769989,17.56756783,30.12249756,25.63927078,24.93762207,29.7635498,309,BOL-ADM3-33444609B36186520,Choquecota
310,27.2232914,31.78727722,31.17536163,27.18417549,29.59146881,36.12451935,37.62600327,39.29063797,38.24694061,310,BOL-ADM3-33444609B87640342,Escara
311,3.218821287,5.60868597,6.069694042,6.124593258,7.052793503,13.04382896,11.3361454,10.10763836,12.69458675,311,BOL-ADM3-33444609B79549253,Coipasa
312,3.664292812,8.569881439,8.05705452,7.163149834,3.675639629,8.626794815,7.873919964,6.208662033,10.25175285,312,BOL-ADM3-33444609B48403080,Chipaya
313,47.97114182,75.16823578,101.5812759,97.41529083,113.3952637,162.4366913,204.128067,194.4243469,164.3148041,313,BOL-ADM3-33444609B66088023,Chayanta
314,26.25364685,38.40361023,55.80911255,72.21464539,69.83078003,116.7697601,115.7754211,105.4962006,121.2291183,314,BOL-ADM3-33444609B60563542,Salis de Garcí Mendoza
315,589.9297485,694.7493286,755.9891357,822.0048828,815.0627441,986.237915,1008.054871,1016.243958,1019.057312,315,BOL-ADM3-33444609B90206942,Tupiza
316,204.7159119,246.3393402,248.6933899,374.4432068,392.805542,476.868042,450.8931274,397.2068481,427.0169373,316,BOL-ADM3-33444609B106993,Atocha
317,35.8428421,32.0372963,23.39335442,32.29473114,14.12755871,22.85612869,50.35197449,59.27355194,59.77502441,317,BOL-ADM3-33444609B51545061,San Pedro de Quemes
318,448.1712952,588.4455566,583.9555054,639.9534912,696.914978,936.2165527,1078.315552,1298.044312,1377.78064,318,BOL-ADM3-33444609B42696709,San Julián
319,64.53529692,145.4261208,77.55231643,88.02307856,77.90994644,168.6081972,156.5595741,153.2883158,176.9807043,319,BOL-ADM3-33444609B68632045,El Puente
320,71.08774567,91.5694809,80.15586853,136.3468628,128.4610901,179.9414978,176.2859497,170.4354248,204.7367554,320,BOL-ADM3-33444609B10638383,Comarapa
321,583.5802002,794.4620361,823.1560669,807.0041504,831.5459595,851.6955566,779.8088379,671.3474731,746.0565186,321,BOL-ADM3-33444609B8717747,Bermejo
322,7.07475853,13.63790131,21.61312675,49.88951111,58.86475754,68.72039032,63.6947937,56.55707169,54.86061859,322,BOL-ADM3-33444609B53463626,Villa Charcas
323,72.66196442,67.68835449,57.93096924,71.35396576,74.21589661,118.5640106,106.4312897,97.43195343,89.01013184,323,BOL-ADM3-33444609B82635532,Puerto Acosta
324,43.64456177,62.81574249,48.06945038,57.36855316,78.27124786,100.6465073,106.3028564,113.3171234,114.5818253,324,BOL-ADM3-33444609B17656422,Escoma
325,11.2884264,11.92237091,11.69764233,13.14610386,12.72970963,20.58392334,18.28253937,12.89990997,13.8289547,325,BOL-ADM3-33444609B71044330,Charaña
326,137.740036,173.0336609,186.8313599,270.2729492,383.3829346,429.5480347,404.5601196,399.8363037,421.5315552,326,BOL-ADM3-33444609B93991773,Achacachi
327,17.90144157,26.11698341,30.39026833,41.25656891,43.80315781,58.74608994,56.88742447,59.11622238,67.27662659,327,BOL-ADM3-33444609B13753118,Taraco
328,2.779325008,5.372317791,5.110013962,4.621528149,8.579849243,52.03418732,65.22041321,58.1960144,46.72729492,328,BOL-ADM3-33444609B75690871,La (Marka) San Andrés de Mach
329,31.12160873,42.83644485,38.94025421,34.39108658,24.50972176,41.94655991,40.99007416,32.66646957,34.29178619,329,BOL-ADM3-33444609B31051948,Tacobamba
330,350.5415344,462.6855469,645.2603149,651.1745605,666.0039673,735.3018188,779.324585,746.9953003,793.9743042,330,BOL-ADM3-33444609B24985970,Challapata
331,493.9969482,503.0652161,494.079895,525.067688,589.894165,591.8378296,589.8947754,594.8916626,600.0656738,331,BOL-ADM3-33444609B93024851,Uncía
332,25.30270004,32.01821136,52.70301056,56.141716,95.54995728,125.2225342,125.0736694,115.3559723,132.255188,332,BOL-ADM3-33444609B54083051,Ravelo
333,146.1912384,170.441391,173.8189087,217.2516937,195.8210144,292.3218994,299.4880371,323.8912964,334.5559692,333,BOL-ADM3-33444609B27870252,Mizque
334,8.803188324,12.84436226,13.8305769,18.82489777,15.36214352,26.92344093,27.28708649,23.43904877,27.60408974,334,BOL-ADM3-33444609B5020991,Pasorapa
335,82.04386711,96.16581345,97.06711769,111.6592484,87.52114487,212.8149529,273.6003799,283.2578087,307.3944969,335,BOL-ADM3-33444609B93401902,Cotagaita
336,103.9994354,129.1137238,136.4118652,122.0707245,117.282135,118.8072205,132.2859192,144.4663391,170.5336456,336,BOL-ADM3-33444609B61161865,Camargo
337,341.4621887,455.8347778,577.9608154,643.3421631,700.6921387,834.3222656,936.8456421,1013.936584,990.4943237,337,BOL-ADM3-33444609B2211567,Villazón
338,235.2013245,257.8866272,272.4214172,275.4935608,242.9045563,327.7105103,323.7104187,277.4584045,254.8081665,338,BOL-ADM3-33444609B28920794,Padcaya