asdf_id,shapeName,co2015,co2016,co2017,co2018,co2019,co2020,shapeID,tr100_co2015,tr100_co2016,tr100_co2017,tr100_co2018,tr100_co2019,tr100_co2020,tr400_co2015,tr400_co2016,tr400_co2017,tr400_co2018,tr400_co2019,tr400_co2020,tr6_co2015,tr6_co2016,tr6_co2017,tr6_co2018,tr6_co2019,tr6_co2020
0,Esmeralda,400.66104,402.3187,404.97272,406.84192,408.98264,410.99747,BOL-ADM3-33444609B20338026,400.55966,402.63971,404.73151,406.83301,408.94446,411.0661,400.56021,402.63989,404.73074,406.83206,408.94409,411.06708,400.55298,402.63318,404.74173,406.84543,408.94797,411.05276
1,Santuario de Quillacas,398.69547,402.18451,404.49866,406.6488,408.32587,410.74161,BOL-ADM3-33444609B53994240,399.41489,401.71478,404.02039,406.32953,408.64407,410.96948,399.42441,401.71268,404.0123,406.32236,408.64389,410.97791,399.27704,401.74869,404.14139,406.4295,408.64407,410.85287
2,Pampa Aullagas,399.16754,401.31058,403.60504,405.79669,409.45132,410.8764,BOL-ADM3-33444609B27878331,398.98013,401.3797,403.79562,406.22897,408.67975,411.14233,398.97784,401.38046,403.79791,406.23071,408.67877,411.14096,399.01553,401.36859,403.76019,406.20593,408.6973,411.15881
3,Llallagua,398.48608,401.94025,404.03146,407.84589,410.13995,410.9303,BOL-ADM3-33444609B13957296,399.09146,401.66901,404.25723,406.8526,409.44904,412.05106,399.10382,401.66803,404.24701,406.84,409.44592,412.06558,398.91547,401.68222,404.39874,407.035,409.50156,411.83774
4,Caripuyo,399.29892,401.70618,403.43185,408.01205,410.01526,410.72943,BOL-ADM3-33444609B2060227,399.35434,401.80942,404.27899,406.76163,409.24701,411.73758,399.36063,401.81,404.27417,406.7529,409.24371,411.74719,399.26981,401.7933,404.3374,406.89316,409.3042,411.59134
5,Aiquile,398.66403,401.46133,402.02759,405.31924,408.48654,410.39822,BOL-ADM3-33444609B22499454,398.49625,400.83002,403.17899,405.55179,407.94476,410.35223,398.48941,400.8306,403.18591,405.55737,407.94476,410.34598,398.59277,400.82294,403.0773,405.47076,407.95078,410.43951
6,Sacaca,398.90979,401.2915,402.90012,407.246,410.15714,410.60889,BOL-ADM3-33444609B14646898,398.81693,401.34372,403.88748,406.4487,409.01797,411.59369,398.81998,401.34467,403.88574,406.44327,409.01486,411.60019,398.78024,401.3223,403.90173,406.53516,409.07669,411.49265
7,Acasio,397.32861,400.50369,401.30432,404.12729,407.70123,410.0798,BOL-ADM3-33444609B19396342,397.24902,399.72507,402.21753,404.73517,407.27731,409.83795,397.24164,399.72528,402.22482,404.74231,407.27808,409.83014,397.35303,399.72736,402.11206,404.62866,407.27072,409.95074
8,Huanuni,399.31274,401.93454,404.04977,407.40274,409.90747,410.97247,BOL-ADM3-33444609B48998442,399.49738,401.92227,404.35999,406.80878,409.26379,411.7262,399.5033,401.92227,404.35516,406.80197,409.26147,411.73386,399.41641,401.91959,404.42148,406.90771,409.30283,411.60999
9,Huachacalla,400.08362,402.53845,405.00125,406.82037,408.30884,411.77246,BOL-ADM3-33444609B43353864,400.23337,402.42664,404.63058,406.84467,409.0722,411.31647,400.23355,402.42606,404.63,406.84564,409.07376,411.31509,400.2265,402.44046,404.64371,406.82816,409.04413,411.341
10,Santiago de Huari,397.98145,402.04752,404.10184,406.38586,407.85489,410.36188,BOL-ADM3-33444609B12212981,398.9592,401.2865,403.61737,405.94955,408.28552,410.63235,398.97119,401.28363,403.60696,405.94067,408.28531,410.64273,398.78326,401.33319,403.76944,406.07443,408.28433,410.4863
11,PazÃ±a,398.97421,402.51083,404.81644,407.13623,409.99063,411.33441,BOL-ADM3-33444609B81698958,399.6178,402.07794,404.54648,407.02142,409.50351,411.99387,399.62732,402.0762,404.53857,407.01367,409.50177,412.00351,399.48193,402.10342,404.65973,407.13245,409.5285,411.85501
12,Villa Rivero,398.74548,400.55893,404.3255,404.75528,408.48355,411.33661,BOL-ADM3-33444609B39428862,398.50839,400.96115,403.43149,405.91763,408.42728,410.95615,398.50424,400.96152,403.43439,405.92267,408.42844,410.95065,398.56674,400.95923,403.39514,405.83905,408.40564,411.0365
13,Andamarca,400.30893,401.77783,404.38974,405.95758,409.8587,410.61893,BOL-ADM3-33444609B55151365,399.98343,402.16461,404.36093,406.57178,408.79727,411.03082,399.98096,402.16574,404.36307,406.57315,408.79611,411.03003,400.02176,402.14523,404.32623,406.55298,408.82358,411.03943
14,Chacarilla,400.13889,402.64944,404.90283,409.15918,413.2233,412.59103,BOL-ADM3-33444609B33779243,400.11182,402.88898,405.68582,408.50012,411.32178,414.14752,400.1185,402.89014,405.68097,408.49075,411.31705,414.15878,400.02655,402.86478,405.74133,408.64038,411.40887,413.97437
15,Arbieto,397.8739,401.00247,403.42477,405.90387,408.84491,411.3175,BOL-ADM3-33444609B65270572,398.09457,400.72702,403.37454,406.03784,408.71814,411.41513,398.09647,400.72623,403.37302,406.03687,408.71793,411.4165,398.06683,400.73828,403.39627,406.05157,408.72009,411.39395
16,Papel Pampa,401.60245,403.3389,404.43015,405.70145,410.5137,411.31091,BOL-ADM3-33444609B96301403,401.091,403.0892,405.1026,407.13907,409.1994,411.27078,401.07932,403.09055,405.11343,407.14954,409.1994,411.2598,401.258,403.06998,404.94598,406.98572,409.20801,411.42456
17,Umala,399.93509,402.5925,404.35153,407.68973,411.44693,411.77933,BOL-ADM3-33444609B33786797,399.95425,402.47211,405.00565,407.55591,410.11752,412.68597,399.95673,402.47269,405.0043,407.552,410.11456,412.6911,399.92337,402.46118,405.01703,407.6142,410.16876,412.60687
18,Oruro,400.28693,402.77014,405.21191,406.55618,409.1196,411.40256,BOL-ADM3-33444609B89522171,400.48172,402.6322,404.79211,406.96106,409.14282,411.33688,400.48306,402.63144,404.79077,406.96106,409.14322,411.33725,400.46036,402.64545,404.81451,406.95892,409.13464,411.33295
19,Huayllamarca,401.0231,403.2468,404.53751,406.11389,411.36865,411.70416,BOL-ADM3-33444609B49437729,400.69931,402.92758,405.17157,407.43774,409.72659,412.02512,400.69147,402.92856,405.17911,407.44476,409.72562,412.01843,400.81415,402.91339,405.0574,407.33459,409.75159,412.11688
20,San Pedro de Curahuara,400.78482,403.1814,405.52109,407.44641,412.49234,411.59488,BOL-ADM3-33444609B90350398,400.85849,403.23358,405.62198,408.02237,410.43268,412.84482,400.8627,403.23398,405.6189,408.01752,410.42896,412.85172,400.80289,403.22473,405.65836,408.09378,410.49884,412.73517
21,Sicaya,400.77203,401.88153,403.621,404.83536,410.31735,411.25586,BOL-ADM3-33444609B28043407,399.85718,402.05972,404.28363,406.53671,408.82007,411.11746,399.84119,402.06219,404.2981,406.55066,408.82007,411.10275,400.08835,402.02158,404.07471,406.33746,408.82886,411.32431
22,Puerto Quijarro,398.44882,403.08163,403.33109,406.0903,408.95456,410.95529,BOL-ADM3-33444609B22047407,399.23666,401.58646,403.94217,406.31073,408.69318,411.08823,399.24011,401.58417,403.94025,406.30975,408.69318,411.09021,399.1828,401.62839,403.97009,406.32101,408.69318,411.06216
23,Capinota,399.8317,401.16803,403.19742,405.19339,410.85245,411.19205,BOL-ADM3-33444609B45253703,399.01038,401.46793,403.94891,406.45877,408.99576,411.54523,398.9986,401.47043,403.95969,406.46771,408.99438,411.5358,399.18298,401.42621,403.78696,406.33087,409.02969,411.67004
24,Arque,400.69821,400.94403,402.96744,404.95984,409.86502,411.10864,BOL-ADM3-33444609B98674568,399.37262,401.62149,403.89651,406.20438,408.54276,410.89697,399.35376,401.62534,403.91327,406.2193,408.54276,410.88031,399.64752,401.56003,403.65103,405.99429,408.55444,411.12766
25,Corocoro,399.82083,402.30295,405.0188,406.56137,410.42209,411.21774,BOL-ADM3-33444609B17270625,399.9859,402.33282,404.69156,407.06064,409.44122,411.82947,399.98972,402.33243,404.68848,407.05734,409.43948,411.8342,399.93384,402.33646,404.73517,407.10587,409.46976,411.76056
26,San Benito,398.3244,400.04089,402.9382,405.2796,408.2236,410.59961,BOL-ADM3-33444609B19104054,397.96228,400.44583,402.94873,405.47055,408.01089,410.56735,397.95868,400.44699,402.95181,405.47308,408.01071,410.56461,398.01505,400.42789,402.9053,405.43616,408.01401,410.60709
27,Sapahaqui,400.91425,402.59924,405.022,404.68063,409.64807,409.81458,BOL-ADM3-33444609B66518212,400.80096,402.6445,404.49768,406.36111,408.24112,410.12671,400.79791,402.64468,404.50037,406.36517,408.24054,410.12357,400.84607,402.64334,404.45969,406.2991,408.25668,410.16739
28,Cairoma,398.42618,401.54495,404.24384,407.09088,408.97391,409.7803,BOL-ADM3-33444609B10766550,399.15292,401.49207,403.83759,406.1825,408.52368,410.86777,399.16833,401.49054,403.82431,406.16797,408.52075,410.88461,398.93448,401.51254,404.02481,406.3923,408.56946,410.62335
29,Colquiri,399.41861,402.65134,403.77164,407.42572,409.45819,411.75458,BOL-ADM3-33444609B98493674,399.64313,402.06644,404.50192,406.9537,409.41782,411.89566,399.64429,402.06586,404.50153,406.95233,409.41742,411.89703,399.62598,402.07428,404.50385,406.97406,409.42621,411.87405
30,Ichoca,399.74228,403.00964,404.34839,408.28726,410.06979,412.23138,BOL-ADM3-33444609B35095185,400.04428,402.52258,405.01297,407.51761,410.03168,412.55789,400.04828,402.52203,405.0101,407.51352,410.0307,412.56241,399.98859,402.53067,405.0491,407.5802,410.04828,412.49002
31,La Guardia,398.68805,400.8399,403.20819,406.03741,409.14307,411.85492,BOL-ADM3-33444609B27516383,398.31842,400.94623,403.59521,406.26791,408.96378,411.67929,398.31253,400.94739,403.60043,406.27277,408.96417,411.6738,398.40408,400.92999,403.51807,406.20071,408.96164,411.75684
32,Moromoro,398.64563,400.65573,401.87473,405.0517,407.92914,409.0773,BOL-ADM3-33444609B65462728,398.38663,400.56061,402.74915,404.95581,407.17557,409.40433,398.38321,400.56177,402.75281,404.95737,407.17441,409.40259,398.43848,400.54227,402.69077,404.93652,407.2012,409.4231
33,El Torno,398.94943,401.49753,403.4111,405.5545,409.53604,412.28439,BOL-ADM3-33444609B3283622,398.61407,401.21896,403.84415,406.49619,409.17737,411.88016,398.60477,401.21973,403.8526,406.50531,409.17834,411.87012,398.74716,401.21112,403.72302,406.36325,409.16293,412.02374
34,Samaipata,399.51932,401.58994,402.98322,405.44983,408.89182,410.95663,BOL-ADM3-33444609B3665426,399.11087,401.39941,403.70514,406.03436,408.38599,410.75339,399.10211,401.40057,403.71323,406.0419,408.38638,410.74496,399.23819,401.38333,403.58542,405.92441,408.38461,410.87326
35,San Lucas,398.29236,401.07739,402.74765,405.90912,408.07138,409.66263,BOL-ADM3-33444609B75362770,398.52228,400.81683,403.12228,405.43884,407.76312,410.09641,398.52628,400.81644,403.1192,405.4346,407.76175,410.10147,398.46622,400.82123,403.16208,405.50131,407.7851,410.02383
36,Culpina,397.91974,401.56479,402.4357,405.83029,407.57535,409.62177,BOL-ADM3-33444609B89526883,398.45978,400.72757,403.00272,405.28848,407.58176,409.88525,398.46469,400.72623,402.99908,405.28421,407.58096,409.89014,398.38663,400.75052,403.0527,405.34781,407.59146,409.81625
37,Incahuasi,397.77753,401.34848,402.33636,405.88403,407.58475,408.86774,BOL-ADM3-33444609B77799107,398.41931,400.63071,402.84805,405.07169,407.29752,409.52872,398.42804,400.62936,402.84094,405.0636,407.29556,409.53827,398.29279,400.65268,402.94296,405.19107,407.32663,409.38989
38,San Juan,399.47958,402.76166,402.71439,405.24429,411.71603,409.31732,BOL-ADM3-33444609B36544235,399.61282,401.83105,404.06027,406.30859,408.57062,410.83017,399.61206,401.83145,404.06277,406.30801,408.56616,410.8331,399.6254,401.82492,404.01324,406.31714,408.65674,410.77609
39,Tinguipaya,397.34729,401.41452,402.61261,405.36029,407.06906,409.95633,BOL-ADM3-33444609B69045844,398.06174,400.40955,402.76413,405.1279,407.50266,409.89209,398.06683,400.40744,402.75989,405.125,407.50323,409.8956,397.98181,400.44754,402.82559,405.16733,407.4906,409.845
40,San Pedro,398.0578,400.50916,402.96652,405.63278,408.94809,410.42636,BOL-ADM3-33444609B29777572,398.03192,400.56729,403.1192,405.68735,408.26993,410.86444,398.03305,400.56769,403.11844,405.68561,408.26859,410.86679,398.0177,400.56079,403.12668,405.71365,408.29428,410.82721
41,Villa Ancoraimes,398.84143,403.26926,405.02524,407.23419,408.96161,412.21225,BOL-ADM3-33444609B4195370,399.78036,402.22827,404.68152,407.1412,409.61151,412.09802,399.78836,402.22519,404.67459,407.13654,409.61249,412.1037,399.65762,402.27948,404.78613,407.20197,409.59122,412.02454
42,"Colcha ""K""",398.95541,402.1441,403.96268,406.11154,409.10587,411.05273,BOL-ADM3-33444609B80268637,399.2757,401.63837,404.01172,406.39774,408.79767,411.21039,399.2778,401.63739,404.01038,406.39697,408.79745,411.21194,399.24561,401.65503,404.03195,406.40762,408.80215,411.18921
43,Puerto Mayor de Carabuco,398.56448,402.59665,404.28162,407.71591,409.38724,412.17093,BOL-ADM3-33444609B33602201,399.23972,401.84409,404.45853,407.08392,409.71915,412.36926,399.24713,401.84216,404.45255,407.07809,409.71875,412.37616,399.1297,401.87457,404.54666,407.16876,409.7215,412.27393
44,Sabaya,399.65643,402.07571,403.60767,406.20239,408.89322,410.88571,BOL-ADM3-33444609B55181457,399.5892,401.82224,404.06854,406.33145,408.60941,410.90012,399.58655,401.82245,404.07123,406.33359,408.60919,410.89755,399.62732,401.81918,404.02789,406.2995,408.61349,410.93323
45,Loreto,398.70633,401.24063,402.99542,405.68661,407.7868,410.10895,BOL-ADM3-33444609B74955412,398.77454,401.0162,403.26993,405.53726,407.81699,410.1095,398.77454,401.0162,403.27032,405.53726,407.81699,410.10928,398.77472,401.01929,403.26532,405.53766,407.81757,410.11008
46,Tomave,398.35669,401.79343,403.57248,406.70352,408.81384,410.29269,BOL-ADM3-33444609B79735413,398.93753,401.32132,403.71359,406.11298,408.51685,410.92871,398.94647,401.31998,403.7063,406.10483,408.51511,410.93811,398.81009,401.34143,403.81546,406.22995,408.54355,410.79059
47,Porco,398.4425,401.68201,403.12857,407.11215,408.1514,410.05814,BOL-ADM3-33444609B50648219,398.94855,401.2645,403.58887,405.92053,408.25397,410.59534,398.95731,401.26355,403.58176,405.9118,408.25241,410.60495,398.82455,401.27884,403.68607,406.04849,408.27792,410.45578
48,Villa Montes,397.414,401.64786,402.26532,405.45294,408.74152,409.41867,BOL-ADM3-33444609B43551685,398.1312,400.52985,402.93549,405.35226,407.7775,410.20944,398.13821,400.52814,402.93048,405.34647,407.77536,410.21686,398.03079,400.55792,403.00101,405.43402,407.81366,410.09836
49,Yocalla,397.26624,401.40555,403.06995,405.75293,407.629,409.30515,BOL-ADM3-33444609B55738046,398.24454,400.57092,402.90109,405.23322,407.56735,409.90891,398.25726,400.56845,402.89032,405.22296,407.56601,409.9212,398.06021,400.61313,403.05347,405.37796,407.58545,409.73596
50,Urmiri,396.94879,401.4614,403.14255,406.43002,407.73373,409.74875,BOL-ADM3-33444609B4133228,398.08829,400.54706,403.00925,405.47269,407.936,410.40762,398.10385,400.54398,402.99619,405.45975,407.93445,410.4227,397.86322,400.59479,403.19666,405.65698,407.95486,410.19437
51,Mocomoco,398.40009,401.74963,403.32922,406.66452,408.64752,411.94806,BOL-ADM3-33444609B8281684,398.59753,401.18549,403.78848,406.40976,409.04901,411.70773,398.59695,401.18491,403.78928,406.41092,409.04977,411.70618,398.60361,401.19791,403.77637,406.39404,409.03613,411.73013
52,Saipina,397.16089,400.2131,400.9252,403.52026,407.09711,410.23752,BOL-ADM3-33444609B21235771,396.91028,399.39166,401.89084,404.41916,406.97815,409.56015,396.89838,399.39206,401.90198,404.43112,406.9801,409.54669,397.07858,399.39166,401.73145,404.24487,406.95099,409.75296
53,Omereque,398.67438,400.96579,402.49454,404.51733,408.23309,411.26904,BOL-ADM3-33444609B25995685,398.2081,400.63663,403.08459,405.56049,408.06656,410.59494,398.19537,400.6376,403.09595,405.57266,408.06848,410.58124,398.38681,400.62573,402.92355,405.38336,408.04047,410.79138
54,Porongo,398.8049,402.62335,404.61163,406.10944,409.30713,411.41296,BOL-ADM3-33444609B55124296,399.45071,401.84909,404.25528,406.67068,409.09991,411.5423,399.45547,401.84695,404.25125,406.66837,409.09991,411.54562,399.37643,401.88492,404.31659,406.69608,409.09641,411.49734
55,Santa Cruz de la Sierra,398.13211,401.83102,403.8519,405.88062,408.02582,410.20813,BOL-ADM3-33444609B6878387,398.87589,401.17935,403.48883,405.80307,408.12433,410.45676,398.88425,401.17725,403.48169,405.79706,408.12415,410.46399,398.75171,401.2157,403.59467,405.8851,408.12589,410.35538
56,San Ignacio,399.16882,401.88455,403.836,405.4942,407.54407,409.85822,BOL-ADM3-33444609B3318455,399.49509,401.53897,403.59003,405.64828,407.71683,409.79633,399.49774,401.53802,403.58771,405.64731,407.71722,409.7977,399.45605,401.55811,403.62466,405.66144,407.70789,409.77759
57,San Javier,398.43094,402.13358,403.24911,406.54404,408.40985,412.14072,BOL-ADM3-33444609B8905284,398.70627,401.26181,403.83084,406.41965,409.02853,411.65887,398.70419,401.26086,403.83316,406.42273,409.02988,411.65494,398.73193,401.2821,403.79987,406.37314,409.00238,411.71658
58,San Pedro,398.56201,400.99219,403.37631,406.65768,410.48264,409.44312,BOL-ADM3-33444609B2142879,398.76996,401.21686,403.67664,406.14511,408.61447,411.08255,398.78003,401.21722,403.66855,406.1333,408.60959,411.09686,398.63269,401.2048,403.78195,406.31808,408.70041,410.86816
59,Cajuata,397.35535,402.60959,403.51199,409.86102,410.74384,410.12936,BOL-ADM3-33444609B87038976,398.91299,401.63071,404.3511,407.06781,409.76645,412.45935,398.94229,401.62762,404.327,407.03891,409.75958,412.49277,398.4989,401.67072,404.68152,407.49234,409.87332,411.97266
60,Inquisivi,398.22684,402.80841,404.1185,408.69595,410.71744,410.42816,BOL-ADM3-33444609B59519836,399.43719,401.99396,404.55457,407.11517,409.66681,412.21652,399.45871,401.99149,404.53702,407.0946,409.66193,412.24069,399.13293,402.02808,404.79712,407.41541,409.74768,411.86325
61,Irupana,396.33337,402.11911,403.62381,408.33612,407.87457,408.92142,BOL-ADM3-33444609B26067698,398.42615,400.88297,403.33377,405.7692,408.18292,410.59436,398.45978,400.87781,403.30493,405.7392,408.17865,410.62863,397.94159,400.96075,403.74133,406.20206,408.24191,410.10266
62,Chulumani,394.2218,400.95093,403.13123,407.86322,406.52435,408.27063,BOL-ADM3-33444609B18902401,396.88455,399.54709,402.20026,404.83072,407.43405,410.03656,396.92712,399.54025,402.16345,404.79364,407.42999,410.0788,396.27243,399.6521,402.7261,405.36096,407.48672,409.43674
63,PoopÃ³,399.17474,402.23508,404.60779,406.56589,409.7598,411.29181,BOL-ADM3-33444609B62162538,399.54102,401.95276,404.37521,406.80762,409.25153,411.70596,399.54596,401.95178,404.37115,406.80392,409.25055,411.71088,399.47165,401.96829,404.43246,406.85825,409.26752,411.63589
64,Totora,400.12778,402.42297,404.69003,408.09937,412.49167,411.36575,BOL-ADM3-33444609B19359116,400.13165,402.67426,405.233,407.8053,410.38318,412.96136,400.13834,402.6752,405.228,407.79636,410.37827,412.97241,400.04428,402.65295,405.29214,407.93854,410.47064,412.79028
65,Betanzos,398.26187,400.9527,401.20786,405.24084,407.41302,409.94727,BOL-ADM3-33444609B40503271,398.02679,400.32574,402.64008,404.97919,407.33713,409.71133,398.01941,400.32651,402.64755,404.98517,407.33752,409.7041,398.13501,400.31506,402.52759,404.89655,407.33539,409.81079
66,Turco,399.40536,402.418,403.92566,406.41904,409.83475,411.457,BOL-ADM3-33444609B16444652,399.53033,401.92917,404.34106,406.76978,409.21503,411.673,399.52957,401.92899,404.34244,406.77094,409.21445,411.67221,399.54196,401.93512,404.32043,406.75348,409.22733,411.68027
67,Todos Santos,397.67212,401.49146,402.52673,405.61755,408.1734,411.52234,BOL-ADM3-33444609B61346396,397.93552,400.53751,403.15359,405.79126,408.45123,411.13235,397.9325,400.53653,403.15686,405.79532,408.45239,411.12784,397.97327,400.55756,403.10959,405.7309,408.43039,411.19958
68,ConcepciÃ³n,398.88937,402.66791,403.58368,405.97864,408.76263,412.22299,BOL-ADM3-33444609B73204671,399.14645,401.60522,404.07626,406.5683,409.08432,411.62177,399.14151,401.60406,404.08105,406.57489,409.08624,411.6145,399.21136,401.62973,404.01074,406.46866,409.05173,411.73013
69,Santa Rosa,399.08615,401.91019,403.07629,405.64316,411.48724,409.39825,BOL-ADM3-33444609B19125904,399.19766,401.54126,403.89767,406.26947,408.65091,411.02982,399.2009,401.54184,403.89615,406.26462,408.64603,411.03708,399.155,401.53015,403.90848,406.3396,408.74054,410.91284
70,Huacaraje,398.68091,403.13071,402.40747,406.33646,408.28391,411.32993,BOL-ADM3-33444609B59987600,399.15292,401.48364,403.82315,406.18326,408.56204,410.95831,399.14969,401.4823,403.82721,406.18771,408.56302,410.9534,399.19385,401.51312,403.76288,406.11957,408.54355,411.03021
71,La Rivera,398.57574,402.16647,403.34274,406.21158,409.29126,411.0163,BOL-ADM3-33444609B98058544,398.94684,401.39099,403.84625,406.31693,408.80194,411.29941,398.94873,401.39005,403.84549,406.31598,408.80118,411.30118,398.91925,401.40802,403.85666,406.33087,408.81482,411.27295
72,Entre RÃ­os,398.19501,400.61215,403.29068,405.83487,407.91357,410.54681,BOL-ADM3-33444609B65603601,398.26239,400.69891,403.14957,405.61307,408.08911,410.57986,398.2645,400.69873,403.14783,405.61115,408.08893,410.58185,398.23428,400.70084,403.17648,405.64017,408.08911,410.55206
73,San JoaquÃ­n,398.69781,403.52682,403.56122,406.69778,407.96024,411.90918,BOL-ADM3-33444609B85871655,399.5191,401.85443,404.19495,406.54932,408.91949,411.3096,399.52042,401.85175,404.19437,406.55084,408.92166,411.30765,399.49222,401.90543,404.20441,406.51984,408.88031,411.34473
74,San RamÃ³n,398.9342,402.94788,402.76834,406.62857,407.76901,412.01126,BOL-ADM3-33444609B31629000,399.23038,401.58685,403.9541,406.34329,408.75302,411.18527,399.22488,401.58569,403.95969,406.34967,408.75537,411.17743,399.30139,401.61194,403.87631,406.24991,408.7117,411.30197
75,Tiahuanacu,400.61057,402.4707,405.13742,407.41986,410.22156,412.46402,BOL-ADM3-33444609B70300813,400.35858,402.74799,405.15417,407.57709,410.01642,412.47015,400.35611,402.74857,405.15613,407.57864,410.01624,412.4682,400.39523,402.73514,405.12366,407.55356,410.02014,412.49631
76,Colquechaca,397.91635,400.83884,403.66833,405.73944,407.73343,410.2919,BOL-ADM3-33444609B2169284,398.33154,400.73236,403.14343,405.56165,407.98892,410.42953,398.33798,400.7312,403.13766,405.55661,407.98892,410.43521,398.23828,400.75186,403.22916,405.63089,407.98795,410.3493
77,Pocoata,398.34851,401.03656,404.18134,406.1225,408.51782,410.47214,BOL-ADM3-33444609B28265316,398.71805,401.13077,403.55423,405.98401,408.42142,410.86954,398.72546,401.12964,403.5473,405.97745,408.42044,410.87717,398.60931,401.14453,403.65375,406.07581,408.43427,410.76022
78,Llica,398.56845,401.83652,403.2103,405.72638,408.38828,410.12411,BOL-ADM3-33444609B5007094,398.94742,401.21188,403.48517,405.76996,408.06616,410.37259,398.95026,401.21094,403.48325,405.76804,408.06558,410.37534,398.90558,401.22928,403.5119,405.7959,408.07568,410.33463
79,Quillacollo,399.73145,400.54175,402.02582,405.84824,407.73944,410.59216,BOL-ADM3-33444609B2586032,398.76254,400.99118,403.24203,405.52063,407.82047,410.13785,398.74963,400.99405,403.25378,405.52994,407.82104,410.12631,398.95294,400.94357,403.06998,405.39536,407.81561,410.29745
80,Sacaba,397.5491,399.92307,400.66513,404.96106,407.21738,410.54431,BOL-ADM3-33444609B27378021,397.0144,399.5654,402.13834,404.74231,407.37189,410.02383,397.00284,399.56711,402.14908,404.75137,407.37286,410.0127,397.17896,399.54251,401.97998,404.61478,407.35928,410.18069
81,Tiquipaya,398.92361,399.99838,400.41327,405.15829,407.16806,410.6416,BOL-ADM3-33444609B80439797,397.71585,400.07574,402.46176,404.88593,407.33926,409.81567,397.69592,400.07938,402.47998,404.90118,407.34082,409.79712,398.00574,400.02045,402.19376,404.67361,407.32257,410.0788
82,Colcapirhua,398.86151,401.32248,401.59326,405.31927,408.00998,410.93564,BOL-ADM3-33444609B86021401,398.37543,400.73007,403.10342,405.50693,407.93619,410.38571,398.36267,400.73141,403.11554,405.51773,407.93738,410.3728,398.55801,400.71228,402.92722,405.35147,407.92181,410.56714
83,Sipesipe,400.04028,401.22836,402.98697,406.08963,409.5152,410.92264,BOL-ADM3-33444609B57513939,399.28522,401.5943,403.92426,406.27936,408.6546,411.04239,399.27588,401.59662,403.93292,406.28555,408.65363,411.03531,399.42386,401.55353,403.79407,406.1951,408.67603,411.13763
84,Vinto,400.19684,400.96671,402.33862,406.2276,408.16284,410.71545,BOL-ADM3-33444609B63544582,399.23325,401.41663,403.62158,405.85376,408.10565,410.37338,399.22067,401.41949,403.63293,405.86227,408.10587,410.36282,399.41718,401.36765,403.45343,405.73825,408.10703,410.52075
85,Tarata,397.60919,401.06589,403.42114,405.02237,410.56195,411.39209,BOL-ADM3-33444609B91378627,397.80594,400.59595,403.40341,406.23132,409.08273,411.94849,397.80594,400.59537,403.40378,406.23227,409.08139,411.9491,397.80499,400.60587,403.39456,406.21329,409.10968,411.93927
86,Totora,397.27316,401.68185,401.57697,404.03815,407.79108,408.74734,BOL-ADM3-33444609B10790515,397.95068,400.16467,402.38403,404.61728,406.86484,409.12097,397.95239,400.16293,402.38385,404.61746,406.86386,409.12195,397.92206,400.19958,402.38519,404.6105,406.88016,409.10498
87,Buena Vista,397.72537,402.69522,403.98196,404.51263,409.39407,410.22745,BOL-ADM3-33444609B62366677,398.82532,401.18893,403.55521,405.92828,408.31647,410.71381,398.83273,401.18549,403.54944,405.92557,408.31589,410.7189,398.71387,401.24918,403.64044,405.95691,408.32562,410.64175
88,San Carlos,398.39822,403.23248,403.94223,404.05655,410.76132,410.55597,BOL-ADM3-33444609B65201053,399.21326,401.57553,403.94351,406.32547,408.73001,411.14294,399.21439,401.57306,403.94351,406.32819,408.72903,411.14255,399.19232,401.62399,403.94141,406.27335,408.75089,411.14862
89,Magdalena,399.61276,403.04733,402.76007,407.10544,407.81882,410.88394,BOL-ADM3-33444609B24515942,399.86749,401.9863,404.11383,406.25803,408.41364,410.5838,399.86578,401.98572,404.11633,406.2598,408.4144,410.58124,399.89191,401.99973,404.07355,406.23636,408.40155,410.62039
90,Portachuelo,397.97885,403.06262,404.95547,406.04364,409.82785,410.54333,BOL-ADM3-33444609B38843317,399.37949,401.78699,404.19476,406.60126,409.01251,411.42926,399.39529,401.78296,404.18146,406.59021,409.01077,411.44357,399.14835,401.85385,404.38773,406.75116,409.03711,411.22647
91,San Antonio de Esmoruco,398.20853,400.63275,403.24683,405.55194,408.09326,410.45459,BOL-ADM3-33444609B37744367,398.25043,400.67734,403.11862,405.57343,408.04242,410.52545,398.25159,400.67734,403.11765,405.57248,408.04224,410.52664,398.23526,400.67886,403.13324,405.5864,408.04495,410.5094
92,Uriondo,396.30765,400.25571,403.50174,405.63269,407.78854,408.31458,BOL-ADM3-33444609B1106358,397.55884,399.99146,402.42627,404.85312,407.27206,409.69199,397.58179,399.9884,402.40631,404.83304,407.26877,409.71564,397.2316,400.03702,402.7121,405.13834,407.32275,409.3526
93,Mojinete,398.06668,401.42902,403.89734,405.83008,407.43201,410.62433,BOL-ADM3-33444609B85745690,398.64905,400.9971,403.353,405.71521,408.08777,410.47574,398.65512,400.99518,403.34744,405.71155,408.08853,410.47986,398.55707,401.02942,403.43765,405.76514,408.06927,410.41916
94,Yacuiba,397.44009,401.50864,402.34424,405.03766,409.07303,410.49628,BOL-ADM3-33444609B87243497,397.86627,400.42596,402.99774,405.58813,408.19772,410.82077,397.86664,400.42484,402.99832,405.5889,408.19693,410.82077,397.85944,400.44775,402.98505,405.57306,408.21289,410.81821
95,YuncharÃ¡,396.89658,400.32404,401.60156,404.19604,406.60788,409.39249,BOL-ADM3-33444609B234644,397.19977,399.56958,401.95044,404.34705,406.76047,409.19003,397.19922,399.56863,401.95142,404.34879,406.76105,409.18829,397.2049,399.58939,401.9382,404.31931,406.74768,409.21835
96,CaraparÃ­,397.95972,399.76541,404.24075,406.37024,408.85156,410.93839,BOL-ADM3-33444609B75965900,397.96854,400.63779,403.32492,406.02118,408.7265,411.44476,397.97574,400.63797,403.31799,406.01364,408.72516,411.4534,397.86816,400.62994,403.42572,406.13058,408.74814,411.32138
97,San Lorenzo,396.18027,401.1506,402.52304,405.38907,406.7915,409.92126,BOL-ADM3-33444609B88496650,397.34222,399.86121,402.38461,404.91315,407.44922,410.00058,397.35342,399.85794,402.37503,404.90543,407.44962,410.00958,397.17459,399.9201,402.52316,405.01743,407.43716,409.87842
98,El Puente,397.86636,400.20319,402.38922,405.04233,407.74243,410.21667,BOL-ADM3-33444609B59853279,397.72458,400.17572,402.64352,405.12964,407.63345,410.1535,397.72192,400.17612,402.64603,405.13177,407.63364,410.15094,397.76288,400.16943,402.60745,405.09933,407.63345,410.18793
99,Toro Toro,398.44022,400.65161,402.75867,405.43912,408.33136,409.94571,BOL-ADM3-33444609B34120572,398.33875,400.68802,403.05212,405.4321,407.82535,410.22998,398.3382,400.68842,403.05289,405.4317,407.82437,410.23056,398.34769,400.67905,403.03885,405.43848,407.84323,410.21881
100,San AgustÃ­n,399.00555,402.54605,404.59827,406.11905,408.56018,411.63528,BOL-ADM3-33444609B63002823,399.52158,401.86307,404.21326,406.57333,408.94934,411.34216,399.52386,401.86133,404.21115,406.57373,408.95071,411.34216,399.48251,401.89679,404.24835,406.56345,408.92496,411.34668
101,Tarija,396.56595,400.90164,403.31229,405.68604,407.63177,408.88663,BOL-ADM3-33444609B48940768,397.80612,400.21619,402.62799,405.03616,407.44144,409.85126,397.82492,400.21295,402.61185,405.02051,407.4393,409.86981,397.53439,400.26697,402.86111,405.25833,407.47235,409.58633
102,Tahua,399.38931,402.86823,404.78445,406.47006,409.88879,411.41541,BOL-ADM3-33444609B83584775,399.89743,402.24649,404.60416,406.97174,409.35184,411.74268,399.90182,402.24515,404.60068,406.96924,409.35126,411.74643,399.83298,402.27219,404.65469,407.00299,409.3616,411.69006
103,San Pablo,398.34613,401.23651,403.44806,405.78619,408.48343,410.81436,BOL-ADM3-33444609B12022744,398.5354,400.97739,403.43243,405.90137,408.38501,410.88306,398.53671,400.97684,403.4313,405.9006,408.3848,410.88403,398.5141,400.98734,403.44861,405.91046,408.38599,410.86798
104,Las Carreras,396.63666,400.28635,402.41721,404.83832,407.08459,409.84827,BOL-ADM3-33444609B6650687,397.1871,399.70486,402.23288,404.77185,407.32333,409.89072,397.1922,399.70316,402.22845,404.76837,407.32355,409.89462,397.10849,399.73346,402.29926,404.8168,407.31732,409.83521
105,Villa Abecia,396.69336,400.62167,401.55734,404.40619,406.66428,410.35681,BOL-ADM3-33444609B72563416,397.03751,399.55359,402.08197,404.6304,407.20059,409.79282,397.03445,399.55225,402.08502,404.63501,407.20236,409.78754,397.07422,399.58044,402.04074,404.56036,407.16916,409.87195
106,Morochata,400.15091,401.10727,403.52213,407.05069,408.52921,410.82941,BOL-ADM3-33444609B32136747,399.56863,401.7981,404.04581,406.31113,408.58759,410.87619,399.565,401.80002,404.04907,406.31171,408.58679,410.87463,399.62485,401.76248,403.99667,406.30801,408.60025,410.89502
107,Carangas,398.94153,402.49973,403.22464,406.1412,409.04416,410.19101,BOL-ADM3-33444609B11014199,399.39261,401.62552,403.86649,406.11935,408.38229,410.65329,399.39584,401.62457,403.86456,406.11685,408.3811,410.65683,399.34595,401.6441,403.88977,406.15482,408.4043,410.60083
108,Yunguyo del Litoral,400.02264,402.60229,404.6076,406.59763,408.88065,411.54184,BOL-ADM3-33444609B29831186,400.12955,402.3447,404.57117,406.81033,409.06421,411.33255,400.12878,402.34433,404.57193,406.81186,409.06479,411.33078,400.1391,402.35431,404.56268,406.78568,409.05154,411.35922
109,Cruz de Machacamarca,399.75049,402.8439,404.5752,406.76617,408.53165,411.72281,BOL-ADM3-33444609B64125054,400.06735,402.30499,404.55188,406.81033,409.08295,411.3718,400.06793,402.30383,404.5513,406.81128,409.08411,411.37061,400.05478,402.32669,404.5621,406.7944,409.05994,411.3912
110,Antequera,398.90109,402.30197,404.75461,406.8335,410.09818,411.26877,BOL-ADM3-33444609B44425060,399.46613,401.9451,404.43362,406.92963,409.43442,411.94751,399.47452,401.94354,404.42651,406.92264,409.43265,411.95636,399.34518,401.96713,404.5343,407.02707,409.46115,411.82123
111,Nazacara de Pacajes,399.65375,403.32443,404.93265,407.2919,409.37515,411.05042,BOL-ADM3-33444609B30420791,400.40573,402.61243,404.82376,407.03909,409.25894,411.48654,400.4147,402.6105,404.81622,407.03192,409.25797,411.495,400.27402,402.64603,404.93149,407.13751,409.27142,411.36609
112,Caquiaviri,399.61224,403.02631,404.66666,406.97931,409.39081,411.52951,BOL-ADM3-33444609B25496031,400.09656,402.39249,404.69678,407.01074,409.33563,411.67239,400.10056,402.39114,404.69348,407.00803,409.33542,411.67575,400.03549,402.41684,404.74387,407.04492,409.33701,411.62628
113,BelÃ©n de Andamarca,402.44406,402.26035,405.46246,406.52005,409.0191,410.86215,BOL-ADM3-33444609B78062899,401.59027,403.37167,405.16943,406.98126,408.8078,410.6445,401.58243,403.37396,405.17563,406.98709,408.8082,410.63782,401.70731,403.33109,405.0802,406.90228,408.80603,410.73849
114,Corque,401.29349,402.53458,405.23749,406.17126,409.80518,411.45074,BOL-ADM3-33444609B19215102,400.85849,402.92703,405.01068,407.10974,409.22751,411.35709,400.85239,402.92816,405.01569,407.11517,409.22769,411.35138,400.94662,402.90973,404.93845,407.02939,409.22733,411.43887
115,Vitiche,397.25815,400.76599,401.73441,405.06409,408.54608,410.80521,BOL-ADM3-33444609B29766009,397.32254,399.97809,402.65045,405.34763,408.06732,410.80548,397.31854,399.97791,402.65488,405.35147,408.06732,410.80136,397.37918,399.98325,402.58459,405.29022,408.07159,410.86288
116,Luribay,398.92242,401.90088,404.64429,406.08115,408.73535,410.24838,BOL-ADM3-33444609B50583695,399.48117,401.71671,403.95892,406.20419,408.45551,410.7146,399.48996,401.71515,403.95123,406.19742,408.45453,410.72281,399.35605,401.74121,404.07047,406.29776,408.46915,410.59631
117,Machacamarca,399.32047,401.97205,404.30905,406.30099,409.90051,410.94232,BOL-ADM3-33444609B61739549,399.48367,401.85693,404.24277,406.64063,409.05057,411.46948,399.48651,401.85675,404.24045,406.63791,409.04919,411.47321,399.44385,401.86096,404.27246,406.67648,409.07611,411.41437
118,Arampampa,397.77646,400.72311,402.24435,404.11005,408.80585,410.43457,BOL-ADM3-33444609B79352083,397.66864,400.18011,402.70883,405.26105,407.83914,410.43365,397.66199,400.1803,402.71515,405.26779,407.83914,410.42682,397.76175,400.18051,402.61646,405.15997,407.84323,410.52917
119,Sacabamba,398.74084,400.70126,404.21182,405.5213,408.4165,410.78027,BOL-ADM3-33444609B67664908,398.7038,401.0954,403.50189,405.91937,408.35172,410.79843,398.70493,401.0954,403.50037,405.91879,408.3519,410.79941,398.68707,401.09518,403.52652,405.92654,408.34958,410.78607
120,Anzaldo,398.10107,400.75134,402.78442,405.36838,409.02121,410.76022,BOL-ADM3-33444609B24659770,398.01807,400.57227,403.14362,405.73495,408.34567,410.97104,398.01578,400.57263,403.1459,405.73688,408.34488,410.96927,398.05127,400.56711,403.1069,405.70901,408.35989,410.99121
121,Toco,396.95966,400.20679,402.95581,405.09549,408.91013,410.9498,BOL-ADM3-33444609B17865743,397.19315,399.96454,402.75281,405.55835,408.38324,411.22488,397.19543,399.96378,402.75107,405.55701,408.38266,411.22705,397.16,399.97598,402.7793,405.57422,408.39359,411.19373
122,Villa Gualberto Villarroel,398.75259,401.08069,403.50711,405.75812,408.30942,410.65683,BOL-ADM3-33444609B84509711,398.73993,401.09616,403.46631,405.85065,408.24948,410.66251,398.73975,401.09616,403.46649,405.85086,408.24948,410.66211,398.74335,401.09576,403.46381,405.84641,408.24969,410.66583
123,Tacachi,398.72168,401.05841,403.6438,405.74197,408.36136,410.47128,BOL-ADM3-33444609B63808862,398.77567,401.1149,403.46725,405.83188,408.2092,410.59927,398.77701,401.11472,403.46613,405.83072,408.20901,410.60083,398.75589,401.11661,403.48575,405.84833,408.21445,410.57733
124,Cliza,398.013,400.04666,402.97321,405.75342,408.94305,411.31631,BOL-ADM3-33444609B45712919,397.68759,400.38721,403.10843,405.85123,408.61465,411.3959,397.68457,400.38818,403.11093,405.853,408.61426,411.39395,397.73138,400.36926,403.07019,405.8288,408.62381,411.42142
125,Tacopaya,401.05951,401.41998,403.26862,405.62384,409.75278,411.13998,BOL-ADM3-33444609B71410216,399.87131,402.0394,404.2312,406.45297,408.70078,410.96301,399.85492,402.04285,404.24585,406.46536,408.70078,410.94888,400.11029,401.98267,404.01672,406.2782,408.71249,411.15842
126,El Choro,399.25815,402.21268,404.74722,406.07755,409.58154,411.25702,BOL-ADM3-33444609B34376575,399.58044,401.9422,404.31485,406.69781,409.09464,411.50302,399.5835,401.94125,404.31216,406.69629,409.09427,411.50558,399.53415,401.95966,404.35535,406.71625,409.10129,411.46655
127,Toledo,399.77441,401.86511,404.01062,405.72452,409.81445,411.21936,BOL-ADM3-33444609B90107878,399.51987,401.84909,404.19437,406.55899,408.94348,411.34079,399.51489,401.84985,404.19901,406.56326,408.94312,411.33649,399.59109,401.83835,404.12769,406.49426,408.95462,411.40063
128,SantivaÃ±ez,398.13574,401.35764,403.51108,405.43967,409.76074,410.88928,BOL-ADM3-33444609B16998103,398.37979,400.94739,403.52902,406.12634,408.74112,411.36807,398.3815,400.94681,403.52786,406.12555,408.73996,411.37003,398.35547,400.9581,403.5423,406.13602,408.76355,411.33649
129,Paria,400.39203,402.39291,404.47809,406.40515,409.45493,411.10782,BOL-ADM3-33444609B37510264,400.25073,402.41437,404.59103,406.78201,408.98776,411.20432,400.24844,402.41473,404.59314,406.78394,408.98737,411.20255,400.28488,402.40765,404.55862,406.75369,408.99536,411.2298
130,Collana,400.84586,404.04868,405.60263,406.49896,410.10739,410.5658,BOL-ADM3-33444609B66068349,401.44897,403.37512,405.3045,407.23749,409.17795,411.12195,401.45493,403.37338,405.29968,407.2338,409.17679,411.12744,401.3638,403.40436,405.3714,407.28391,409.19806,411.04453
131,Tolata,398.29828,400.61093,403.25156,406.02924,408.74417,411.35342,BOL-ADM3-33444609B94491619,398.1424,400.74649,403.36917,406.01093,408.67059,411.34805,398.14069,400.74689,403.37051,406.0119,408.67059,411.34686,398.16595,400.7381,403.34821,405.99796,408.67313,411.36414
132,Cobija,398.77637,402.83667,405.30737,405.57272,412.0463,410.23325,BOL-ADM3-33444609B30727604,399.71042,402.13736,404.56961,407.00455,409.44708,411.8876,399.72318,402.13507,404.55902,406.99445,409.44281,411.90176,399.52615,402.17401,404.7178,407.14005,409.51895,411.67966
133,Eucaliptus,399.89474,402.13394,404.94083,406.78152,409.90424,411.28262,BOL-ADM3-33444609B21077453,399.9758,402.29926,404.63541,406.98184,409.33896,411.7056,399.97903,402.29926,404.63269,406.97873,409.33777,411.7095,399.93231,402.29926,404.67419,407.02435,409.35886,411.64807
134,Santiago de Callapa,399.61487,402.33423,404.50726,408.75079,411.90005,412.23535,BOL-ADM3-33444609B28630051,399.71326,402.43066,405.16577,407.91617,410.67386,413.43799,399.72012,402.43124,405.16055,407.90741,410.67014,413.44843,399.62103,402.41666,405.23068,408.04904,410.73965,413.28049
135,Cochabamba,397.87576,401.34671,401.71362,405.18896,407.96423,411.18488,BOL-ADM3-33444609B41741681,397.83496,400.35742,402.89627,405.46185,408.0535,410.66663,397.82681,400.35742,402.90436,405.47018,408.05487,410.65723,397.95108,400.36356,402.77835,405.34219,408.0329,410.80273
136,Caracollo,399.4325,402.65994,404.49515,406.59116,409.63586,411.30103,BOL-ADM3-33444609B22900187,399.81866,402.15155,404.49399,406.84756,409.21307,411.58957,399.82211,402.15042,404.49149,406.84543,409.21249,411.59271,399.76855,402.16998,404.53143,406.87646,409.22342,411.54483
137,Catacora,398.85632,400.74402,403.68289,405.70468,408.81491,412.04239,BOL-ADM3-33444609B21007182,398.43298,401.01965,403.62756,406.25824,408.91406,411.59174,398.42593,401.0206,403.63351,406.26483,408.91522,411.58408,398.53348,401.00571,403.54538,406.16409,408.89554,411.70029
138,Yaco,399.11667,402.35916,404.37524,406.67627,409.7879,411.37445,BOL-ADM3-33444609B25632649,399.49738,401.92938,404.37231,406.82663,409.29309,411.77039,399.50156,401.92841,404.36884,406.8233,409.29211,411.77469,399.43567,401.94565,404.41956,406.87143,409.3089,411.70773
139,Calacoto,399.21866,402.79956,404.15393,407.06262,409.78418,412.05704,BOL-ADM3-33444609B93045845,399.57892,402.06757,404.56787,407.08392,409.61523,412.1611,399.58044,402.06662,404.56711,407.08334,409.61502,412.16226,399.55511,402.08578,404.57791,407.09109,409.61816,412.14655
140,Arani,398.26431,401.12006,402.58426,405.90067,407.82031,409.10626,BOL-ADM3-33444609B26131324,398.59659,400.80038,403.01273,405.23398,407.45932,409.69122,398.60266,400.7998,403.00812,405.22778,407.45758,409.69824,398.51279,400.80728,403.07498,405.3252,407.48828,409.58594
141,Punata,398.62109,400.32251,403.41925,405.47263,408.33279,410.45081,BOL-ADM3-33444609B3757470,398.37445,400.77802,403.19839,405.63397,408.08466,410.54913,398.3735,400.77878,403.19916,405.63437,408.08426,410.54874,398.39175,400.76428,403.18802,405.62952,408.09183,410.55286
142,Sicasica,399.80716,402.15335,403.77377,406.06561,409.8447,411.048,BOL-ADM3-33444609B21151286,399.65094,401.94833,404.26068,406.59155,408.93997,411.29922,399.64713,401.94891,404.26434,406.59448,408.939,411.29648,399.7045,401.93973,404.20401,406.5491,408.95813,411.3353
143,Patacamaya,399.56091,402.3157,404.91486,407.64926,409.93134,410.66687,BOL-ADM3-33444609B32005482,400.04657,402.3566,404.67514,406.9968,409.31827,411.64337,400.05801,402.35565,404.66531,406.98553,409.31552,411.65649,399.88388,402.36676,404.81277,407.16022,409.36237,411.45065
144,Colquencha,400.69479,403.25287,405.64627,406.46161,409.99783,410.47162,BOL-ADM3-33444609B19082627,401.0975,403.08652,405.08136,407.07965,409.0845,411.09296,401.10342,403.08536,405.07614,407.07501,409.08295,411.09921,401.01028,403.10342,405.15631,407.14139,409.10928,411.0018
145,Santiago de Machaca,398.79959,401.55231,403.78146,406.3812,408.85602,411.9971,BOL-ADM3-33444609B96911206,398.79584,401.34506,403.91077,406.49503,409.09875,411.72208,398.79355,401.34488,403.91269,406.49756,409.09952,411.71893,398.82645,401.34888,403.88306,406.45761,409.08508,411.76627
146,Sena,401.40097,401.48016,405.01282,407.53113,409.51468,412.7131,BOL-ADM3-33444609B58600296,400.37366,402.70401,405.05838,407.43484,409.83151,412.2468,400.36392,402.70691,405.06628,407.44144,409.83228,412.23834,400.51801,402.6543,404.94482,407.34491,409.82056,412.36652
147,San Lorenzo,398.06769,403.25974,404.6861,408.81311,408.53339,413.22256,BOL-ADM3-33444609B26946399,399.26581,401.98782,404.71625,407.45154,410.19397,412.95743,399.27817,401.98438,404.70584,407.44263,410.19516,412.96689,399.08307,402.0484,404.87067,407.57669,410.16385,412.83023
148,Santa Rosa,398.02438,401.72382,404.10336,405.70972,409.63324,410.96143,BOL-ADM3-33444609B90312020,398.61066,401.16214,403.72418,406.2962,408.88168,411.4787,398.61691,401.16061,403.71881,406.29193,408.88071,411.48459,398.51828,401.19028,403.79987,406.35181,408.89941,411.39395
149,Malla,399.95972,402.64355,404.76208,407.67715,410.80237,411.27975,BOL-ADM3-33444609B20955158,400.19901,402.58096,404.97437,407.37793,409.78754,412.20218,400.20551,402.58075,404.96933,407.37112,409.785,412.21082,400.10971,402.58057,405.04214,407.48032,409.83444,412.07483
150,Comanche,400.39133,403.18414,405.34143,406.83838,410.24481,410.82135,BOL-ADM3-33444609B91729130,400.79926,402.92548,405.05896,407.19788,409.34384,411.4942,400.80554,402.92453,405.05374,407.19284,409.34207,411.50089,400.71133,402.94067,405.1308,407.26797,409.37271,411.39612
151,Calamarca,401.13992,403.43997,405.37967,405.43219,409.66055,410.35318,BOL-ADM3-33444609B41933053,401.28955,403.12247,404.9624,406.8107,408.67371,410.54306,401.28821,403.12189,404.96335,406.81342,408.67331,410.54132,401.30392,403.13535,404.94849,406.7659,408.67975,410.56815
152,Viacha,400.86124,402.50137,405.11349,407.25729,410.3067,411.16391,BOL-ADM3-33444609B85812802,400.71191,402.89166,405.08502,407.28934,409.50253,411.72208,400.71344,402.89243,405.08368,407.28662,409.50079,411.7254,400.69281,402.87689,405.1001,407.32956,409.534,411.66928
153,Villa Libertad Licoma,398.89172,402.86169,403.93848,409.41495,411.24109,411.02594,BOL-ADM3-33444609B79205479,399.70184,402.30499,404.91702,407.53491,410.14627,412.75702,399.71899,402.30383,404.90329,407.51685,410.14117,412.77808,399.46213,402.31708,405.09952,407.80316,410.23233,412.44812
154,Quime,398.59808,402.55582,404.14905,409.92908,410.76532,410.86084,BOL-ADM3-33444609B66902866,399.57529,402.19891,404.82974,407.46146,410.08057,412.69818,399.59741,402.1972,404.81161,407.43854,410.07507,412.72415,399.26563,402.21542,405.07864,407.79889,410.16837,412.31775
155,Huatajata,398.09335,403.97113,405.19003,406.33615,409.46677,411.75586,BOL-ADM3-33444609B98511044,399.66144,402.11398,404.56595,407.0195,409.48361,411.96069,399.67401,402.10919,404.55515,407.0127,409.48401,411.96973,399.4686,402.19931,404.72513,407.10413,409.47052,411.83752
156,Laja,400.69858,402.11633,404.92371,406.9523,410.22986,411.66583,BOL-ADM3-33444609B79531063,400.32346,402.61185,404.91702,407.23807,409.57404,411.92059,400.32098,402.61301,404.91934,407.23926,409.57306,411.91943,400.36298,402.58997,404.88379,407.22293,409.59238,411.93298
157,Mecapaca,401.44238,403.27255,404.66806,404.94104,408.75623,410.13721,BOL-ADM3-33444609B83826918,401.26144,402.9549,404.65741,406.37408,408.10995,409.85614,401.25378,402.95508,404.66434,406.38242,408.1109,409.84735,401.36899,402.95642,404.5621,406.24875,408.09769,409.98026
158,Palca,400.57968,403.01373,404.41476,405.36255,408.13879,409.49939,BOL-ADM3-33444609B56483619,400.82849,402.5556,404.28769,406.02679,407.77615,409.53281,400.82867,402.55484,404.28769,406.02795,407.77634,409.53223,400.82333,402.57211,404.28922,406.00589,407.7742,409.54315
159,Achocalla,401.23389,402.4935,404.97351,406.14322,409.04324,410.60577,BOL-ADM3-33444609B1863080,400.93573,402.845,404.76624,406.69901,408.64526,410.60083,400.93228,402.84576,404.76895,406.7019,408.64526,410.5979,400.98523,402.83194,404.72705,406.65729,408.64798,410.64252
160,El Alto,400.10562,402.10968,404.62555,405.93997,409.08365,410.46829,BOL-ADM3-33444609B30011805,400.11658,402.2114,404.31699,406.43222,408.55951,410.6954,400.11734,402.2114,404.31622,406.43204,408.55893,410.69638,400.10742,402.21158,404.32642,406.43552,408.56985,410.6813
161,Yanacachi,399.19806,401.79169,404.48361,405.65082,406.61105,408.91428,BOL-ADM3-33444609B40374901,399.85129,401.68701,403.5246,405.35843,407.19244,409.03339,399.86139,401.68509,403.51517,405.35071,407.19244,409.04218,399.70261,401.71881,403.66354,405.46573,407.18488,408.91171
162,TapacarÃ­,399.96457,401.21411,403.38797,406.97388,409.47046,410.99307,BOL-ADM3-33444609B99579203,399.39929,401.74847,404.11749,406.50647,408.9086,411.32156,399.39548,401.75061,404.12115,406.50723,408.90723,411.3204,399.45984,401.71191,404.05814,406.5018,408.93726,411.33295
163,Desaguadero,399.60577,403.19177,405.29507,407.30103,409.75006,412.55551,BOL-ADM3-33444609B26061868,400.12747,402.57501,405.0325,407.50031,409.98239,412.48059,400.13129,402.57346,405.02902,407.49857,409.983,412.48276,400.06812,402.60495,405.08289,407.52032,409.97028,412.45148
164,JesÃºs de Machaka,399.69592,403.04489,405.0473,407.56674,409.88791,411.99091,BOL-ADM3-33444609B81723104,400.18106,402.57828,404.9848,407.40045,409.82584,412.26291,400.1868,402.5769,404.97995,407.396,409.82526,412.26822,400.09714,402.59995,405.05334,407.46301,409.83347,412.18646
165,Puerto Mayor de Guaqui,400.06876,402.73691,405.33325,407.46625,409.9498,412.78421,BOL-ADM3-33444609B3928389,400.17554,402.64182,405.12231,407.61691,410.12747,412.65509,400.17593,402.64142,405.12173,407.61713,410.12808,412.65469,400.16733,402.64987,405.13196,407.6113,410.1181,412.6604
166,Tito Yupanqui,398.422,403.2717,404.55817,406.85336,409.86716,411.966,BOL-ADM3-33444609B83959891,399.41888,401.96924,404.52563,407.09131,409.66913,412.26056,399.42709,401.96637,404.51907,407.08646,409.66895,412.26703,399.29626,402.02023,404.62094,407.15518,409.67148,412.17053
167,Pucarani,399.33621,403.1636,404.57162,405.92676,409.46472,410.86932,BOL-ADM3-33444609B86182822,400.00116,402.21255,404.42938,406.65457,408.89221,411.13959,400.00537,402.21045,404.42612,406.65283,408.89182,411.14255,399.93558,402.2486,404.478,406.67261,408.89709,411.09744
168,Combaya,399.01331,403.35944,404.89676,406.96701,408.53772,412.15692,BOL-ADM3-33444609B86015105,399.88254,402.24783,404.61844,406.9964,409.38696,411.79532,399.88828,402.24496,404.6134,406.99426,409.38873,411.79807,399.79312,402.29926,404.69446,407.02103,409.35495,411.76486
169,Coroico,398.19809,401.74927,403.60892,405.13489,406.01904,408.84714,BOL-ADM3-33444609B70122176,399.09695,401.02768,402.95871,404.88806,406.82022,408.76257,399.10666,401.02481,402.95007,404.88168,406.82098,408.76978,398.95273,401.0755,403.08768,404.97321,406.80042,408.66495
170,Coripata,397.00681,400.9556,403.63864,406.70117,406.36465,408.90253,BOL-ADM3-33444609B52332460,398.28195,400.54514,402.80829,405.06244,407.30664,409.55682,398.30362,400.54169,402.78928,405.04388,407.30527,409.57755,397.97061,400.59653,403.08344,405.32907,407.31964,409.26224
171,Quiabaya,399.09918,402.88318,403.9614,407.08463,408.13586,411.98862,BOL-ADM3-33444609B75079070,399.59436,401.95123,404.31717,406.69629,409.08939,411.50146,399.59567,401.94968,404.31622,406.69666,409.09094,411.50067,399.57034,401.98209,404.33203,406.68774,409.05896,411.51892
172,Aucapata,399.09351,402.44989,403.85284,406.26367,407.27661,412.40567,BOL-ADM3-33444609B51912538,399.29721,401.64621,404.0069,406.38553,408.78674,411.2139,399.29187,401.64505,404.01132,406.3927,408.79044,411.20508,399.36499,401.67282,403.95007,406.2774,408.72183,411.34961
173,Ayo Ayo,400.49274,402.14581,405.43259,406.68481,409.75299,410.2764,BOL-ADM3-33444609B77019342,400.58963,402.6637,404.74753,406.83478,408.92633,411.02121,400.59613,402.6637,404.74155,406.82837,408.92419,411.02905,400.50006,402.66003,404.83054,406.92712,408.96085,410.90442
174,Azurduy,398.69928,400.34402,402.1955,405.77432,407.83008,409.04111,BOL-ADM3-33444609B52543177,398.44608,400.64236,402.85324,405.07864,407.3111,409.55096,398.44647,400.64352,402.85324,405.07574,407.30936,409.55389,398.44455,400.61887,402.84595,405.12405,407.34491,409.50412
175,Tipuani,398.58636,403.90656,403.39285,405.37686,405.64233,412.24908,BOL-ADM3-33444609B93497004,399.49567,401.62457,403.75558,405.90253,408.0755,410.27985,399.48975,401.62073,403.76114,405.91394,408.08191,410.26636,399.56442,401.70099,403.69089,405.7276,407.96149,410.48846
176,Nuestra SeÃ±ora de La Paz,398.70029,402.47153,404.19455,405.01175,407.11267,409.5159,BOL-ADM3-33444609B95766629,399.58807,401.55008,403.51266,405.47617,407.44748,409.42932,399.59531,401.54721,403.50632,405.47269,407.44843,409.43381,399.47775,401.60101,403.60986,405.51639,407.42764,409.37097
177,Sorata,399.12109,403.5918,404.5376,406.41431,407.5466,412.22543,BOL-ADM3-33444609B93873258,399.93079,402.17496,404.42361,406.68271,408.95929,411.25842,399.93155,402.17209,404.42285,406.68579,408.9628,411.2547,399.90771,402.23212,404.4425,406.62842,408.89688,411.32217
178,La Asunta,396.43564,402.28296,405.34134,408.99576,409.05408,410.47723,BOL-ADM3-33444609B25803532,398.65836,401.38007,404.09763,406.79712,409.47717,412.15796,398.69543,401.37415,404.06528,406.76492,409.47305,412.1951,398.12454,401.46661,404.56152,407.25827,409.52948,411.62885
179,Chuma,398.77728,402.48544,403.98489,407.05002,408.54733,412.02231,BOL-ADM3-33444609B88180595,399.25037,401.72473,404.20981,406.7081,409.22067,411.75134,399.25287,401.72339,404.20789,406.70712,409.22165,411.75232,399.21002,401.75192,404.23987,406.7207,409.20117,411.7417
180,Guanay,397.74051,403.27927,404.08319,405.14227,406.43512,411.47595,BOL-ADM3-33444609B33390960,399.04749,401.29761,403.54694,405.80249,408.0759,410.3732,399.05167,401.29282,403.54327,405.8046,408.07999,410.37103,398.97232,401.38507,403.61255,405.75681,407.99747,410.41937
181,Teoponte,399.64847,401.78897,404.17703,405.28757,407.91281,411.74121,BOL-ADM3-33444609B45650655,399.41965,401.66479,403.92484,406.20361,408.50711,410.83292,399.41129,401.66479,403.93176,406.21292,408.51004,410.82233,399.53433,401.66879,403.83298,406.06552,408.46097,410.99063
182,Mapiri,400.00009,403.31985,403.53348,405.91901,405.45007,412.68607,BOL-ADM3-33444609B90372031,400.03894,402.05914,404.08917,406.14145,408.22284,410.33835,400.02481,402.0578,404.1011,406.15771,408.22964,410.31821,400.22705,402.09213,403.92908,405.89886,408.1012,410.64154
183,Charazani,398.73544,401.9325,403.46378,406.0148,406.79086,411.13431,BOL-ADM3-33444609B50407902,399.05054,401.28574,403.53036,405.78757,408.06033,410.35361,399.04959,401.28439,403.53094,405.79028,408.06284,410.3501,399.05777,401.31137,403.52557,405.74734,408.01517,410.41116
184,"Caiza ""D""",396.9342,401.21912,402.77835,404.9769,408.2634,409.32706,BOL-ADM3-33444609B73754741,397.82889,400.25531,402.6875,405.12579,407.57202,410.026,397.83875,400.25284,402.67944,405.11844,407.57047,410.03558,397.68436,400.2952,402.80157,405.22818,407.59689,409.88934
185,Copacabana,398.38266,403.09668,404.95941,407.19299,410.02011,411.64661,BOL-ADM3-33444609B22177467,399.50366,402.0484,404.59818,407.15167,409.71173,412.28159,399.5166,402.04535,404.58716,407.14197,409.71036,412.29358,399.31378,402.10037,404.75543,407.28488,409.72855,412.11237
186,Tarvita,398.62912,399.60223,401.20294,405.74203,409.08047,409.44516,BOL-ADM3-33444609B65808761,397.76724,400.21008,402.67657,405.16965,407.67737,410.19299,397.7608,400.21332,402.68329,405.17117,407.67447,410.19125,397.87045,400.15189,402.56885,405.15845,407.73627,410.20825
187,ChaquÃ­,397.4761,400.02682,402.23535,404.65717,407.89328,410.70306,BOL-ADM3-33444609B42666607,397.28787,399.87796,402.48691,405.11807,407.77283,410.44754,397.28256,399.87836,402.49152,405.12308,407.77341,410.44186,397.36157,399.8736,402.41992,405.04486,407.76331,410.52798
188,Puna,397.69537,400.5126,402.55389,405.1153,408.04108,410.86551,BOL-ADM3-33444609B15997979,397.66483,400.22629,402.80484,405.40329,408.02277,410.66132,397.66162,400.22629,402.80774,405.40659,408.02335,410.65762,397.70883,400.22879,402.7626,405.35379,408.01382,410.71539
189,Ckochas,398.07483,401.19257,401.27048,405.71844,407.83185,409.73224,BOL-ADM3-33444609B30593293,398.09305,400.42255,402.76547,405.12964,407.50769,409.89795,398.09021,400.42291,402.76913,405.13101,407.50693,409.89621,398.13425,400.41873,402.70651,405.11322,407.52402,409.91925
190,El Villar,398.22357,398.23438,400.97589,404.45358,409.14032,409.67395,BOL-ADM3-33444609B60642341,396.82684,399.43527,402.07504,404.74869,407.44708,410.15878,396.81342,399.43985,402.08713,404.7562,407.44476,410.15018,397.02859,399.35623,401.89066,404.64835,407.49741,410.27084
191,Huacaya,397.87045,400.39706,402.53839,405.79791,408.00101,409.73062,BOL-ADM3-33444609B90845226,397.97498,400.39066,402.82001,405.26199,407.71277,410.17404,397.97879,400.39084,402.81714,405.25757,407.7114,410.17892,397.92432,400.38797,402.85806,405.32733,407.73627,410.10049
192,Tacacoma,399.55377,402.8634,403.70187,406.24081,406.5022,412.40033,BOL-ADM3-33444609B27309972,399.69821,401.88126,404.07471,406.28711,408.52328,410.78806,399.69,401.88013,404.08185,406.29736,408.52817,410.7753,399.80838,401.90964,403.98068,406.13388,408.43817,410.98203
193,Huacareta,399.28998,400.54626,402.21356,406.18515,407.51917,409.76862,BOL-ADM3-33444609B13482689,398.76065,400.93573,403.12805,405.33911,407.56134,409.79556,398.75629,400.93762,403.13208,405.34045,407.56076,409.793,398.82852,400.90283,403.06232,405.32559,407.57455,409.82642
194,Monteagudo,398.6394,399.69781,401.521,405.70212,408.09659,409.28616,BOL-ADM3-33444609B9106763,397.95279,400.27554,402.61877,404.98383,407.36084,409.74728,397.94824,400.27802,402.62338,404.98441,407.35889,409.74612,398.02679,400.22937,402.54312,404.98343,407.40005,409.75607
195,PotosÃ­,397.3989,400.36783,402.31531,404.78928,407.82816,410.34564,BOL-ADM3-33444609B51923126,397.47186,399.9968,402.53717,405.09586,407.67389,410.26889,397.47015,399.99658,402.53891,405.09796,407.67407,410.26675,397.49536,400.00345,402.51166,405.06302,407.66998,410.30099
196,San Pedro de Tiquina,398.31015,403.53494,404.64926,406.84491,410.00217,412.103,BOL-ADM3-33444609B67965715,399.44748,402.02081,404.59933,407.18625,409.78616,412.39957,399.45642,402.01755,404.59219,407.18118,409.78598,412.40643,399.31284,402.08005,404.70352,407.25186,409.78656,412.30478
197,Lagunillas,399.513,402.51086,403.16495,405.92603,408.96353,410.57626,BOL-ADM3-33444609B6445025,399.60294,401.78699,403.98206,406.1947,408.42319,410.6629,399.59988,401.7868,403.9855,406.1976,408.42279,410.65997,399.64505,401.79236,403.92984,406.15189,408.43097,410.70285
198,AlcalÃ¡,398.62375,400.18536,400.60742,404.84348,408.70767,410.1228,BOL-ADM3-33444609B92818499,397.66483,400.10074,402.56119,405.05722,407.57999,410.1185,397.64929,400.10379,402.57596,405.06842,407.57922,410.10577,397.89169,400.05096,402.3403,404.90253,407.60312,410.29413
199,Sopachui,398.39578,400.85153,400.64182,405.71173,409.43494,409.83389,BOL-ADM3-33444609B9397800,397.89682,400.36526,402.854,405.37332,407.91129,410.45871,397.88864,400.36737,402.86285,405.37756,407.90878,410.45419,398.01883,400.32938,402.71439,405.32074,407.96286,410.51352
200,Villa Ricardo Mugia - Icla,398.21552,401.45663,400.81842,405.92673,407.53647,409.53918,BOL-ADM3-33444609B74292684,398.22974,400.48288,402.74857,405.03674,407.33752,409.65039,398.22614,400.48325,402.75336,405.03867,407.33694,409.64786,398.28464,400.47791,402.67233,405.01434,407.35364,409.6832
201,Yotala,398.52411,401.65845,400.64606,406.02704,407.25864,409.81879,BOL-ADM3-33444609B38543160,398.40182,400.61295,402.83749,405.08734,407.35266,409.63242,398.39478,400.61353,402.845,405.09216,407.35266,409.62616,398.50348,400.60416,402.71957,405.02304,407.35596,409.71857
202,YamparÃ¡ez,398.48459,402.0563,401.38803,405.73193,407.76663,409.14328,BOL-ADM3-33444609B32418048,398.77243,400.8862,403.0083,405.14743,407.29654,409.45392,398.77188,400.88583,403.01022,405.14743,407.29538,409.45413,398.78079,400.89499,402.97235,405.15167,407.3179,409.4469
203,Tomina,398.1745,400.91556,402.18842,405.24408,408.35825,410.28568,BOL-ADM3-33444609B38412786,398.08716,400.50656,402.9418,405.39767,407.87183,410.36026,398.08337,400.50693,402.94565,405.40057,407.87143,410.35715,398.14108,400.50198,402.88245,405.35477,407.88095,410.40411
204,OcurÃ­,396.77808,399.94562,403.72855,404.22034,407.26382,410.31921,BOL-ADM3-33444609B72440734,397.28653,399.84061,402.40591,404.97842,407.56717,410.17383,397.29221,399.83868,402.40036,404.9761,407.56815,410.17715,397.20206,399.87341,402.49399,405.00488,407.54578,410.13239
205,Tarabuco,398.3176,401.30145,402.14569,405.75549,408.2468,409.57727,BOL-ADM3-33444609B73936756,398.47552,400.75833,403.0527,405.3623,407.68222,410.01114,398.47668,400.75833,403.05249,405.36038,407.68088,410.01349,398.46072,400.75949,403.04828,405.39148,407.70789,409.97418
206,ZudaÃ±ez,398.23907,401.0285,402.44751,405.93002,408.10022,410.07397,BOL-ADM3-33444609B5472183,398.33362,400.70331,403.08615,405.4845,407.89438,410.31604,398.33456,400.70331,403.08594,405.48294,407.89359,410.31781,398.32108,400.70313,403.08633,405.50943,407.90936,410.28885
207,Curva,398.57697,401.60153,403.4075,406.03354,407.48346,410.62469,BOL-ADM3-33444609B88989469,398.88882,401.1673,403.45572,405.75507,408.06656,410.39334,398.89093,401.16635,403.45398,405.7543,408.06732,410.39413,398.85764,401.18549,403.48169,405.76669,408.0502,410.38492
208,Pelechuco,398.62268,401.47409,403.52356,405.5538,408.05902,410.13501,BOL-ADM3-33444609B30997278,398.90994,401.1568,403.4136,405.68039,407.95856,410.24835,398.9126,401.15604,403.41129,405.67865,407.95837,410.2507,398.87,401.17151,403.44611,405.70206,407.96011,410.21765
209,Palos Blancos,399.1705,403.561,404.67413,407.17822,409.45346,410.85565,BOL-ADM3-33444609B83015549,400.1994,402.4418,404.68655,406.93411,409.18518,411.4426,400.21066,402.43912,404.67728,406.92557,409.18381,411.45319,400.0336,402.48843,404.81836,407.05383,409.20273,411.29276
210,Apolo,398.91324,401.6575,404.20798,405.54376,406.20932,410.10333,BOL-ADM3-33444609B25123274,399.38214,401.39691,403.41705,405.44058,407.47311,409.5217,399.38632,401.3952,403.41284,405.43906,407.47525,409.52286,399.31796,401.42871,403.48495,405.45721,407.43173,409.51056
211,Puerto Menor de Rurrenabaque,397.44247,402.31534,405.04248,406.58664,409.35382,410.33548,BOL-ADM3-33444609B4331330,398.93982,401.43732,403.93542,406.42719,408.91736,411.41199,398.96091,401.43329,403.91693,406.41052,408.91522,411.4324,398.63193,401.50317,404.20169,406.6608,408.94876,411.12314
212,San Buenaventura,397.96841,401.33463,404.21768,406.72928,407.87006,410.81653,BOL-ADM3-33444609B85439426,398.65875,401.11566,403.5806,406.04889,408.52191,411.00827,398.66959,401.11356,403.5708,406.04016,408.52173,411.01828,398.50043,401.14645,403.72382,406.17456,408.51938,410.86935
213,Santa Ana,397.89114,403.0481,404.87769,406.80682,408.7131,411.13687,BOL-ADM3-33444609B23560373,399.32291,401.75711,404.19168,406.62491,409.06168,411.50952,399.33871,401.7529,404.17819,406.61386,409.06149,411.52286,399.08994,401.82837,404.39084,406.77539,409.05875,411.32492
214,San Borja,398.17334,401.7616,403.97525,406.77301,409.99509,409.95511,BOL-ADM3-33444609B36751060,398.93143,401.39426,403.86435,406.33804,408.81229,411.28802,398.94553,401.3927,403.85281,406.32489,408.80856,411.30392,398.7327,401.41568,404.02615,406.52701,408.87213,411.05472
215,Reyes,398.29218,401.64642,404.58621,405.46017,409.61163,410.61679,BOL-ADM3-33444609B13357475,398.87494,401.32727,403.78888,406.25687,408.73666,411.22546,398.88254,401.32553,403.78214,406.25165,408.73529,411.23273,398.76407,401.35501,403.88593,406.32623,408.75711,411.12177
216,Puerto Gonzalo Moreno,397.05328,404.43924,404.82224,407.76535,408.39407,413.0647,BOL-ADM3-33444609B85003487,399.14035,401.8504,404.55746,407.26624,409.98398,412.72336,399.1571,401.8439,404.5434,407.25671,409.98611,412.73438,398.88654,401.96426,404.7674,407.38977,409.93665,412.57736
217,Puerto Siles,398.34949,404.30948,403.32419,406.69543,407.77969,411.6297,BOL-ADM3-33444609B80291858,399.63092,401.90866,404.18628,406.47507,408.77737,411.09784,399.63531,401.90466,404.18359,406.47488,408.77933,411.09824,399.55643,401.98322,404.22906,406.46945,408.73685,411.10117
218,ExaltaciÃ³n,398.9707,402.35712,404.47653,406.01376,408.74161,411.35818,BOL-ADM3-33444609B10458910,399.43567,401.77512,404.12366,406.48224,408.85574,411.24429,399.43814,401.77359,404.12134,406.48184,408.85654,411.24527,399.39319,401.80386,404.16064,406.48282,408.84192,411.23431
219,Riberalta,397.67245,402.16382,404.46674,407.07224,408.18036,412.70456,BOL-ADM3-33444609B93314585,398.54947,401.26526,403.99072,406.72595,409.47559,412.24857,398.55685,401.26239,403.98416,406.72208,409.47754,412.25269,398.4364,401.31616,404.09283,406.77618,409.43713,412.19687
220,Porvenir,399.0369,402.65289,405.71909,405.69003,412.79831,410.72,BOL-ADM3-33444609B95419155,399.76205,402.28754,404.82166,407.36044,409.90948,412.45697,399.7735,402.28583,404.81219,407.35132,409.905,412.47037,399.59912,402.31323,404.95447,407.48459,409.98767,412.25937
221,Bella Flor,399.37833,402.17221,403.98181,407.33835,410.39825,410.86896,BOL-ADM3-33444609B83803279,399.59607,402.01868,404.4537,406.90054,409.35379,411.81241,399.60196,402.01849,404.44925,406.89374,409.35086,411.82065,399.51566,402.0162,404.51019,407.00027,409.40335,411.6893
222,San Pedro,398.76868,403.69595,404.88699,408.42529,408.66187,413.67773,BOL-ADM3-33444609B11509981,399.72812,402.36353,405.00641,407.66086,410.32877,413.02084,399.73422,402.36044,405.00119,407.65793,410.33112,413.02341,399.63113,402.41934,405.08694,407.69702,410.2818,412.99249
223,Puerto Rico,400.27249,401.24045,406.2261,407.31934,409.83844,413.30646,BOL-ADM3-33444609B55981723,399.82211,402.41473,405.02881,407.65695,410.30411,412.97202,399.82059,402.41571,405.02881,407.65814,410.30508,412.97025,399.84537,402.39633,405.03287,407.63812,410.2861,413.00015
224,Santa Rosa,399.73373,402.96509,404.0351,408.98782,409.12039,411.86533,BOL-ADM3-33444609B45825141,400.12268,402.50781,404.90329,407.30975,409.71896,412.13968,400.12936,402.50705,404.8981,407.30237,409.71799,412.14716,400.02808,402.51663,404.97281,407.42087,409.73264,412.03122
225,Ingavi,399.0256,403.10608,404.82785,408.7677,408.99698,414.27921,BOL-ADM3-33444609B53699713,399.53738,402.30096,405.07846,407.8728,410.68445,413.52316,399.53967,402.29904,405.07632,407.87219,410.6868,413.52277,399.4985,402.33319,405.1113,407.87921,410.63882,413.53598
226,GuayaramerÃ­n,398.67206,402.94717,404.0466,406.60489,409.30481,411.58771,BOL-ADM3-33444609B93580112,399.38501,401.82819,404.27921,406.74203,409.21814,411.70813,399.38956,401.82626,404.27591,406.73972,409.21814,411.71149,399.31567,401.86575,404.32797,406.76999,409.2164,411.66513
227,Villa Nueva,399.39087,401.38168,404.72104,407.32248,408.84653,413.35565,BOL-ADM3-33444609B33507653,399.10211,401.76785,404.45428,407.16061,409.88876,412.64249,399.09811,401.76822,404.45715,407.16449,409.89093,412.63736,399.15805,401.76038,404.41724,407.10626,409.85339,412.72061
228,Santos Mercado,398.2565,401.57794,405.10455,407.38489,408.65134,412.96271,BOL-ADM3-33444609B15181859,398.74506,401.49167,404.25241,407.02298,409.80786,412.61514,398.75153,401.48996,404.24603,407.01871,409.80902,412.61966,398.64771,401.5202,404.34976,407.08081,409.77817,412.55807
229,Nueva Esperanza,398.40961,402.48413,403.49658,406.32788,409.45447,412.65561,BOL-ADM3-33444609B91423379,398.72375,401.39731,404.08569,406.79675,409.53223,412.28986,398.72052,401.39636,404.08917,406.80139,409.53339,412.28473,398.76636,401.42142,404.03638,406.72382,409.51212,412.36572
230,Santiago de Huata,398.3887,403.52283,405.05359,406.8309,409.35516,412.01007,BOL-ADM3-33444609B41664570,399.62292,402.11053,404.60126,407.09656,409.60233,412.12259,399.63342,402.10687,404.59238,407.09052,409.60272,412.13043,399.46329,402.17688,404.73419,407.17459,409.58963,412.01785
231,Puerto PÃ©rez,398.94675,403.46198,404.34769,406.30505,409.90714,411.25076,BOL-ADM3-33444609B7909722,399.79904,402.14984,404.50595,406.87161,409.25015,411.63846,399.80475,402.14752,404.50171,406.86871,409.24936,411.64297,399.71326,402.19376,404.56555,406.90616,409.26028,411.57605
232,Chuquihuta Ayllu Jucumani,398.7207,402.07999,404.04663,406.98206,409.03564,410.93903,BOL-ADM3-33444609B27408509,399.24637,401.65656,404.07605,406.50375,408.93802,411.38257,399.254,401.65521,404.0697,406.49698,408.93686,411.39023,399.13675,401.67667,404.16528,406.59894,408.95462,411.27078
233,Bolpebra,399.25668,403.45825,405.95901,405.76535,411.66095,410.40225,BOL-ADM3-33444609B21368266,400.35361,402.64276,404.93381,407.22372,409.51974,411.81476,400.36755,402.63971,404.92203,407.21362,409.5166,411.82889,400.15189,402.69135,405.10144,407.35831,409.5752,411.61057
234,Filadelfia,400.03387,402.49173,405.14069,406.71024,411.58627,412.06207,BOL-ADM3-33444609B21491486,400.00613,402.51703,405.04428,407.58737,410.14801,412.71805,400.00632,402.51743,405.04428,407.58698,410.14606,412.71964,400.00385,402.51205,405.04059,407.59146,410.18283,412.68991
235,Alto Beni,399.29086,403.36423,404.72894,407.21591,408.32117,410.95496,BOL-ADM3-33444609B19655093,400.24081,402.3992,404.55939,406.72168,408.88773,411.06433,400.25092,402.39633,404.5509,406.71469,408.88791,411.07257,400.09274,402.44601,404.68326,406.82001,408.87991,410.95087
236,Caranavi,398.65921,402.02179,404.04254,406.5564,407.29413,410.22885,BOL-ADM3-33444609B96037932,399.36215,401.53168,403.70609,405.88278,408.06305,410.25482,399.37109,401.52957,403.69821,405.87582,408.06323,410.26245,399.22961,401.56558,403.82257,405.98035,408.05313,410.14938
237,Huarina,397.96609,404.21432,405.5192,406.17462,409.13333,411.53021,BOL-ADM3-33444609B8469227,399.80151,402.18436,404.56268,406.93817,409.32196,411.71774,399.81717,402.17859,404.54938,406.92963,409.32254,411.72916,399.565,402.28448,404.76257,407.0455,409.30264,411.56641
238,Bolivar,400.30804,401.56293,403.48044,406.56253,410.08218,410.9686,BOL-ADM3-33444609B76614989,399.67361,401.97577,404.29752,406.64139,409.00162,411.3714,399.66751,401.97787,404.3035,406.6445,408.99985,411.36807,399.76834,401.93723,404.20517,406.60068,409.03574,411.41415
239,Chua Cocani,397.80634,403.76953,405.12085,406.58746,409.44788,412.1145,BOL-ADM3-33444609B43692068,399.37585,401.94336,404.51135,407.08218,409.66425,412.26135,399.38901,401.93857,404.50037,407.07501,409.66486,412.27078,399.17844,402.02829,404.67572,407.17343,409.64804,412.13455
240,Humanata,398.14929,401.81964,403.30124,406.62323,409.02527,411.65097,BOL-ADM3-33444609B78666461,398.51563,401.12753,403.75269,406.39462,409.05194,411.72601,398.51773,401.12656,403.75134,406.3931,409.05194,411.72778,398.48294,401.14511,403.77078,406.41382,409.0535,411.70206
241,Villa Vaca GuzmÃ¡n,398.56235,400.69263,402.22522,405.77417,408.10336,409.71152,BOL-ADM3-33444609B92881157,398.37885,400.67847,402.99332,405.32538,407.66901,410.02307,398.3775,400.67944,402.99484,405.3248,407.66785,410.02347,398.4003,400.66241,402.9639,405.33603,407.69196,410.01331
242,Batallas,398.06247,404.33197,405.51682,405.76404,408.78351,410.94058,BOL-ADM3-33444609B42689736,399.98209,402.21982,404.45062,406.6759,408.90799,411.15018,399.9985,402.2139,404.43674,406.66718,408.9086,411.16196,399.73575,402.32495,404.65933,406.78491,408.88812,410.99377
243,Padilla,397.2247,399.38934,400.66251,403.72012,407.16882,409.70102,BOL-ADM3-33444609B75760336,396.68381,399.16891,401.67493,404.21017,406.77209,409.35397,396.67245,399.17044,401.68546,404.21982,406.77289,409.34305,396.84671,399.147,401.52194,404.07336,406.76648,409.50839
244,Mojocoya,398.40189,400.49393,403.26471,404.54236,407.46927,411.03036,BOL-ADM3-33444609B69980236,398.1424,400.53998,402.9545,405.3884,407.84732,410.32797,398.13538,400.54016,402.96027,405.39612,407.84946,410.31918,398.24075,400.53922,402.87726,405.27399,407.81192,410.45752
245,PucarÃ¡,398.22516,400.02698,401.93185,405.05145,407.72476,409.16861,BOL-ADM3-33444609B51772236,397.93268,400.2139,402.51126,404.8259,407.15323,409.49063,397.93057,400.21506,402.51358,404.82626,407.15189,409.49023,397.96606,400.19308,402.47461,404.82648,407.17731,409.49023
246,Villa Serrano,398.26566,400.41049,401.70746,404.53705,407.08408,409.65109,BOL-ADM3-33444609B69127220,397.94559,400.1868,402.44391,404.72244,407.02084,409.33542,397.93817,400.18774,402.45062,404.72879,407.02142,409.328,398.05167,400.17477,402.34375,404.63232,407.0123,409.44006
247,MacharetÃ­,397.08014,401.81567,402.4209,405.3071,408.32141,408.42572,BOL-ADM3-33444609B12353677,398.23676,400.49777,402.7597,405.02438,407.28934,409.55585,398.25043,400.4949,402.74875,405.01297,407.28662,409.57013,398.03741,400.54419,402.91125,405.18567,407.33597,409.34949
248,Boyuibe,398.62976,401.74225,403.80304,405.32242,408.3248,408.39783,BOL-ADM3-33444609B47604355,399.35757,401.36093,403.36703,405.37216,407.37714,409.38229,399.3692,401.35904,403.35706,405.36212,407.3746,409.39459,399.18945,401.38754,403.50711,405.51309,407.41754,409.20215
249,Cuevo,398.70947,401.97595,402.63953,405.98358,407.84229,409.45227,BOL-ADM3-33444609B96934473,399.11276,401.23004,403.35474,405.4899,407.6319,409.78186,399.11636,401.22928,403.35242,405.4866,407.63092,409.78577,399.06119,401.24518,403.38416,405.53806,407.64783,409.72482
250,Camiri,400.30511,402.38095,403.08701,405.86752,409.39188,410.21634,BOL-ADM3-33444609B99493244,399.99603,402.05954,404.13696,406.23441,408.34821,410.47046,399.98972,402.06067,404.14331,406.23904,408.34723,410.46555,400.09024,402.04208,404.0379,406.16837,408.37158,410.53543
251,Cocapata,398.50098,401.51443,404.69995,406.57178,410.11493,410.01691,BOL-ADM3-33444609B83608870,399.14417,401.57458,404.01324,406.45297,408.89359,411.33551,399.15823,401.57324,404.00092,406.43997,408.89008,411.35159,398.94284,401.59161,404.18628,406.6412,408.95129,411.1008
252,Vallegrande,397.51825,401.13177,401.83154,405.7366,408.36014,409.1225,BOL-ADM3-33444609B53201147,397.98883,400.36029,402.74109,405.13409,407.53354,409.93881,397.9949,400.35953,402.73685,405.1279,407.53101,409.94644,397.90402,400.37231,402.79352,405.22626,407.57532,409.82544
253,GutiÃ©rrez,399.05658,402.28494,403.14966,405.55087,408.95001,410.12161,BOL-ADM3-33444609B32904525,399.32065,401.51752,403.724,405.9451,408.17981,410.42407,399.32043,401.51694,403.72495,405.94568,408.17902,410.42407,399.32159,401.53015,403.70801,405.93329,408.19559,410.42252
254,Sucre,398.5112,400.87933,402.25317,405.16046,408.0321,409.07654,BOL-ADM3-33444609B61390228,398.4913,400.67236,402.86554,405.07306,407.29147,409.51758,398.4913,400.67273,402.86612,405.07227,407.29013,409.51895,398.49472,400.6655,402.85056,405.08774,407.31848,409.49435
255,Presto,398.63803,400.83035,402.62692,405.63324,408.08646,410.34009,BOL-ADM3-33444609B90222474,398.43906,400.7851,403.14688,405.52701,407.92316,410.33328,398.436,400.78568,403.14996,405.52914,407.92297,410.33093,398.4856,400.77402,403.10037,405.49878,407.92822,410.36771
256,Postrervalle,398.53558,401.74271,403.45236,406.31116,408.84412,411.20328,BOL-ADM3-33444609B25796587,398.78766,401.2601,403.74518,406.24545,408.76044,411.29001,398.78897,401.25934,403.74442,406.24466,408.76022,411.29117,398.76636,401.27216,403.75635,406.25687,408.76337,411.27393
257,Trigal,398.12091,400.9613,402.05548,405.20236,408.10922,409.45264,BOL-ADM3-33444609B52561385,398.20221,400.49661,402.8035,405.12674,407.46262,409.80844,398.20203,400.49661,402.80447,405.12637,407.46146,409.80902,398.20752,400.49625,402.78409,405.13217,407.48438,409.79556
258,Quirusillas,399.85461,401.39713,402.77896,405.84048,408.09579,410.22614,BOL-ADM3-33444609B67865308,399.37186,401.47961,403.60352,405.74753,407.90781,410.08093,399.36462,401.48114,403.61023,405.75275,407.90781,410.07489,399.47681,401.45529,403.50461,405.67767,407.91092,410.1662
259,Cabezas,399.08905,401.12869,402.92319,405.57861,408.75119,410.99051,BOL-ADM3-33444609B3158247,398.70685,401.095,403.50131,405.93021,408.38034,410.84662,398.6998,401.09616,403.50766,405.936,408.38052,410.84015,398.8082,401.07837,403.40686,405.84854,408.38092,410.93753
260,Cotoca,397.83734,402.026,403.76987,405.86234,407.67905,409.4592,BOL-ADM3-33444609B36360155,398.92212,401.12753,403.33395,405.53958,407.74658,409.96069,398.93542,401.12445,403.32263,405.52954,407.74582,409.97281,398.72717,401.17764,403.49881,405.68079,407.7565,409.79007
261,YapacanÃ­,399.22052,401.99869,403.01205,405.87863,409.74219,409.11575,BOL-ADM3-33444609B82294182,399.44061,401.5834,403.73517,405.89847,408.0675,410.237,399.44479,401.5834,403.73267,405.89343,408.06421,410.24387,399.38385,401.5813,403.76404,405.97318,408.12805,410.13177
262,Cuatro CaÃ±adas,399.36514,402.91324,403.26541,404.98422,409.41202,410.67184,BOL-ADM3-33444609B81436946,399.57739,401.76727,403.96722,406.18637,408.42746,410.68073,399.57205,401.76669,403.97281,406.19296,408.42764,410.67465,399.64923,401.7851,403.88651,406.08856,408.4292,410.76788
263,San RamÃ³n,400.26825,402.65411,403.5285,404.26767,409.47528,411.12131,BOL-ADM3-33444609B34841445,399.87302,401.98303,404.10825,406.25958,408.44208,410.64117,399.85852,401.9838,404.12152,406.27411,408.44342,410.62549,400.0769,401.97864,403.92023,406.04248,408.42551,410.86365
264,San Javier,399.07706,401.96362,403.46759,404.93039,407.75232,412.12863,BOL-ADM3-33444609B57224915,398.92648,401.28229,403.65375,406.04907,408.47519,410.92792,398.91489,401.2821,403.66376,406.06204,408.47888,410.91302,399.08478,401.29529,403.51691,405.85626,408.41501,411.14667
265,San Miguel,399.23795,402.00208,403.86365,405.91455,409.47717,410.92181,BOL-ADM3-33444609B78704867,399.33835,401.67914,404.03253,406.40085,408.78479,411.18039,399.33817,401.67896,404.03308,406.40143,408.78421,411.18018,399.34311,401.68375,404.02133,406.38959,408.79825,411.17978
266,Villa Tunari,398.05319,399.66757,401.33057,403.83301,408.83975,408.69162,BOL-ADM3-33444609B25395901,397.49347,399.82993,402.1857,404.56519,406.96399,409.37018,397.48663,399.83203,402.19241,404.56943,406.96167,409.36646,397.59543,399.79541,402.08157,404.50885,407.0123,409.41528
267,ChimorÃ©,398.62698,400.58664,401.86279,405.17206,408.81018,408.50009,BOL-ADM3-33444609B24552917,398.42081,400.6051,402.80331,405.01761,407.2406,409.46603,398.42081,400.60626,402.80426,405.01529,407.23749,409.46954,398.42615,400.58124,402.78027,405.0578,407.29965,409.40863
268,Tiraque,396.6037,401.16321,400.97424,403.83325,407.54407,409.02194,BOL-ADM3-33444609B18430420,397.20566,399.58197,401.96655,404.36884,406.78918,409.22186,397.20547,399.58044,401.9679,404.37076,406.78879,409.22089,397.2049,399.61493,401.9422,404.33722,406.79733,409.23767
269,Shinahota,396.49704,400.86716,400.12192,403.43427,409.70297,408.84195,BOL-ADM3-33444609B95602913,396.73828,399.31378,401.9035,404.52081,407.16138,409.80942,396.73413,399.3136,401.90945,404.52466,407.15848,409.80707,396.79901,399.32083,401.8096,404.46545,407.21945,409.83325
270,Montero,397.90436,402.5463,405.52173,405.72253,408.45438,410.57257,BOL-ADM3-33444609B71154134,399.30579,401.63242,403.95834,406.27838,408.60297,410.93713,399.32214,401.62802,403.94373,406.26773,408.60278,410.95047,399.06406,401.70557,404.17645,406.41983,408.59537,410.75375
271,AscenciÃ³n de Guarayos,398.52164,400.81287,402.77225,406.13025,408.87216,410.81104,BOL-ADM3-33444609B46709169,398.32697,400.83365,403.35818,405.90234,408.46213,411.03592,398.32507,400.83441,403.36014,405.90271,408.46133,411.03531,398.35583,400.81931,403.32492,405.89923,408.47986,411.04001
272,San AndrÃ©s,398.84937,401.48206,403.63791,406.25424,409.27365,410.67624,BOL-ADM3-33444609B55665100,398.96777,401.37491,403.79562,406.22937,408.67468,411.1304,398.97025,401.37491,403.7937,406.22665,408.67349,411.13391,398.93259,401.37549,403.81989,406.26947,408.69806,411.07727
273,Vacas,397.62332,401.68356,402.28677,405.33859,406.94,407.70563,BOL-ADM3-33444609B36270672,398.64258,400.62479,402.60648,404.58774,406.56598,408.5455,398.6557,400.62231,402.59592,404.57657,406.56384,408.55875,398.45389,400.66492,402.75375,404.74753,406.59875,408.35443
274,Pocona,397.73221,402.13263,402.30643,405.03809,407.17545,408.67081,BOL-ADM3-33444609B99795676,398.66293,400.72968,402.79773,404.87164,406.95117,409.03769,398.67035,400.7272,402.79218,404.86661,406.95059,409.04413,398.55249,400.7742,402.87552,404.94,406.96106,408.94778
275,Okinawa Uno,398.33047,401.13004,404.14063,405.22427,409.12408,408.57642,BOL-ADM3-33444609B439401,398.96625,401.14474,403.3284,405.51117,407.69391,409.87549,398.97937,401.14322,403.31705,405.49936,407.69058,409.89014,398.7793,401.16367,403.48938,405.67709,407.75027,409.66034
276,Warnes,397.54352,402.35455,405.84616,405.58356,407.60855,410.41666,BOL-ADM3-33444609B11056664,399.17044,401.46393,403.75403,406.0332,408.31412,410.60611,399.19003,401.45874,403.73633,406.02042,408.31491,410.62177,398.88046,401.55084,404.02231,406.20224,408.29153,410.39511
277,General Saavedra,397.25562,401.61429,405.49207,406.23703,407.85165,411.26816,BOL-ADM3-33444609B54301679,398.55191,401.10974,403.67087,406.22687,408.7879,411.36395,398.56921,401.10571,403.65488,406.21503,408.78848,411.37787,398.29831,401.17783,403.90866,406.38766,408.7659,411.17313
278,PailÃ³n,399.50681,402.19275,403.00281,404.71884,408.73138,409.77386,BOL-ADM3-33444609B10251116,399.49051,401.53745,403.59485,405.66995,407.76349,409.86688,399.4852,401.53745,403.60022,405.67535,407.76331,409.8616,399.56482,401.5405,403.51651,405.5889,407.77206,409.94037
279,FernÃ¡ndez Alonso,397.12097,400.35208,404.95264,406.08627,407.95285,411.68716,BOL-ADM3-33444609B49773042,397.78961,400.53729,403.29684,406.06012,408.83469,411.62863,397.80081,400.535,403.28607,406.05215,408.83527,411.63766,397.62558,400.57339,403.46091,406.16837,408.81363,411.5054
280,Mineros,397.51172,401.34512,405.10751,405.89847,408.31927,411.69006,BOL-ADM3-33444609B82751741,398.37256,401.00397,403.64392,406.28729,408.9429,411.61685,398.38303,401.0011,403.63409,406.28091,408.94388,411.62451,398.21796,401.05292,403.79312,406.36847,408.91989,411.5152
281,Pampa Grande,397.8446,401.30661,402.4834,405.29822,408.79031,409.48468,BOL-ADM3-33444609B58335505,398.25424,400.61868,402.99292,405.37988,407.77731,410.18167,398.25842,400.61792,402.99005,405.37622,407.77536,410.18695,398.19479,400.63245,403.02811,405.43326,407.81152,410.10461
282,Mairana,398.57556,401.83322,403.69736,405.12643,409.00195,409.311,BOL-ADM3-33444609B78053551,399.12552,401.30295,403.48669,405.67651,407.87415,410.07626,399.13217,401.30161,403.48132,405.6713,407.87241,410.08328,399.02866,401.32571,403.5625,405.74655,407.90662,409.97223
283,Puerto Villarroel,397.80704,400.65738,400.18283,404.48447,409.8696,407.91766,BOL-ADM3-33444609B66013257,397.62009,399.94263,402.28082,404.64352,407.01929,409.39398,397.61707,399.94415,402.28543,404.64313,407.01443,409.39594,397.66919,399.91534,402.19623,404.65527,407.11148,409.3526
284,Colpa BÃ©lgica,397.79968,403.29822,405.30234,406.25507,408.19525,410.38663,BOL-ADM3-33444609B84075203,399.5751,401.83337,404.08646,406.33087,408.5751,410.82742,399.59491,401.828,404.06912,406.3175,408.57492,410.84387,399.28162,401.92343,404.34186,406.51324,408.56848,410.60004
285,Puerto Suarez,398.4671,402.59262,403.82031,405.40594,407.86951,411.14865,BOL-ADM3-33444609B58337466,399.13083,401.41818,403.71207,406.01752,408.34061,410.6817,399.13181,401.41586,403.71149,406.01984,408.34235,410.67953,399.10895,401.46295,403.7269,405.97705,408.30655,410.71832
286,El Carmen Rivero TÃ³rrez,398.09055,402.5162,404.01721,405.79504,408.17752,411.07407,BOL-ADM3-33444609B52930702,398.97977,401.35559,403.73651,406.12497,408.52679,410.94418,398.98584,401.35272,403.73151,406.12265,408.52777,410.94751,398.8877,401.40668,403.81238,406.15189,408.50674,410.90265
287,RoborÃ©,399.63644,401.48413,404.02377,407.61624,409.14813,410.89844,BOL-ADM3-33444609B32568642,399.56119,401.90811,404.26935,406.64178,409.01935,411.40573,399.56558,401.90866,404.26569,406.63596,409.01761,411.4122,399.50385,401.89258,404.31699,406.73312,409.0484,411.31079
288,San MatÃ­as,398.25574,402.84015,403.08286,405.58002,408.36469,411.19815,BOL-ADM3-33444609B83253902,398.92554,401.29358,403.66895,406.0603,408.4707,410.89835,398.92517,401.29147,403.6701,406.0632,408.47186,410.8956,398.92401,401.33606,403.65433,406.01093,408.44928,410.94281
289,Charagua,398.87943,401.15771,403.12805,405.72662,408.65521,409.57971,BOL-ADM3-33444609B85273692,398.92325,401.1474,403.38358,405.63147,407.88815,410.15155,398.92572,401.14761,403.38187,405.62836,407.88641,410.15546,398.89093,401.14224,403.40436,405.67789,407.91928,410.09113
290,San JosÃ©,398.66174,401.8143,403.7431,408.5704,409.44962,410.39719,BOL-ADM3-33444609B21156081,399.26257,401.72626,404.19901,406.67572,409.14633,411.6196,399.2778,401.72531,404.18649,406.65964,409.14264,411.63766,399.04996,401.73315,404.37155,406.91373,409.20526,411.35608
291,San Rafael,398.8923,401.92413,404.43243,408.73196,410.26764,410.69254,BOL-ADM3-33444609B61104849,399.50748,402.02731,404.5567,407.08859,409.61386,412.14026,399.52423,402.02637,404.5426,407.07092,409.60956,412.16031,399.27246,402.03345,404.75159,407.34647,409.68283,411.84775
292,Ayopaya,399.99286,401.86923,403.73627,407.93796,409.39832,411.18088,BOL-ADM3-33444609B74694029,399.79581,402.13315,404.4863,406.85437,409.22946,411.61392,399.79733,402.13431,404.48532,406.85046,409.22769,411.61765,399.7796,402.11166,404.49188,406.91644,409.25873,411.55466
293,San Ignacio,399.92773,401.44455,404.17114,406.91589,410.52139,411.10159,BOL-ADM3-33444609B38230040,399.57245,401.99377,404.43326,406.88928,409.3573,411.83301,399.57245,401.99512,404.43362,406.88715,409.35495,411.83575,399.57874,401.96539,404.42264,406.92419,409.40237,411.78589
294,Urubicha,399.10947,402.0365,402.35049,405.73965,408.55515,411.09088,BOL-ADM3-33444609B93004293,398.93372,401.25952,403.6008,405.96719,408.3558,410.76199,398.92517,401.2601,403.60907,405.97491,408.35657,410.75317,399.05453,401.25571,403.47806,405.85666,408.34763,410.88638
295,Baures,399.12314,402.59903,402.97675,406.56732,407.91394,411.2598,BOL-ADM3-33444609B21187437,399.36938,401.63242,403.90598,406.1972,408.504,410.82819,399.36673,401.63165,403.90884,406.20013,408.50519,410.82428,399.40253,401.64948,403.86377,406.15286,408.48276,410.8858
296,Trinidad,398.67538,401.85376,404.11813,405.95822,408.69296,411.94815,BOL-ADM3-33444609B59063344,398.89929,401.40189,403.91809,406.45007,409.0022,411.57407,398.89813,401.40094,403.91907,406.45279,409.00357,411.57114,398.91052,401.42123,403.90961,406.40683,408.97839,411.61884
297,San Antonio de Lomerio,400.44333,404.03583,403.98285,405.44391,408.41449,411.65808,BOL-ADM3-33444609B54102559,400.64847,402.63431,404.62808,406.6416,408.68073,410.73926,400.63892,402.63318,404.63696,406.65323,408.68365,410.72635,400.77783,402.66351,404.50385,406.46536,408.63297,410.92889
298,Pojo,397.07855,401.23792,401.05914,403.31137,407.96863,409.17545,BOL-ADM3-33444609B66575543,397.41254,399.74777,402.09348,404.46103,406.85223,409.25659,397.40741,399.74683,402.09921,404.46738,406.85202,409.25073,397.48169,399.77103,402.00833,404.36383,406.85785,409.34091
299,Entre RÃ­os,398.00018,400.37787,400.9006,404.17606,408.54642,408.42056,BOL-ADM3-33444609B6351519,397.72684,399.97427,402.23709,404.52237,406.82352,409.13092,397.72192,399.97543,402.24265,404.52505,406.8212,409.1286,397.80234,399.95273,402.14676,404.4859,406.87219,409.15494
300,Poroma,398.58865,401.09235,402.14294,405.40079,408.28094,408.78299,BOL-ADM3-33444609B40832379,398.64963,400.79428,402.95007,405.11902,407.29575,409.47717,398.65134,400.79465,402.94931,405.11612,407.29361,409.48087,398.62872,400.7876,402.9516,405.16345,407.33615,409.41858
301,Colomi,396.42343,399.23929,400.04593,403.47073,406.4169,409.67422,BOL-ADM3-33444609B77419578,396.0784,398.63251,401.20651,403.81046,406.44232,409.09717,396.06747,398.63345,401.21686,403.82047,406.44366,409.08548,396.23483,398.62338,401.05695,403.66663,406.42273,409.26343
302,Alalay,399.44702,402.17191,403.21906,406.43781,408.2995,409.47849,BOL-ADM3-33444609B47454413,399.72583,401.76248,403.80679,405.85995,407.91733,409.98004,399.73004,401.76208,403.80371,405.85532,407.91577,409.98553,399.6662,401.76822,403.84567,405.92789,407.94321,409.90109
303,Vila Vila,399.16394,401.25296,404.0639,406.17279,408.70059,410.2269,BOL-ADM3-33444609B95117685,399.24619,401.50604,403.77811,406.05856,408.34723,410.64468,399.25018,401.50604,403.77423,406.05429,408.34607,410.64957,399.18869,401.50452,403.8299,406.11993,408.3667,410.57086
304,Ixiamas,399.901,402.09616,404.65988,405.69357,408.43658,410.76212,BOL-ADM3-33444609B5346742,399.96646,402.06854,404.18069,406.30319,408.43991,410.58987,399.96588,402.06796,404.18109,406.30493,408.4407,410.5881,399.97333,402.07736,404.18069,406.27451,408.42746,410.61533
305,Ayata,399.14954,402.36459,403.59445,406.22427,406.92328,412.17447,BOL-ADM3-33444609B73132405,399.28998,401.58109,403.88382,406.20477,408.54782,410.91696,399.28387,401.57996,403.88901,406.21252,408.55154,410.90735,399.36996,401.60446,403.81564,406.0903,408.48102,411.06314
306,Uyuni,398.43893,401.68808,403.75232,406.19659,409.25403,410.65179,BOL-ADM3-33444609B71435776,398.85345,401.29663,403.75076,406.21524,408.69006,411.17468,398.85898,401.29568,403.74612,406.21057,408.68872,411.18057,398.77359,401.31253,403.81332,406.28128,408.71228,411.08786
307,Waldo Ballivian,400.25003,402.23679,405.36737,407.06204,410.60904,410.69943,BOL-ADM3-33444609B66511934,400.39716,402.6424,404.89868,407.1604,409.42679,411.69577,400.4046,402.6424,404.89212,407.15283,409.42407,411.70538,400.2952,402.63815,404.9873,407.27051,409.47522,411.55484
308,Curahuara de Carangas,398.85547,402.3335,403.93024,406.87866,409.39063,411.31293,BOL-ADM3-33444609B68137279,399.29437,401.74179,404.19977,406.66989,409.15082,411.64374,399.29892,401.74063,404.19632,406.66623,409.15005,411.64825,399.22812,401.76016,404.24796,406.72244,409.16409,411.578
309,Choquecota,401.07288,402.35413,405.13483,406.57352,411.44604,411.76114,BOL-ADM3-33444609B36186520,400.55276,402.86325,405.19244,407.54034,409.90674,412.28198,400.54782,402.86496,405.19687,407.54364,409.90518,412.27902,400.62805,402.83405,405.12405,407.49411,409.94193,412.31561
310,Escara,400.68723,402.48718,405.2579,406.82266,409.27396,411.44131,BOL-ADM3-33444609B87640342,400.6076,402.74704,404.89847,407.06064,409.23492,411.42123,400.60739,402.74704,404.89828,407.06082,409.23511,411.42102,400.60971,402.74414,404.90253,407.05618,409.23315,411.42435
311,Coipasa,399.76724,404.04321,404.05981,406.81686,409.47388,411.36099,BOL-ADM3-33444609B79549253,400.43417,402.61646,404.80408,407.00436,409.21738,411.44183,400.4361,402.61475,404.8035,407.00436,409.21738,411.44241,400.40326,402.65256,404.8114,406.99951,409.21698,411.43475
312,Chipaya,400.44229,402.61389,404.74698,406.78223,408.89005,411.03851,BOL-ADM3-33444609B48403080,400.4949,402.58401,404.68344,406.79324,408.91345,411.04492,400.49548,402.58383,404.68286,406.79288,408.91345,411.04532,400.48557,402.5867,404.69214,406.79868,408.91287,411.03806
313,Chayanta,398.34265,401.75159,403.65347,407.42099,409.81549,410.86935,BOL-ADM3-33444609B66088023,398.84622,401.41818,404.00168,406.59485,409.19238,411.79749,398.85593,401.41721,403.9938,406.58496,409.18985,411.80887,398.70892,401.42926,404.10883,406.73874,409.23669,411.62845
314,Salinas de GarcÃ­ Mendoza,400.22903,402.50177,404.56815,406.35596,409.42307,410.39844,BOL-ADM3-33444609B60563542,400.35019,402.4295,404.51831,406.61639,408.7236,410.83722,400.35248,402.42932,404.51657,406.61426,408.72241,410.84015,400.31793,402.43182,404.54242,406.64664,408.74503,410.79138
315,Tupiza,398.06024,401.4075,404.74411,405.89621,408.30527,410.18622,BOL-ADM3-33444609B90206942,398.87418,401.22604,403.58368,405.94028,408.30127,410.67093,398.88693,401.22375,403.57214,405.9306,408.30029,410.68268,398.68896,401.26355,403.75305,406.07599,408.30984,410.5051
316,Atocha,397.84885,401.6442,404.89505,405.77911,408.90088,410.64862,BOL-ADM3-33444609B106993,398.76425,401.23294,403.70764,406.18307,408.66589,411.15881,398.77682,401.23026,403.69647,406.17416,408.66513,411.16998,398.58176,401.2775,403.87265,406.30453,408.67468,411.00201
317,San Pedro de Quemes,398.32721,401.87271,403.11172,405.64706,408.41678,410.47061,BOL-ADM3-33444609B51545061,398.73993,401.08487,403.43936,405.80731,408.18933,410.58398,398.74164,401.08371,403.43842,405.80673,408.18915,410.58517,398.7114,401.10648,403.45361,405.81332,408.19168,410.56833
318,San JuliÃ¡n,398.93524,400.98035,403.36072,405.3573,409.86871,410.53436,BOL-ADM3-33444609B42696709,398.67908,401.11948,403.57751,406.05429,408.54901,411.05392,398.67642,401.12045,403.58023,406.05585,408.54745,411.05295,398.72015,401.10284,403.53479,406.03165,408.58133,411.06256
319,El Puente,398.58386,401.16214,403.3371,406.21658,409.18961,409.57285,BOL-ADM3-33444609B68632045,398.83499,401.15985,403.49554,405.83981,408.18839,410.54092,398.84241,401.15967,403.48978,405.83209,408.18564,410.55032,398.7348,401.15909,403.57367,405.95422,408.23724,410.40057
320,Comarapa,397.9361,400.36139,401.08572,404.32703,408.12042,408.99686,BOL-ADM3-33444609B10638383,397.65915,399.95941,402.27585,404.61533,406.9729,409.34091,397.65326,399.96054,402.28198,404.61938,406.97156,409.33661,397.74789,399.94205,402.1788,404.55728,407.00143,409.39633
321,Bermejo,396.6329,400.05081,402.15714,406.94061,406.42099,409.44061,BOL-ADM3-33444609B8717747,397.32538,399.82993,402.34357,404.86084,407.3754,409.9007,397.3392,399.8284,402.33148,404.84732,407.37402,409.91534,397.12781,399.85052,402.51166,405.06128,407.39114,409.69376
322,Villa Charcas,397.00632,401.39438,403.21643,406.01962,408.1969,408.91306,BOL-ADM3-33444609B53463626,398.20239,400.57092,402.94144,405.30972,407.67484,410.04224,398.22043,400.56787,402.92624,405.29428,407.67194,410.06061,397.94464,400.61716,403.15533,405.52896,407.71722,409.77875
323,Puerto Acosta,398.44818,402.61884,404.11255,406.96094,409.7113,411.87839,BOL-ADM3-33444609B82635532,399.11789,401.70425,404.30038,406.90906,409.53046,412.16602,399.12381,401.70233,404.29596,406.905,409.53009,412.17111,399.03131,401.73642,404.36517,406.96359,409.5379,412.09409
324,Escoma,398.1904,402.37949,404.00922,407.86765,409.85388,411.30661,BOL-ADM3-33444609B17656422,399.04218,401.65598,404.27823,406.90753,409.53964,412.18015,399.0549,401.65387,404.26764,406.89569,409.53729,412.19391,398.858,401.68567,404.42496,407.07715,409.57599,411.9819
325,CharaÃ±a,398.90939,401.82431,403.46469,405.84747,408.53082,411.34543,BOL-ADM3-33444609B71044330,398.96835,401.35443,403.75421,406.17203,408.60901,411.06354,398.96512,401.35406,403.75729,406.17572,408.60999,411.05942,399.01132,401.36304,403.71207,406.11627,408.59497,411.1243
326,Achacachi,398.18243,403.84479,405.56146,406.52737,408.755,412.05405,BOL-ADM3-33444609B93991773,399.74338,402.17151,404.59854,407.0253,409.46231,411.91531,399.75635,402.1665,404.58716,407.01871,409.46368,411.92374,399.54596,402.25952,404.77011,407.10721,409.42914,411.80435
327,Taraco,400.58578,402.73666,405.27057,407.3447,410.24405,412.6069,BOL-ADM3-33444609B13753118,400.44296,402.8302,405.23322,407.6525,410.08896,412.54077,400.44049,402.8306,405.23514,407.65463,410.08914,412.53842,400.4762,402.82501,405.20538,407.62119,410.08719,412.57343
328,La (Marka) San AndrÃ©s de Mach,399.17603,403.07224,404.39212,407.33636,409.1564,411.82312,BOL-ADM3-33444609B75690871,399.80878,402.20316,404.6055,407.01813,409.44122,411.87817,399.8139,402.20142,404.60126,407.01465,409.44122,411.88229,399.72986,402.2348,404.66571,407.06625,409.43674,411.82144
329,Tacobamba,396.98102,399.13443,401.21509,404.63992,407.66495,410.21515,BOL-ADM3-33444609B31051948,396.55142,399.22296,401.9169,404.63696,407.37967,410.14175,396.5452,399.2243,401.92267,404.64139,407.37949,410.13647,396.64316,399.2009,401.82993,404.57581,407.38531,410.21432
330,Challapata,398.38654,402.70859,404.05463,407.29019,408.6192,410.62497,BOL-ADM3-33444609B24985970,399.40976,401.75385,404.10129,406.45123,408.80252,411.16174,399.4227,401.75116,404.09052,406.44055,408.80136,411.17432,399.22125,401.79755,404.25528,406.603,408.81754,410.98611
331,UncÃ­a,398.70901,402.24747,404.30173,407.21304,409.63943,411.15765,BOL-ADM3-33444609B93024851,399.31454,401.79544,404.28555,406.78336,409.28741,411.80042,399.32367,401.79388,404.27805,406.77539,409.28568,411.81003,399.18298,401.81766,404.39276,406.89938,409.31339,411.66101
332,Ravelo,397.82971,399.88553,403.36057,405.24603,408.40469,410.38281,BOL-ADM3-33444609B54083051,397.76477,400.31219,402.87668,405.45453,408.04709,410.6535,397.76666,400.31238,402.87457,405.45239,408.0463,410.65604,397.73822,400.30627,402.9057,405.4837,408.05954,410.61472
333,Mizque,399.1012,402.55118,403.48203,405.75516,408.54001,408.95807,BOL-ADM3-33444609B27870252,399.76682,401.74792,403.7319,405.72025,407.71198,409.70587,399.77463,401.74619,403.72592,405.71387,407.71002,409.71408,399.65494,401.77396,403.81448,405.811,407.74426,409.58612
334,Pasorapa,398.33917,400.87662,402.32376,404.58118,407.9216,410.24866,BOL-ADM3-33444609B5020991,398.15948,400.49069,402.83731,405.2052,407.59534,410.00195,398.15283,400.49109,402.84344,405.21176,407.59592,409.99472,398.25406,400.48764,402.74741,405.11053,407.58737,410.10284
335,Cotagaita,397.91101,401.14462,403.30103,405.51556,408.47864,410.15063,BOL-ADM3-33444609B93401902,398.3306,400.75107,403.18207,405.62314,408.07529,410.53857,398.33572,400.74994,403.17783,405.61926,408.07452,410.54367,398.25653,400.76923,403.24167,405.67749,408.08969,410.46594
336,Camargo,398.17688,400.96423,402.733,405.74011,408.2348,410.78937,BOL-ADM3-33444609B61161865,398.19119,400.66873,403.1615,405.67245,408.20026,410.74435,398.18967,400.66873,403.16302,405.67383,408.20026,410.7428,398.21265,400.66968,403.13611,405.65369,408.20004,410.76611
337,VillazÃ³n,397.75641,401.84979,403.78232,406.04572,407.75342,410.11938,BOL-ADM3-33444609B2211567,398.71008,401.04108,403.3761,405.71347,408.05566,410.40842,398.72128,401.03839,403.36649,405.70517,408.05527,410.41818,398.54489,401.08679,403.51709,405.8284,408.05603,410.27145
338,Padcaya,396.0835,399.71021,402.87421,405.45947,407.35504,409.04303,BOL-ADM3-33444609B28920794,396.96576,399.54156,402.12527,404.70932,407.29382,409.88641,396.98184,399.53928,402.11111,404.69522,407.29187,409.90283,396.73431,399.57416,402.3288,404.91159,407.32275,409.65079
