asdf_id,viirs_ntl_annual_v20_avg_masked.2019.sum,viirs_ntl_annual_v20_avg_masked.2014.sum,viirs_ntl_annual_v20_avg_masked.2012.sum,viirs_ntl_annual_v20_avg_masked.2016.sum,viirs_ntl_annual_v20_avg_masked.2015.sum,viirs_ntl_annual_v20_avg_masked.2013.sum,viirs_ntl_annual_v20_avg_masked.2017.sum,viirs_ntl_annual_v20_avg_masked.2020.sum,viirs_ntl_annual_v20_avg_masked.2018.sum,Level,gqid,id,shapeGroup,shapeID,shapeName,shapeType
0,39.2158889771,1.773889422416687,3.1850645542144775,17.866594314575195,4.047488212585449,5.134267330169678,34.3580055237,38.637351989746094,38.4243850708,ADM3,0,0,BOL,BOL-ADM3-33444609B20338026,Esmeralda,ADM3
1,46.2766265869,20.31747817993164,17.496076583862305,18.629207611083984,22.243854522705078,21.289567947387695,45.4652481079,58.41024398803711,46.2301864624,ADM3,1,1,BOL,BOL-ADM3-33444609B53994240,Santuario de Quillacas,ADM3
2,12.8732366562,11.519571304321289,10.278369903564453,6.416913986206055,5.84263801574707,12.13556957244873,19.5988616943,26.99120330810547,18.7190704346,ADM3,2,2,BOL,BOL-ADM3-33444609B27878331,Pampa Aullagas,ADM3
3,1397.35510254,825.3580932617188,652.833984375,1112.2481689453125,858.369384765625,746.3242797851562,1196.71350098,1290.5208740234375,1304.11157227,ADM3,3,3,BOL,BOL-ADM3-33444609B13957296,Llallagua,ADM3
4,33.1911659241,12.445464134216309,11.242740631103516,9.844965934753418,14.7135009765625,17.233291625976562,24.8384075165,46.89235305786133,29.6704616547,ADM3,4,4,BOL,BOL-ADM3-33444609B2060227,Caripuyo,ADM3
5,525.629638672,307.5560302734375,320.7195739746094,416.95648193359375,353.1154479980469,330.4244689941406,503.605621338,569.8402709960938,543.701904297,ADM3,5,5,BOL,BOL-ADM3-33444609B22499454,Aiquile,ADM3
6,75.844833374,34.52216339111328,27.68954849243164,40.14476776123047,35.484031677246094,36.43451690673828,58.8878669739,85.72061920166016,77.4872436523,ADM3,6,6,BOL,BOL-ADM3-33444609B14646898,Sacaca,ADM3
7,21.2751560211,5.177781105041504,4.447775840759277,3.593858480453491,4.708926677703857,4.559866428375244,14.9670600891,27.534053802490234,15.7047538757,ADM3,7,7,BOL,BOL-ADM3-33444609B19396342,Acasio,ADM3
8,817.873413086,546.3309936523438,434.3235168457031,596.0746459960938,538.1737670898438,528.19189453125,704.930236816,853.3568725585938,761.953491211,ADM3,8,8,BOL,BOL-ADM3-33444609B48998442,Huanuni,ADM3
9,37.1103019714,21.772090911865234,24.26772117614746,29.563989639282227,20.50360679626465,24.08892059326172,39.514087677,38.83644104003906,40.2466392517,ADM3,9,9,BOL,BOL-ADM3-33444609B43353864,Huachacalla,ADM3
10,152.300476074,101.15896606445312,61.29078674316406,144.153564453125,135.7329864501953,75.40400695800781,193.807006836,174.43064880371094,182.54498291,ADM3,10,10,BOL,BOL-ADM3-33444609B12212981,Santiago de Huari,ADM3
11,67.4970169067,44.30027770996094,43.75637435913086,38.965736389160156,47.03004837036133,48.97775650024414,58.1586151123,75.68199157714844,58.8941993713,ADM3,11,11,BOL,BOL-ADM3-33444609B81698958,Pazña,ADM3
12,165.063293457,81.9129867553711,75.32757568359375,126.14540100097656,102.19837951660156,82.33297729492188,163.737640381,177.12771606445312,157.602020264,ADM3,12,12,BOL,BOL-ADM3-33444609B39428862,Villa Rivero,ADM3
13,38.0831604004,16.054853439331055,13.855268478393555,28.69513511657715,22.940959930419922,15.776622772216797,41.7435264587,62.78795623779297,43.2368850708,ADM3,13,13,BOL,BOL-ADM3-33444609B55151365,Andamarca,ADM3
14,20.6799888611,9.286788940429688,3.9925005435943604,10.416546821594238,14.533226013183594,10.382877349853516,22.5154571533,26.214794158935547,20.545665741,ADM3,14,14,BOL,BOL-ADM3-33444609B33779243,Chacarilla,ADM3
15,816.128234863,348.92938232421875,272.156494140625,553.8282470703125,493.6933288574219,325.87664794921875,666.880737305,1060.6116943359375,660.034362793,ADM3,15,15,BOL,BOL-ADM3-33444609B65270572,Arbieto,ADM3
16,15.2928705215,10.787976264953613,3.686506748199463,10.540382385253906,12.560176849365234,7.06254243850708,16.9334545135,7.776403427124023,16.3664512634,ADM3,16,16,BOL,BOL-ADM3-33444609B96301403,Papel Pampa,ADM3
17,103.724586487,34.15711975097656,21.615814208984375,33.485721588134766,38.926368713378906,24.51025390625,114.832420349,118.69305419921875,115.635475159,ADM3,17,17,BOL,BOL-ADM3-33444609B33786797,Umala,ADM3
18,22458.6738281,14688.18359375,10174.353515625,20910.83203125,16943.4921875,11893.478515625,23291.4003906,21705.97265625,22807.4101562,ADM3,18,18,BOL,BOL-ADM3-33444609B89522171,Oruro,ADM3
19,49.3766479492,36.277652740478516,16.778797149658203,38.21443557739258,40.94314193725586,26.029619216918945,57.1769485474,56.14983367919922,56.9680366516,ADM3,19,19,BOL,BOL-ADM3-33444609B49437729,Huayllamarca,ADM3
20,18.3308906555,10.967366218566895,7.507875442504883,14.20230770111084,18.726503372192383,10.929779052734375,28.6854400635,21.143451690673828,26.9086608887,ADM3,20,20,BOL,BOL-ADM3-33444609B90350398,San Pedro de Curahuara,ADM3
21,30.6620063782,14.18814468383789,13.809839248657227,14.394063949584961,18.04754066467285,15.726957321166992,30.1573638916,31.414234161376953,29.8318901062,ADM3,21,21,BOL,BOL-ADM3-33444609B28043407,Sicaya,ADM3
22,912.808288574,810.0148315429688,682.4830932617188,801.455078125,821.2529296875,735.7755126953125,967.991333008,842.8209838867188,941.180053711,ADM3,22,22,BOL,BOL-ADM3-33444609B22047407,Puerto Quijarro,ADM3
23,434.687683105,322.9529724121094,317.3524169921875,342.9830017089844,345.4417724609375,336.9388427734375,406.287567139,416.5617980957031,401.972564697,ADM3,23,23,BOL,BOL-ADM3-33444609B45253703,Capinota,ADM3
24,129.599655151,68.18721771240234,48.46227264404297,72.77301025390625,92.96176147460938,65.85188293457031,128.632492065,115.61235046386719,155.666915894,ADM3,24,24,BOL,BOL-ADM3-33444609B98674568,Arque,ADM3
25,317.826873779,126.64643096923828,118.2604751586914,171.60324096679688,155.9871826171875,145.22735595703125,288.474151611,321.61553955078125,321.233306885,ADM3,25,25,BOL,BOL-ADM3-33444609B17270625,Corocoro,ADM3
26,985.280944824,471.2096862792969,412.0102844238281,637.8863525390625,557.8251953125,450.1168212890625,743.86517334,1418.6497802734375,788.516906738,ADM3,26,26,BOL,BOL-ADM3-33444609B19104054,San Benito,ADM3
27,14.4855089188,6.0542144775390625,5.6583476066589355,11.2589111328125,9.350325584411621,10.511419296264648,20.30219841,10.031834602355957,18.5201416016,ADM3,27,27,BOL,BOL-ADM3-33444609B66518212,Sapahaqui,ADM3
28,37.1374359131,10.435623168945312,7.830812454223633,14.316707611083984,10.43880558013916,13.603978157043457,32.5688247681,42.76227569580078,32.8904533386,ADM3,28,28,BOL,BOL-ADM3-33444609B10766550,Cairoma,ADM3
29,179.129562378,146.737060546875,142.5414581298828,149.92581176757812,137.40475463867188,149.2377166748047,205.180831909,190.85401916503906,180.042358398,ADM3,29,29,BOL,BOL-ADM3-33444609B98493674,Colquiri,ADM3
30,10.9142122269,8.66356372833252,8.308321952819824,6.888190269470215,8.179697036743164,10.896437644958496,14.0208482742,8.707847595214844,20.9854488373,ADM3,30,30,BOL,BOL-ADM3-33444609B35095185,Ichoca,ADM3
31,4772.87402344,2560.52099609375,2098.215087890625,3909.919921875,3569.9736328125,2529.100830078125,4392.01269531,4931.78076171875,4823.31933594,ADM3,31,31,BOL,BOL-ADM3-33444609B27516383,La Guardia,ADM3
32,10.6854639053,12.102934837341309,10.750187873840332,8.184959411621094,10.684879302978516,12.542994499206543,16.5483036041,13.80158805847168,12.4032154083,ADM3,32,32,BOL,BOL-ADM3-33444609B65462728,Moromoro,ADM3
33,757.412475586,623.5037231445312,551.7857666015625,677.7981567382812,704.4967041015625,633.8984375,786.581054688,839.8010864257812,786.197387695,ADM3,33,33,BOL,BOL-ADM3-33444609B3283622,El Torno,ADM3
34,332.427154541,262.7900390625,267.23126220703125,287.46649169921875,246.76742553710938,322.1723937988281,353.667175293,371.44940185546875,379.083740234,ADM3,34,34,BOL,BOL-ADM3-33444609B3665426,Samaipata,ADM3
35,84.6158065796,35.249977111816406,36.528663635253906,34.50342559814453,38.66165542602539,41.83254623413086,77.336730957,82.1636734008789,97.8443450928,ADM3,35,35,BOL,BOL-ADM3-33444609B75362770,San Lucas,ADM3
36,56.3541946411,31.277265548706055,24.102020263671875,42.26967239379883,31.4328670501709,22.871164321899414,56.8751220703,109.36933135986328,60.5427780151,ADM3,36,36,BOL,BOL-ADM3-33444609B89526883,Culpina,ADM3
37,29.474905014,15.573291778564453,7.61771297454834,18.928192138671875,22.42501449584961,11.954900741577148,26.5846176147,32.042083740234375,23.7797698975,ADM3,37,37,BOL,BOL-ADM3-33444609B77799107,Incahuasi,ADM3
38,267.007507324,148.86813354492188,140.9921875,217.2909698486328,207.18064880371094,167.08560180664062,279.516784668,335.2417907714844,289.95715332,ADM3,38,38,BOL,BOL-ADM3-33444609B36544235,San Juan,ADM3
39,18.0484237671,19.129501342773438,15.612367630004883,11.00561809539795,19.113861083984375,19.4713134765625,20.9065055847,23.064586639404297,27.029132843,ADM3,39,39,BOL,BOL-ADM3-33444609B69045844,Tinguipaya,ADM3
40,110.41607666,25.802242279052734,19.556533813476562,38.998619079589844,38.0858154296875,24.797863006591797,94.6200866699,144.45513916015625,109.133209229,ADM3,40,40,BOL,BOL-ADM3-33444609B29777572,San Pedro,ADM3
41,116.661613464,40.32537078857422,35.165199279785156,53.445289611816406,46.83601760864258,36.464332580566406,88.8954315186,125.52831268310547,99.256439209,ADM3,41,41,BOL,BOL-ADM3-33444609B4195370,Villa Ancoraimes,ADM3
42,2086.10512543,1562.7343788146973,1603.7527961730957,1716.2211303710938,1586.2074661254883,1614.5894813537598,2045.43878174,2270.2199783325195,2068.02757263,ADM3,42,42,BOL,BOL-ADM3-33444609B80268637,"Colcha ""K""",ADM3
43,160.010025024,75.5325927734375,42.278072357177734,103.59160614013672,78.86577606201172,63.85326385498047,144.496810913,156.04397583007812,150.290328979,ADM3,43,43,BOL,BOL-ADM3-33444609B33602201,Puerto Mayor de Carabuco,ADM3
44,123.483688354,76.5838394165039,90.0404052734375,79.92192840576172,84.8472900390625,101.79452514648438,134.616516113,159.38099670410156,144.478439331,ADM3,44,44,BOL,BOL-ADM3-33444609B55181457,Sabaya,ADM3
45,9.87012481689,4.4502668380737305,2.081223249435425,6.308434963226318,7.808361530303955,2.6862406730651855,8.62516880035,15.163902759552002,12.3753528595,ADM3,45,45,BOL,BOL-ADM3-33444609B74955412,Loreto,ADM3
46,252.198890686,164.22257661819458,175.0325412750244,202.69855785369873,190.4043788909912,182.19203186035156,302.917528152,291.19858264923096,283.909955978,ADM3,46,46,BOL,BOL-ADM3-33444609B79735413,Tomave,ADM3
47,389.836578369,190.59716796875,172.40451049804688,288.0630187988281,209.8132781982422,197.54640197753906,317.26550293,386.3174133300781,295.98626709,ADM3,47,47,BOL,BOL-ADM3-33444609B50648219,Porco,ADM3
48,5033.09404439,4740.294426903129,3925.411734715104,3709.0776971280575,3981.8583649992943,4178.161731764674,4615.07321471,5182.66037607193,4579.73009777,ADM3,48,48,BOL,BOL-ADM3-33444609B43551685,Villa Montes,ADM3
49,344.134216309,227.79103088378906,187.01577758789062,292.13116455078125,308.09283447265625,214.6633758544922,357.498443604,363.76214599609375,362.022399902,ADM3,49,49,BOL,BOL-ADM3-33444609B55738046,Yocalla,ADM3
50,23.1222057343,17.247453689575195,12.890722274780273,19.366945266723633,21.43916893005371,18.65300941467285,31.0100231171,32.077030181884766,27.8941764832,ADM3,50,50,BOL,BOL-ADM3-33444609B4133228,Urmiri,ADM3
51,54.1836738586,16.93600082397461,14.098381042480469,15.27523422241211,16.169584274291992,18.17812728881836,34.0731086731,41.029293060302734,44.5543365479,ADM3,51,51,BOL,BOL-ADM3-33444609B8281684,Mocomoco,ADM3
52,105.29800415,76.71453857421875,85.68064880371094,108.78604888916016,91.13256072998047,95.9515380859375,116.443878174,128.16864013671875,113.2315979,ADM3,52,52,BOL,BOL-ADM3-33444609B21235771,Saipina,ADM3
53,39.0811386108,29.6402645111084,20.07084846496582,56.6640510559082,35.713871002197266,26.4803409576416,46.2555847168,37.62095642089844,48.1921653748,ADM3,53,53,BOL,BOL-ADM3-33444609B25995685,Omereque,ADM3
54,2657.79882812,1544.3482666015625,1085.6221923828125,1952.703857421875,1838.7374267578125,1221.1380615234375,2339.18212891,2677.81689453125,2758.10205078,ADM3,54,54,BOL,BOL-ADM3-33444609B55124296,Porongo,ADM3
55,61675.640625,48710.87890625,39670.73046875,61954.8515625,58417.61328125,45361.2421875,62087.5234375,59850.9609375,64137.6210938,ADM3,55,55,BOL,BOL-ADM3-33444609B6878387,Santa Cruz de la Sierra,ADM3
56,197.521652997,95.62075996398926,84.24217081069946,129.5418180823326,87.70176503062248,113.37826716899872,159.015721023,190.1581199169159,175.352841079,ADM3,56,56,BOL,BOL-ADM3-33444609B3318455,San Ignacio,ADM3
57,22.5245361328,1.5782577991485596,1.9808446168899536,13.597513198852539,7.667015552520752,2.68850040435791,22.6343631744,19.397457122802734,25.8357124329,ADM3,57,57,BOL,BOL-ADM3-33444609B8905284,San Javier,ADM3
58,535.93989563,337.2456359863281,320.3183431625366,439.4766149520874,401.5180130004883,422.1476860046387,584.383012772,560.7962989807129,471.762174606,ADM3,58,58,BOL,BOL-ADM3-33444609B2142879,San Pedro,ADM3
59,13.1462430954,11.805093765258789,3.5462260246276855,14.297472953796387,10.92380142211914,7.938620567321777,22.2321929932,24.974145889282227,25.4602870941,ADM3,59,59,BOL,BOL-ADM3-33444609B87038976,Cajuata,ADM3
60,20.4469985962,11.682923316955566,8.723004341125488,10.531588554382324,10.313462257385254,18.637004852294922,21.0559692383,20.726049423217773,22.5362701416,ADM3,60,60,BOL,BOL-ADM3-33444609B59519836,Inquisivi,ADM3
61,93.9590759277,31.545360565185547,23.171627044677734,57.49755859375,35.843231201171875,33.73902130126953,92.3649749756,86.89707946777344,86.4472351074,ADM3,61,61,BOL,BOL-ADM3-33444609B26067698,Irupana,ADM3
62,27.69921875,32.14289093017578,29.417827606201172,36.240604400634766,29.082399368286133,20.069080352783203,42.8294067383,43.717498779296875,53.4587440491,ADM3,62,62,BOL,BOL-ADM3-33444609B18902401,Chulumani,ADM3
63,188.757965088,133.0791778564453,108.03924560546875,182.41680908203125,151.86709594726562,123.3438720703125,203.51234436,183.65525817871094,202.971420288,ADM3,63,63,BOL,BOL-ADM3-33444609B62162538,Poopó,ADM3
64,15.8477306366,9.099295616149902,13.768721580505371,7.323483943939209,11.933113098144531,12.865996360778809,19.1612415314,16.35431480407715,15.9010696411,ADM3,64,64,BOL,BOL-ADM3-33444609B19359116,Totora,ADM3
65,386.005401611,232.75181579589844,234.43484497070312,233.79942321777344,243.18296813964844,240.8660888671875,309.531158447,420.083740234375,365.162139893,ADM3,65,65,BOL,BOL-ADM3-33444609B40503271,Betanzos,ADM3
66,91.6852340698,25.09466552734375,22.53626823425293,36.742897033691406,34.83536911010742,26.644926071166992,83.0917816162,85.1065902709961,108.587638855,ADM3,66,66,BOL,BOL-ADM3-33444609B16444652,Turco,ADM3
67,7.05502891541,2.726447820663452,3.010711193084717,7.359871864318848,5.114076137542725,4.818167686462402,6.3340678215,9.737003326416016,8.41095542908,ADM3,67,67,BOL,BOL-ADM3-33444609B61346396,Todos Santos,ADM3
68,374.067192078,197.38875007629395,174.3134994506836,260.59004402160645,187.29774057865143,202.30552291870117,355.701984525,354.7862877845764,420.414138794,ADM3,68,68,BOL,BOL-ADM3-33444609B73204671,Concepción,ADM3
69,698.011398315,945.5786361694336,619.4758110046387,847.515172958374,1072.9451637268066,851.757604598999,818.821578979,763.7274169921875,804.381912231,ADM3,69,69,BOL,BOL-ADM3-33444609B19125904,Santa Rosa,ADM3
70,22.4578094482,0.0,4.209869861602783,5.344696998596191,1.6694737672805786,0.0,13.6177244186,19.592937469482422,27.1442127228,ADM3,70,70,BOL,BOL-ADM3-33444609B59987600,Huacaraje,ADM3
71,16.1204490662,4.457159042358398,2.557778835296631,4.336880683898926,5.020744323730469,5.474520683288574,8.44821739197,15.988322257995605,8.72989368439,ADM3,71,71,BOL,BOL-ADM3-33444609B98058544,La Rivera,ADM3
72,4619.29589844,1001.725830078125,1166.968017578125,1327.4271240234375,1241.09765625,1724.375244140625,1132.96606445,1271.309814453125,1144.10327148,ADM3,72,72,BOL,BOL-ADM3-33444609B65603601,Entre Ríos,ADM3
73,62.3422588985,19.1320418715477,27.172823991044424,42.99893641471863,33.70144200325012,25.246000472456217,55.93485355,57.143218982964754,56.5629377961,ADM3,73,73,BOL,BOL-ADM3-33444609B85871655,San Joaquín,ADM3
74,83.6401290894,17.71668243408203,24.830490112304688,65.7989730834961,78.75505065917969,22.169883728027344,69.4246292114,78.74099731445312,68.4834747314,ADM3,74,74,BOL,BOL-ADM3-33444609B31629000,San Ramón,ADM3
75,125.719085693,60.32408142089844,66.10723876953125,80.19645690917969,73.911865234375,72.73799896240234,115.507743835,148.6405029296875,121.536743164,ADM3,75,75,BOL,BOL-ADM3-33444609B70300813,Tiahuanacu,ADM3
76,96.5724639893,48.70635223388672,37.62211608886719,57.25868225097656,56.96119689941406,51.09944152832031,90.906036377,100.7823486328125,96.5585861206,ADM3,76,76,BOL,BOL-ADM3-33444609B2169284,Colquechaca,ADM3
77,53.4014282227,13.549072265625,17.422950744628906,17.248882293701172,19.026714324951172,19.65803337097168,34.0146865845,53.3616828918457,43.2681159973,ADM3,77,77,BOL,BOL-ADM3-33444609B28265316,Pocoata,ADM3
78,63.7113968134,35.29690890945494,21.472057342529297,37.217001924756914,30.171851739287376,43.133209228515625,64.8058575094,78.32790619134903,67.5610922799,ADM3,78,78,BOL,BOL-ADM3-33444609B5007094,Llica,ADM3
79,9846.25878906,8128.22509765625,5562.6494140625,10101.7529296875,9195.517578125,6364.72607421875,9626.29101562,9134.189453125,9578.66699219,ADM3,79,79,BOL,BOL-ADM3-33444609B2586032,Quillacollo,ADM3
80,10178.5019531,7058.30517578125,5960.68359375,8543.767578125,7423.69384765625,6411.94775390625,9143.56933594,10263.6708984375,9724.01757812,ADM3,80,80,BOL,BOL-ADM3-33444609B27378021,Sacaba,ADM3
81,2704.01635742,2023.74609375,1820.342529296875,2429.679931640625,2124.098388671875,1913.2540283203125,2463.49633789,2668.521728515625,2523.06835938,ADM3,81,81,BOL,BOL-ADM3-33444609B80439797,Tiquipaya,ADM3
82,3763.57177734,2504.15234375,2155.818603515625,3061.341552734375,2580.449462890625,2309.604736328125,3198.88598633,3685.1767578125,3467.60668945,ADM3,82,82,BOL,BOL-ADM3-33444609B86021401,Colcapirhua,ADM3
83,2508.49707031,1699.47998046875,1466.4957275390625,2116.228759765625,1824.2469482421875,1615.807373046875,2395.9934082,2419.038330078125,2368.27563477,ADM3,83,83,BOL,BOL-ADM3-33444609B57513939,Sipesipe,ADM3
84,2790.09057617,2030.9095458984375,1616.7305908203125,2475.1494140625,2225.716552734375,1757.739990234375,2707.98266602,2686.81884765625,2629.07128906,ADM3,84,84,BOL,BOL-ADM3-33444609B63544582,Vinto,ADM3
85,351.01461792,264.6568603515625,201.65577697753906,358.8880310058594,314.5850830078125,212.408935546875,350.39743042,288.4914855957031,355.43560791,ADM3,85,85,BOL,BOL-ADM3-33444609B91378627,Tarata,ADM3
86,308.435913086,196.6501007080078,135.71853637695312,244.8365478515625,248.74905395507812,154.0549774169922,264.909423828,311.88739013671875,322.852233887,ADM3,86,86,BOL,BOL-ADM3-33444609B10790515,Totora,ADM3
87,487.155517578,312.95989990234375,224.00344848632812,389.3801574707031,333.4500732421875,297.9817810058594,659.383850098,541.6050415039062,543.354064941,ADM3,87,87,BOL,BOL-ADM3-33444609B62366677,Buena Vista,ADM3
88,452.649871826,220.50364685058594,229.91595458984375,320.30450439453125,281.333740234375,264.7248840332031,414.671600342,480.33843994140625,454.36505127,ADM3,88,88,BOL,BOL-ADM3-33444609B65201053,San Carlos,ADM3
89,89.6990203857,52.36919021606445,19.71712303161621,83.1181411743164,62.45917510986328,26.706880569458008,103.995635986,92.51307678222656,99.6746444702,ADM3,89,89,BOL,BOL-ADM3-33444609B24515942,Magdalena,ADM3
90,713.735168457,443.14422607421875,335.6535339355469,545.4231567382812,514.4796752929688,480.3165588378906,692.778625488,742.7752075195312,720.842041016,ADM3,90,90,BOL,BOL-ADM3-33444609B38843317,Portachuelo,ADM3
91,1.66591715813,0.9672326445579529,0.0,0.0,1.1490681171417236,0.0,0.0,0.0,0.0,ADM3,91,91,BOL,BOL-ADM3-33444609B37744367,San Antonio de Esmoruco,ADM3
92,306.681060791,184.3506622314453,96.82940673828125,263.7344665527344,291.30328369140625,105.2908706665039,344.121673584,306.5234680175781,342.51473999,ADM3,92,92,BOL,BOL-ADM3-33444609B1106358,Uriondo,ADM3
93,0.673155903816,0.0,0.0,0.0,0.0,0.0,0.0,2.8647727966308594,0.0,ADM3,93,93,BOL,BOL-ADM3-33444609B85745690,Mojinete,ADM3
94,4654.29394531,3366.464111328125,2881.88916015625,4799.37939453125,4859.30908203125,3202.86376953125,4910.0703125,4867.56591796875,4630.82666016,ADM3,94,94,BOL,BOL-ADM3-33444609B87243497,Yacuiba,ADM3
95,136.477325439,6.273605823516846,6.986927509307861,45.06189727783203,7.923259735107422,6.9695143699646,190.652542114,99.15694427490234,192.705200195,ADM3,95,95,BOL,BOL-ADM3-33444609B234644,Yunchará,ADM3
96,1501.06201172,2407.855712890625,4185.595703125,2355.4111328125,2650.6455078125,3742.205078125,1854.17541504,1390.195556640625,1754.90905762,ADM3,96,96,BOL,BOL-ADM3-33444609B75965900,Caraparí,ADM3
97,962.510803223,503.4442138671875,438.2510986328125,654.3742065429688,632.416015625,472.15447998046875,811.941162109,1487.31640625,811.712280273,ADM3,97,97,BOL,BOL-ADM3-33444609B88496650,San Lorenzo,ADM3
98,237.428344727,145.39739990234375,69.53790283203125,164.82485961914062,174.63351440429688,80.88748168945312,227.826019287,256.8074951171875,203.601913452,ADM3,98,98,BOL,BOL-ADM3-33444609B59853279,El Puente,ADM3
99,27.5348091125,7.962522983551025,5.753509521484375,8.068280220031738,9.739889144897461,6.916858673095703,29.0789089203,31.06498908996582,25.9785270691,ADM3,99,99,BOL,BOL-ADM3-33444609B34120572,Toro Toro,ADM3
100,26.6669425964,8.901124954223633,8.181024551391602,15.410245895385742,14.27424430847168,6.230511665344238,27.3835811615,27.8780460357666,19.8664207458,ADM3,100,100,BOL,BOL-ADM3-33444609B63002823,San Agustín,ADM3
101,9259.87207031,6629.41796875,5069.73828125,7416.6494140625,7088.57958984375,5447.28759765625,8208.83300781,9582.98046875,8639.86523438,ADM3,101,101,BOL,BOL-ADM3-33444609B48940768,Tarija,ADM3
102,20.280040741,3.290225028991699,2.847226142883301,9.84952163696289,5.499529838562012,1.9951807260513306,20.8159637451,25.34319305419922,19.78399086,ADM3,102,102,BOL,BOL-ADM3-33444609B83584775,Tahua,ADM3
103,13.5528202057,36.84334897994995,30.093454837799072,36.22402000427246,40.48926281929016,38.153940200805664,44.5609045029,8.111870527267456,46.1776123047,ADM3,103,103,BOL,BOL-ADM3-33444609B12022744,San Pablo,ADM3
104,120.903266907,54.27091979980469,23.891143798828125,65.27413177490234,65.23689270019531,46.73964309692383,87.1504058838,135.5360870361328,72.5062561035,ADM3,104,104,BOL,BOL-ADM3-33444609B6650687,Las Carreras,ADM3
105,25.6208057404,10.560291290283203,8.445464134216309,16.843353271484375,13.871965408325195,8.61231517791748,26.960067749,26.789005279541016,25.1120586395,ADM3,105,105,BOL,BOL-ADM3-33444609B72563416,Villa Abecia,ADM3
106,294.904541016,132.458984375,91.50935363769531,253.7534942626953,230.28564453125,136.93801879882812,342.460693359,278.7075500488281,314.184356689,ADM3,106,106,BOL,BOL-ADM3-33444609B32136747,Morochata,ADM3
107,10.5859060287,3.296876907348633,4.160961627960205,8.049949645996094,3.8728134632110596,4.924172878265381,10.2847986221,16.359163284301758,10.5505046844,ADM3,107,107,BOL,BOL-ADM3-33444609B11014199,Carangas,ADM3
108,8.35516166687,3.620805501937866,2.222959280014038,3.021338701248169,3.6718249320983887,2.2375667095184326,11.2103347778,5.841378688812256,11.8367166519,ADM3,108,108,BOL,BOL-ADM3-33444609B29831186,Yunguyo del Litoral,ADM3
109,13.894241333,0.9046153426170349,0.0,2.1508572101593018,0.0,0.0,8.44452476501,7.880324840545654,7.8888759613,ADM3,109,109,BOL,BOL-ADM3-33444609B64125054,Cruz de Machacamarca,ADM3
110,224.062408447,208.98841857910156,145.90501403808594,180.69822692871094,198.97061157226562,163.47348022460938,186.751052856,193.2744140625,194.155593872,ADM3,110,110,BOL,BOL-ADM3-33444609B44425060,Antequera,ADM3
111,7.18256616592,2.447418212890625,0.3229341208934784,2.9588587284088135,2.1593189239501953,2.085908889770508,7.0670838356,7.736605644226074,6.9152264595,ADM3,111,111,BOL,BOL-ADM3-33444609B30420791,Nazacara de Pacajes,ADM3
112,130.220123291,60.543678283691406,36.54606628417969,73.77963256835938,70.50102996826172,40.998741149902344,116.331642151,125.73001861572266,118.867141724,ADM3,112,112,BOL,BOL-ADM3-33444609B25496031,Caquiaviri,ADM3
113,27.2303199768,2.067452907562256,0.0,23.844680786132812,12.467571258544922,2.1839938163757324,32.8213195801,27.40033531188965,29.9073524475,ADM3,113,113,BOL,BOL-ADM3-33444609B78062899,Belén de Andamarca,ADM3
114,79.3011016846,50.582969665527344,53.287559509277344,58.03932189941406,60.857845306396484,57.61642074584961,94.7457809448,89.793212890625,93.7073745728,ADM3,114,114,BOL,BOL-ADM3-33444609B19215102,Corque,ADM3
115,73.9058609009,31.72966766357422,40.12721633911133,50.870452880859375,42.95947265625,39.0183219909668,91.9973297119,86.69139862060547,87.1658859253,ADM3,115,115,BOL,BOL-ADM3-33444609B29766009,Vitiche,ADM3
116,53.3071022034,17.754987716674805,17.869571685791016,40.63714599609375,19.313365936279297,21.317859649658203,78.5079193115,33.9066276550293,67.5450134277,ADM3,116,116,BOL,BOL-ADM3-33444609B50583695,Luribay,ADM3
117,114.551124573,154.39125061035156,85.98902893066406,115.76402282714844,116.57333374023438,95.35302734375,122.315238953,112.83883666992188,113.989341736,ADM3,117,117,BOL,BOL-ADM3-33444609B61739549,Machacamarca,ADM3
118,14.2688064575,8.001501083374023,6.250129222869873,6.73737096786499,7.287115097045898,10.27571964263916,15.5134525299,16.598812103271484,13.4773483276,ADM3,118,118,BOL,BOL-ADM3-33444609B79352083,Arampampa,ADM3
119,27.8540554047,16.733657836914062,16.489885330200195,17.693256378173828,20.592182159423828,22.674514770507812,23.9492511749,31.76420021057129,25.4821071625,ADM3,119,119,BOL,BOL-ADM3-33444609B67664908,Sacabamba,ADM3
120,32.3261451721,14.423690795898438,11.801108360290527,22.46479606628418,26.967119216918945,13.36235237121582,32.5181541443,28.31092071533203,42.3651504517,ADM3,120,120,BOL,BOL-ADM3-33444609B24659770,Anzaldo,ADM3
121,150.101409912,123.51287841796875,94.24140930175781,165.3164825439453,147.53872680664062,110.37508392333984,173.150192261,155.07705688476562,142.882034302,ADM3,121,121,BOL,BOL-ADM3-33444609B17865743,Toco,ADM3
122,20.7368984222,11.269233703613281,8.782710075378418,15.490001678466797,14.362687110900879,11.603687286376953,18.6122817993,22.310468673706055,17.2795810699,ADM3,122,122,BOL,BOL-ADM3-33444609B84509711,Villa Gualberto Villarroel,ADM3
123,23.5602760315,11.422182083129883,10.524496078491211,16.622156143188477,19.007518768310547,12.897329330444336,20.4328460693,26.385066986083984,23.0017948151,ADM3,123,123,BOL,BOL-ADM3-33444609B63808862,Tacachi,ADM3
124,1072.07348633,1019.3783569335938,893.3175048828125,1024.59375,1044.97802734375,963.3509521484375,1034.63574219,1057.9219970703125,1044.22399902,ADM3,124,124,BOL,BOL-ADM3-33444609B45712919,Cliza,ADM3
125,39.6797218323,15.114404678344727,7.352798938751221,27.79476547241211,37.59941101074219,12.754826545715332,41.0236587524,39.71516799926758,43.570148468,ADM3,125,125,BOL,BOL-ADM3-33444609B71410216,Tacopaya,ADM3
126,58.5618629456,23.802494049072266,15.542186737060547,41.400634765625,38.72254180908203,20.679340362548828,75.2224960327,67.22746276855469,64.0936889648,ADM3,126,126,BOL,BOL-ADM3-33444609B34376575,El Choro,ADM3
127,106.134750366,219.74560546875,212.4402313232422,135.73435974121094,193.7012939453125,255.40753173828125,158.450866699,112.91996002197266,128.863418579,ADM3,127,127,BOL,BOL-ADM3-33444609B90107878,Toledo,ADM3
128,504.472259521,280.57794189453125,263.05145263671875,405.9932861328125,351.70941162109375,274.4825134277344,490.729217529,556.9932861328125,508.726165771,ADM3,128,128,BOL,BOL-ADM3-33444609B16998103,Santivañez,ADM3
129,443.338806152,124.15131378173828,88.42362976074219,245.94134521484375,230.33740234375,109.7951431274414,409.130187988,505.5572814941406,396.147949219,ADM3,129,129,BOL,BOL-ADM3-33444609B37510264,Paria,ADM3
130,142.287277222,26.53913116455078,18.186420440673828,64.41249084472656,35.8423957824707,25.40118408203125,114.259841919,110.34001922607422,119.503219604,ADM3,130,130,BOL,BOL-ADM3-33444609B66068349,Collana,ADM3
131,634.459838867,379.2139587402344,333.92535400390625,516.26318359375,453.72882080078125,356.7062072753906,533.880371094,983.0840454101562,500.168304443,ADM3,131,131,BOL,BOL-ADM3-33444609B94491619,Tolata,ADM3
132,1505.32287598,1275.69873046875,1258.163818359375,1590.585205078125,1472.2969970703125,1248.5379638671875,1482.9432373,1818.502197265625,1760.41333008,ADM3,132,132,BOL,BOL-ADM3-33444609B30727604,Cobija,ADM3
133,99.2057037354,34.844879150390625,33.26909255981445,43.91876220703125,41.590843200683594,35.19175338745117,71.7981338501,103.57807159423828,104.623695374,ADM3,133,133,BOL,BOL-ADM3-33444609B21077453,Eucaliptus,ADM3
134,51.8921737671,23.291566848754883,9.360082626342773,27.713279724121094,28.537097930908203,16.48802375793457,65.2910766602,46.30194854736328,63.7144355774,ADM3,134,134,BOL,BOL-ADM3-33444609B28630051,Santiago de Callapa,ADM3
135,35084.8945312,28126.62109375,22548.51171875,31503.23828125,29403.314453125,24625.849609375,31506.8242188,35019.171875,33595.6523438,ADM3,135,135,BOL,BOL-ADM3-33444609B41741681,Cochabamba,ADM3
136,920.444213867,366.03558349609375,267.11798095703125,496.4222412109375,491.4342956542969,323.7359924316406,641.073425293,862.7656860351562,630.358825684,ADM3,136,136,BOL,BOL-ADM3-33444609B22900187,Caracollo,ADM3
137,11.8774318695,4.532529354095459,1.3210852146148682,3.2569758892059326,5.8335771560668945,1.2717214822769165,11.7233800888,12.404953002929688,11.6579704285,ADM3,137,137,BOL,BOL-ADM3-33444609B21007182,Catacora,ADM3
138,57.8756065369,47.80160140991211,36.48024368286133,41.76448059082031,55.57378387451172,53.172142028808594,74.3477325439,47.50908279418945,65.7137145996,ADM3,138,138,BOL,BOL-ADM3-33444609B25632649,Yaco,ADM3
139,123.567855835,37.975589752197266,22.862062454223633,53.52748489379883,43.39899826049805,36.9703369140625,136.52243042,145.18870544433594,146.145523071,ADM3,139,139,BOL,BOL-ADM3-33444609B93045845,Calacoto,ADM3
140,659.833435059,341.8781433105469,175.49510192871094,515.4791870117188,432.00518798828125,214.47732543945312,620.813476562,689.5363159179688,649.214111328,ADM3,140,140,BOL,BOL-ADM3-33444609B26131324,Arani,ADM3
141,1792.44592285,906.2210693359375,705.513916015625,1487.1884765625,1167.1920166015625,763.8797607421875,1560.94018555,1837.893798828125,1721.55102539,ADM3,141,141,BOL,BOL-ADM3-33444609B3757470,Punata,ADM3
142,1375.87268066,902.9605102539062,501.2198791503906,1133.909912109375,1043.8682861328125,674.011474609375,1448.51855469,1359.51953125,1305.04797363,ADM3,142,142,BOL,BOL-ADM3-33444609B21151286,Sicasica,ADM3
143,1049.94348145,786.46630859375,561.6028442382812,814.9783325195312,839.6270141601562,618.7567749023438,1009.62322998,1022.4935913085938,934.577758789,ADM3,143,143,BOL,BOL-ADM3-33444609B32005482,Patacamaya,ADM3
144,213.359710693,131.19345092773438,47.72779083251953,173.4421844482422,174.2938690185547,127.72027587890625,229.352416992,232.0926055908203,210.143966675,ADM3,144,144,BOL,BOL-ADM3-33444609B19082627,Colquencha,ADM3
145,35.9320297241,13.250943183898926,6.008081436157227,18.90425682067871,17.535409927368164,7.528886318206787,35.1197891235,35.120201110839844,34.0895690918,ADM3,145,145,BOL,BOL-ADM3-33444609B96911206,Santiago de Machaca,ADM3
146,55.8056030273,5.324278354644775,NA,8.803874969482422,8.6524658203125,NA,13.8417682648,48.140750885009766,28.8941612244,ADM3,146,146,BOL,BOL-ADM3-33444609B58600296,Sena,ADM3
147,11.5768547058,0.0,0.0,4.4546709060668945,0.8351954221725464,0.0,13.2869033813,16.47687339782715,9.17838287354,ADM3,147,147,BOL,BOL-ADM3-33444609B26946399,San Lorenzo,ADM3
148,65.4320333004,32.35006332397461,29.770065307617188,64.47071075439453,46.53215789794922,44.51747131347656,74.4862136841,70.77690887451172,68.1518822908,ADM3,148,148,BOL,BOL-ADM3-33444609B90312020,Santa Rosa,ADM3
149,33.7293281555,6.190088272094727,0.0,12.343459129333496,9.956483840942383,6.3561224937438965,22.2059078217,33.74415969848633,27.1548900604,ADM3,149,149,BOL,BOL-ADM3-33444609B20955158,Malla,ADM3
150,25.0276107788,4.857405662536621,6.20493745803833,7.20197057723999,5.358928680419922,7.597386837005615,18.0243968964,30.354843139648438,25.979970932,ADM3,150,150,BOL,BOL-ADM3-33444609B91729130,Comanche,ADM3
151,197.610473633,86.60758972167969,64.06404876708984,146.30450439453125,121.86398315429688,87.09648132324219,208.313766479,217.50390625,176.639282227,ADM3,151,151,BOL,BOL-ADM3-33444609B41933053,Calamarca,ADM3
152,10812.9443359,7489.6953125,5752.7265625,9321.32421875,7698.7890625,6743.31201171875,9791.10253906,10691.63671875,9924.94726562,ADM3,152,152,BOL,BOL-ADM3-33444609B85812802,Viacha,ADM3
153,9.92038059235,6.801205635070801,3.044438362121582,5.301642894744873,5.452639579772949,5.896716117858887,8.76760101318,8.9517183303833,10.6926403046,ADM3,153,153,BOL,BOL-ADM3-33444609B79205479,Villa Libertad Licoma,ADM3
154,89.1011276245,61.176002502441406,53.64039611816406,93.81134033203125,60.12546157836914,59.45356750488281,108.959518433,97.3365478515625,96.9544372559,ADM3,154,154,BOL,BOL-ADM3-33444609B66902866,Quime,ADM3
155,95.8855895996,37.005615234375,17.22084617614746,65.6386489868164,56.9343376159668,19.359556198120117,69.8180999756,94.96803283691406,88.3859634399,ADM3,155,155,BOL,BOL-ADM3-33444609B98511044,Huatajata,ADM3
156,1136.22143555,437.8101501464844,286.46197509765625,596.0721435546875,514.028076171875,352.8297119140625,937.188049316,1140.8900146484375,1080.98999023,ADM3,156,156,BOL,BOL-ADM3-33444609B79531063,Laja,ADM3
157,677.162353516,355.9749755859375,230.5983428955078,615.5413818359375,477.871337890625,313.8102722167969,627.915771484,636.7384033203125,622.739440918,ADM3,157,157,BOL,BOL-ADM3-33444609B83826918,Mecapaca,ADM3
158,316.426635742,103.38766479492188,68.89497375488281,202.56494140625,144.68032836914062,100.72227478027344,290.854675293,305.1430358886719,263.993347168,ADM3,158,158,BOL,BOL-ADM3-33444609B56483619,Palca,ADM3
159,2294.78710938,1398.2557373046875,1086.8419189453125,1902.6507568359375,1655.518798828125,1335.4219970703125,2074.02441406,2398.34716796875,2106.76000977,ADM3,159,159,BOL,BOL-ADM3-33444609B1863080,Achocalla,ADM3
160,43874.4609375,34274.17578125,27863.1015625,43193.91796875,46299.22265625,31083.73046875,44343.703125,42747.93359375,42317.6601562,ADM3,160,160,BOL,BOL-ADM3-33444609B30011805,El Alto,ADM3
161,31.9586868286,26.507097244262695,27.10211181640625,33.92401885986328,31.548229217529297,30.4698429107666,41.1757202148,31.885112762451172,39.3415527344,ADM3,161,161,BOL,BOL-ADM3-33444609B40374901,Yanacachi,ADM3
162,352.88293457,175.64227294921875,146.06707763671875,217.64569091796875,219.41973876953125,169.60964965820312,385.234649658,287.88323974609375,384.139160156,ADM3,162,162,BOL,BOL-ADM3-33444609B99579203,Tapacarí,ADM3
163,270.921539307,142.47837829589844,99.4189453125,188.08839416503906,133.4322509765625,111.16889190673828,218.232040405,285.8531799316406,260.97946167,ADM3,163,163,BOL,BOL-ADM3-33444609B26061868,Desaguadero,ADM3
164,150.138931274,11.057653427124023,17.65001678466797,28.551063537597656,21.304718017578125,15.615518569946289,78.9685058594,149.49427795410156,115.948959351,ADM3,164,164,BOL,BOL-ADM3-33444609B81723104,Jesús de Machaka,ADM3
165,224.32421875,158.264404296875,135.9910430908203,216.24998474121094,184.30917358398438,159.5913848876953,243.383026123,238.30810546875,222.00881958,ADM3,165,165,BOL,BOL-ADM3-33444609B3928389,Puerto Mayor de Guaqui,ADM3
166,53.5761756897,11.97938060760498,14.02548599243164,29.22414207458496,14.436971664428711,14.655315399169922,32.3987808228,55.411800384521484,37.6192550659,ADM3,166,166,BOL,BOL-ADM3-33444609B83959891,Tito Yupanqui,ADM3
167,836.232299805,351.35540771484375,239.8133544921875,565.259033203125,481.52752685546875,278.78472900390625,762.041687012,855.5523071289062,801.40222168,ADM3,167,167,BOL,BOL-ADM3-33444609B86182822,Pucarani,ADM3
168,25.5562744141,5.8587965965271,7.450750827789307,11.409029960632324,6.330197334289551,8.916674613952637,20.856136322,23.15448760986328,26.128610611,ADM3,168,168,BOL,BOL-ADM3-33444609B86015105,Combaya,ADM3
169,25.0423240662,22.731687545776367,19.287002563476562,30.521451950073242,37.15821075439453,25.462305068969727,27.2300853729,31.22580337524414,30.5241279602,ADM3,169,169,BOL,BOL-ADM3-33444609B70122176,Coroico,ADM3
170,28.47174263,16.10698890686035,16.083072662353516,25.150108337402344,19.778667449951172,16.155254364013672,25.392408371,34.44905090332031,33.6591262817,ADM3,170,170,BOL,BOL-ADM3-33444609B52332460,Coripata,ADM3
171,19.7165164948,3.0711140632629395,2.493791103363037,15.646062850952148,8.829081535339355,3.869234085083008,20.6535110474,19.33279037475586,22.7847499847,ADM3,171,171,BOL,BOL-ADM3-33444609B75079070,Quiabaya,ADM3
172,2.75472211838,0.41255059838294983,0.0,0.8018155694007874,0.26806753873825073,0.0,0.516214907169,2.454676628112793,3.42614865303,ADM3,172,172,BOL,BOL-ADM3-33444609B51912538,Aucapata,ADM3
173,192.117721558,78.66641235351562,89.50704956054688,123.79684448242188,93.89097595214844,112.22178649902344,220.537628174,186.42330932617188,193.988586426,ADM3,173,173,BOL,BOL-ADM3-33444609B77019342,Ayo Ayo,ADM3
174,39.3273200989,8.969273567199707,7.501128196716309,15.939615249633789,10.347532272338867,9.685660362243652,49.5074005127,36.77718734741211,44.3713264465,ADM3,174,174,BOL,BOL-ADM3-33444609B52543177,Azurduy,ADM3
175,25.1467342377,6.3077392578125,0.3981667160987854,12.427267074584961,13.538310050964355,8.660273551940918,10.6258678436,15.009751319885254,17.4410552979,ADM3,175,175,BOL,BOL-ADM3-33444609B93497004,Tipuani,ADM3
176,23058.2011719,19743.25,17926.41796875,22340.61328125,21014.373046875,19314.06640625,21860.3925781,22317.673828125,21107.6679688,ADM3,176,176,BOL,BOL-ADM3-33444609B95766629,Nuestra Señora de La Paz,ADM3
177,104.485549927,66.07197570800781,35.837703704833984,80.44769287109375,64.35380554199219,57.03723907470703,113.660415649,95.29591369628906,109.370101929,ADM3,177,177,BOL,BOL-ADM3-33444609B93873258,Sorata,ADM3
178,27.4805450439,23.75722885131836,16.668819427490234,19.662982940673828,15.621118545532227,26.761028289794922,24.770570755,28.58602523803711,32.2573738098,ADM3,178,178,BOL,BOL-ADM3-33444609B25803532,La Asunta,ADM3
179,28.4480514526,8.297284126281738,6.416764259338379,21.791566848754883,12.757396697998047,9.291563034057617,36.3577728271,21.794830322265625,32.831615448,ADM3,179,179,BOL,BOL-ADM3-33444609B88180595,Chuma,ADM3
180,49.6644172668,16.637737274169922,11.591775894165039,33.08971405029297,21.874361038208008,17.12009048461914,39.4358062744,48.512386322021484,62.1531486511,ADM3,180,180,BOL,BOL-ADM3-33444609B33390960,Guanay,ADM3
181,21.3209705353,11.09638786315918,0.9990461468696594,15.131875991821289,25.211349487304688,1.310852289199829,19.3075313568,21.04379653930664,16.164276123,ADM3,181,181,BOL,BOL-ADM3-33444609B45650655,Teoponte,ADM3
182,204.475128174,57.480445861816406,0.0,74.31826782226562,64.1773452758789,14.059098243713379,164.575363159,136.68385314941406,204.506759644,ADM3,182,182,BOL,BOL-ADM3-33444609B90372031,Mapiri,ADM3
183,13.7518749237,12.210521697998047,8.385679244995117,10.31335735321045,14.13104248046875,12.569169998168945,16.7178936005,10.353755950927734,13.3296518326,ADM3,183,183,BOL,BOL-ADM3-33444609B50407902,Charazani,ADM3
184,57.416557312,34.2586555480957,51.406944274902344,38.91169738769531,43.831382751464844,38.39509582519531,64.2621078491,62.00657653808594,63.8562316895,ADM3,184,184,BOL,BOL-ADM3-33444609B73754741,"Caiza ""D""",ADM3
185,442.160064697,344.9272766113281,262.1165466308594,418.9321594238281,364.5403137207031,300.524169921875,454.926239014,368.5272521972656,396.739044189,ADM3,185,185,BOL,BOL-ADM3-33444609B22177467,Copacabana,ADM3
186,38.3492355347,32.56913757324219,34.827857971191406,34.18568420410156,28.201602935791016,36.38380432128906,41.0033187866,43.72373580932617,40.696144104,ADM3,186,186,BOL,BOL-ADM3-33444609B65808761,Tarvita,ADM3
187,140.273971558,86.49038696289062,59.58877944946289,89.2085189819336,97.2081069946289,65.8439712524414,131.384521484,169.29498291015625,150.041610718,ADM3,187,187,BOL,BOL-ADM3-33444609B42666607,Chaquí,ADM3
188,84.5793838501,73.49132537841797,83.22698211669922,56.90596389770508,76.77240753173828,91.50006866455078,97.5866851807,97.53500366210938,92.20262146,ADM3,188,188,BOL,BOL-ADM3-33444609B15997979,Puna,ADM3
189,42.1190567017,10.22281551361084,4.871544361114502,21.21196937561035,20.43292999267578,5.755950927734375,42.8778305054,51.21813201904297,47.9375076294,ADM3,189,189,BOL,BOL-ADM3-33444609B30593293,Ckochas,ADM3
190,11.914978981,8.952985763549805,7.825002193450928,6.736510753631592,11.019949913024902,7.04228401184082,13.1381597519,12.550463676452637,11.9388742447,ADM3,190,190,BOL,BOL-ADM3-33444609B60642341,El Villar,ADM3
191,1130.1036377,37.90149688720703,12.445332527160645,114.23373413085938,24.502727508544922,18.70301055908203,244.641342163,1658.8984375,889.573181152,ADM3,191,191,BOL,BOL-ADM3-33444609B90845226,Huacaya,ADM3
192,27.1514587402,4.258034706115723,5.541749000549316,8.294557571411133,10.273086547851562,7.657502174377441,23.7870922089,28.405109405517578,26.0340309143,ADM3,192,192,BOL,BOL-ADM3-33444609B27309972,Tacacoma,ADM3
193,71.4625549316,25.756526947021484,9.586487770080566,59.69202423095703,41.08681869506836,14.182432174682617,86.5768280029,71.06763458251953,81.5236053467,ADM3,193,193,BOL,BOL-ADM3-33444609B13482689,Huacareta,ADM3
194,556.997314453,1116.3087158203125,336.4688720703125,1159.6746826171875,489.968994140625,408.3822326660156,1178.34411621,562.3323974609375,590.744689941,ADM3,194,194,BOL,BOL-ADM3-33444609B9106763,Monteagudo,ADM3
195,11206.3710938,7761.24853515625,5974.1083984375,10894.015625,9164.4755859375,6539.21044921875,11524.9833984,11199.0771484375,11084.2236328,ADM3,195,195,BOL,BOL-ADM3-33444609B51923126,Potosí,ADM3
196,172.646682739,66.85990142822266,72.7931900024414,118.90003967285156,69.59973907470703,74.87194061279297,183.441574097,193.5623779296875,166.54083252,ADM3,196,196,BOL,BOL-ADM3-33444609B67965715,San Pedro de Tiquina,ADM3
197,1385.17163086,1741.79833984375,450.6703796386719,5092.75830078125,911.3369140625,250.98023986816406,1447.33984375,1199.9195556640625,1389.90075684,ADM3,197,197,BOL,BOL-ADM3-33444609B6445025,Lagunillas,ADM3
198,65.2314300537,40.468711853027344,6.534623146057129,65.72855377197266,43.78504943847656,11.790165901184082,51.7820129395,72.99459838867188,44.4772109985,ADM3,198,198,BOL,BOL-ADM3-33444609B92818499,Alcalá,ADM3
199,67.0887451172,31.397119522094727,15.222471237182617,49.76893615722656,43.11337661743164,17.73542594909668,57.1995391846,71.99954986572266,59.3253059387,ADM3,199,199,BOL,BOL-ADM3-33444609B9397800,Sopachui,ADM3
200,18.5421867371,13.085492134094238,8.119070053100586,11.639045715332031,14.48775863647461,9.224919319152832,23.6823329926,24.845111846923828,24.6177158356,ADM3,200,200,BOL,BOL-ADM3-33444609B74292684,Villa Ricardo Mugia - Icla,ADM3
201,361.731262207,178.39463806152344,132.81065368652344,187.97117614746094,191.107177734375,204.5148162841797,382.173736572,437.8277587890625,410.350524902,ADM3,201,201,BOL,BOL-ADM3-33444609B38543160,Yotala,ADM3
202,155.01953125,72.86565399169922,47.35414123535156,77.71205139160156,89.7612533569336,62.64738082885742,116.082901001,168.02471923828125,148.641830444,ADM3,202,202,BOL,BOL-ADM3-33444609B32418048,Yamparáez,ADM3
203,87.1541442871,77.85513305664062,41.31007766723633,66.888427734375,70.41719818115234,53.83995819091797,73.9307022095,86.66688537597656,69.4554748535,ADM3,203,203,BOL,BOL-ADM3-33444609B38412786,Tomina,ADM3
204,36.5031204224,6.89029598236084,9.0557222366333,10.667203903198242,9.903738021850586,7.943732261657715,17.7681312561,43.44135284423828,33.3039474487,ADM3,204,204,BOL,BOL-ADM3-33444609B72440734,Ocurí,ADM3
205,98.8547592163,79.22822570800781,86.6777572631836,83.30162811279297,92.28730773925781,87.71430969238281,106.359840393,97.49482727050781,106.535057068,ADM3,205,205,BOL,BOL-ADM3-33444609B73936756,Tarabuco,ADM3
206,191.347961426,73.3567886352539,28.47896385192871,122.7247543334961,108.54822540283203,30.303237915039062,157.056793213,194.71002197265625,165.857788086,ADM3,206,206,BOL,BOL-ADM3-33444609B5472183,Zudañez,ADM3
207,7.0707526207,3.2863516807556152,0.3277125954627991,5.630438804626465,1.829484462738037,2.124549388885498,8.61037731171,5.382316589355469,10.9196748734,ADM3,207,207,BOL,BOL-ADM3-33444609B88989469,Curva,ADM3
208,59.1368293762,30.664047241210938,33.791534423828125,30.659778594970703,33.25373077392578,43.0683479309082,72.3577575684,62.29091262817383,66.8764038086,ADM3,208,208,BOL,BOL-ADM3-33444609B30997278,Pelechuco,ADM3
209,86.9020690918,39.68631362915039,37.490562438964844,60.41025161743164,40.455665588378906,41.32221603393555,86.8199539185,96.46726989746094,99.6413192749,ADM3,209,209,BOL,BOL-ADM3-33444609B83015549,Palos Blancos,ADM3
210,57.8957595825,24.1229190826416,20.39220428466797,36.078887939453125,31.78486442565918,26.514610290527344,43.222820282,50.81366729736328,43.8545951843,ADM3,210,210,BOL,BOL-ADM3-33444609B25123274,Apolo,ADM3
211,270.268249512,67.5429916381836,20.639421463012695,189.32962036132812,219.3456268310547,33.56669616699219,196.007568359,372.2586669921875,244.730895996,ADM3,211,211,BOL,BOL-ADM3-33444609B4331330,Puerto Menor de Rurrenabaque,ADM3
212,157.004547119,18.249496459960938,4.382110595703125,160.51446533203125,73.9130859375,19.986364364624023,148.711853027,129.33358764648438,196.125930786,ADM3,212,212,BOL,BOL-ADM3-33444609B85439426,San Buenaventura,ADM3
213,182.250915527,112.9844741821289,148.7665557861328,152.36038780212402,143.35353088378906,170.9368133544922,163.206445694,157.26483917236328,152.175207138,ADM3,213,213,BOL,BOL-ADM3-33444609B23560373,Santa Ana,ADM3
214,410.644104004,242.64463806152344,143.99461364746094,344.89630126953125,284.9134826660156,213.0978546142578,362.403442383,349.943603515625,412.121612549,ADM3,214,214,BOL,BOL-ADM3-33444609B36751060,San Borja,ADM3
215,160.3984375,43.88447570800781,20.708555221557617,170.42723083496094,152.474609375,23.800268173217773,167.185409546,161.3394775390625,155.478179932,ADM3,215,215,BOL,BOL-ADM3-33444609B13357475,Reyes,ADM3
216,13.9722032547,18.778545379638672,17.155094146728516,18.443180084228516,19.345422744750977,28.353944778442383,24.9350128174,15.001338005065918,20.8948974609,ADM3,216,216,BOL,BOL-ADM3-33444609B85003487,Puerto Gonzalo Moreno,ADM3
217,0.0,0.0,0.0,0.0,0.0,0.0,0.0,0.0,0.0,ADM3,217,217,BOL,BOL-ADM3-33444609B80291858,Puerto Siles,ADM3
218,2.85020804405,NA,NA,NA,NA,NA,1.06636214256,NA,2.23986458778,ADM3,218,218,BOL,BOL-ADM3-33444609B10458910,Exaltación,ADM3
219,1424.89758301,794.0871276855469,687.2897033691406,1236.2769775390625,848.3487548828125,763.8504333496094,2117.02563477,1485.10693359375,1479.86993408,ADM3,219,219,BOL,BOL-ADM3-33444609B93314585,Riberalta,ADM3
220,85.9948883057,79.4089584350586,69.9392318725586,68.84107971191406,102.06546020507812,78.47193145751953,73.1145935059,106.32119750976562,85.0544967651,ADM3,220,220,BOL,BOL-ADM3-33444609B95419155,Porvenir,ADM3
221,120.94082737,46.1382332444191,35.042720794677734,74.30632209777832,47.39874291419983,32.369808197021484,76.3773531914,80.65374183654785,128.94422245,ADM3,221,221,BOL,BOL-ADM3-33444609B83803279,Bella Flor,ADM3
222,10.5180921555,12.826796531677246,11.300490379333496,22.26898956298828,6.742112636566162,7.683633327484131,26.0249977112,12.736509323120117,20.3708610535,ADM3,222,222,BOL,BOL-ADM3-33444609B11509981,San Pedro,ADM3
223,20.5297470093,11.579193115234375,NA,12.115534782409668,17.446388244628906,NA,18.0303001404,29.425981521606445,24.7955493927,ADM3,223,223,BOL,BOL-ADM3-33444609B55981723,Puerto Rico,ADM3
224,37.5471153259,15.783700942993164,12.962453842163086,28.1292667388916,16.5980167388916,7.613614082336426,38.0408554077,31.148086547851562,39.7477111816,ADM3,224,224,BOL,BOL-ADM3-33444609B45825141,Santa Rosa,ADM3
225,0.135639056563,0.0,0.0,0.0,0.0,0.0,0.0,0.0,0.0,ADM3,225,225,BOL,BOL-ADM3-33444609B53699713,Ingavi,ADM3
226,472.4279719,299.8439890742302,240.72559368610382,189.7698713541031,258.747841835022,352.2381153702736,335.506603599,472.05483543872833,397.621986628,ADM3,226,226,BOL,BOL-ADM3-33444609B93580112,Guayaramerín,ADM3
227,5.50765228271,3.361013650894165,0.0,0.0,0.0,0.0,5.7655005455,5.634234428405762,8.78118038177,ADM3,227,227,BOL,BOL-ADM3-33444609B33507653,Villa Nueva,ADM3
228,0.0,0.0,0.0,0.0,0.0,0.0,0.0,0.0,0.0,ADM3,228,228,BOL,BOL-ADM3-33444609B15181859,Santos Mercado,ADM3
229,24.2713623047,15.791309356689453,61.55467224121094,6.157341003417969,25.769786834716797,47.270729064941406,8.88516998291,8.48183822631836,24.2795639038,ADM3,229,229,BOL,BOL-ADM3-33444609B91423379,Nueva Esperanza,ADM3
230,162.246582031,134.7401123046875,97.7359619140625,137.6725616455078,121.21577453613281,124.82594299316406,169.304641724,182.20286560058594,161.60597229,ADM3,230,230,BOL,BOL-ADM3-33444609B41664570,Santiago de Huata,ADM3
231,103.74584198,21.972328186035156,13.849483489990234,49.568756103515625,28.546361923217773,21.59686851501465,66.38697052,113.94088745117188,92.1321411133,ADM3,231,231,BOL,BOL-ADM3-33444609B7909722,Puerto Pérez,ADM3
232,23.5574798584,9.322944641113281,7.978558540344238,10.027566909790039,11.291703224182129,13.393609046936035,18.8877983093,29.055164337158203,20.6536197662,ADM3,232,232,BOL,BOL-ADM3-33444609B27408509,Chuquihuta Ayllu Jucumani,ADM3
233,16.2971305847,7.891216278076172,8.352433204650879,10.550798416137695,7.733123779296875,9.506400108337402,19.5961055756,23.283935546875,21.534614563,ADM3,233,233,BOL,BOL-ADM3-33444609B21368266,Bolpebra,ADM3
234,25.6342940331,12.384532451629639,8.46510910987854,21.87083911895752,17.024242401123047,12.058560609817505,22.7833309174,20.27702283859253,30.5770378113,ADM3,234,234,BOL,BOL-ADM3-33444609B21491486,Filadelfia,ADM3
235,10.083896637,3.6538734436035156,4.283973217010498,5.871190071105957,2.683000087738037,7.27497673034668,16.5313339233,10.090858459472656,15.9681138992,ADM3,235,235,BOL,BOL-ADM3-33444609B19655093,Alto Beni,ADM3
236,273.725708008,148.66253662109375,114.10187530517578,255.1870880126953,152.36663818359375,112.66569519042969,280.838409424,228.29119873046875,281.199981689,ADM3,236,236,BOL,BOL-ADM3-33444609B96037932,Caranavi,ADM3
237,150.0652771,105.89276885986328,84.28466796875,142.22006225585938,120.20529174804688,95.82962036132812,155.941940308,155.75950622558594,145.426055908,ADM3,237,237,BOL,BOL-ADM3-33444609B8469227,Huarina,ADM3
238,61.4511680603,21.98628044128418,17.44373321533203,29.005388259887695,23.683673858642578,18.2394962310791,54.9987030029,59.46781921386719,59.1037521362,ADM3,238,238,BOL,BOL-ADM3-33444609B76614989,Bolivar,ADM3
239,153.538574219,58.81283950805664,15.418542861938477,113.02886199951172,101.85479736328125,20.95827865600586,129.347854614,165.42478942871094,137.98614502,ADM3,239,239,BOL,BOL-ADM3-33444609B43692068,Chua Cocani,ADM3
240,10.670085907,7.184233665466309,9.42203140258789,15.125884056091309,7.177459716796875,12.133556365966797,20.3113632202,13.002134323120117,19.4384899139,ADM3,240,240,BOL,BOL-ADM3-33444609B78666461,Humanata,ADM3
241,349.072875977,197.34185791015625,83.55128479003906,135.54881286621094,180.1234588623047,144.08602905273438,182.042572021,668.7138671875,219.405441284,ADM3,241,241,BOL,BOL-ADM3-33444609B92881157,Villa Vaca Guzmán,ADM3
242,524.500305176,247.74728393554688,114.26925659179688,430.2409973144531,359.1322021484375,198.0626220703125,535.11126709,530.7377319335938,514.586120605,ADM3,242,242,BOL,BOL-ADM3-33444609B42689736,Batallas,ADM3
243,104.021011353,60.386287689208984,50.34709930419922,86.09966278076172,63.43157196044922,55.188453674316406,106.185699463,104.6248779296875,102.092658997,ADM3,243,243,BOL,BOL-ADM3-33444609B75760336,Padilla,ADM3
244,29.7275161743,20.572124481201172,21.630083084106445,24.39181900024414,28.903528213500977,22.1395206451416,27.3353385925,20.952112197875977,26.5314865112,ADM3,244,244,BOL,BOL-ADM3-33444609B69980236,Mojocoya,ADM3
245,8.55577373505,4.251592636108398,5.250601291656494,1.5177116394042969,3.852330207824707,5.761476039886475,0.0,10.744900703430176,9.98426151276,ADM3,245,245,BOL,BOL-ADM3-33444609B51772236,Pucará,ADM3
246,80.8516159058,49.404747009277344,41.933528900146484,61.307472229003906,59.313777923583984,43.76252746582031,71.5195236206,96.65644836425781,74.1222915649,ADM3,246,246,BOL,BOL-ADM3-33444609B69127220,Villa Serrano,ADM3
247,280.379455566,523.584228515625,477.44696044921875,383.4276428222656,425.95733642578125,664.32177734375,346.960083008,357.4372253417969,802.958740234,ADM3,247,247,BOL,BOL-ADM3-33444609B12353677,Macharetí,ADM3
248,215.914093018,95.40464782714844,79.07252502441406,128.2465362548828,92.79554748535156,95.22837829589844,161.016296387,202.45297241210938,179.855728149,ADM3,248,248,BOL,BOL-ADM3-33444609B47604355,Boyuibe,ADM3
249,63.3118247986,33.55999755859375,31.451793670654297,60.04463195800781,41.73232650756836,31.21307945251465,54.517414093,62.70940399169922,70.4075775146,ADM3,249,249,BOL,BOL-ADM3-33444609B96934473,Cuevo,ADM3
250,1129.99157715,641.259765625,453.427978515625,765.7364501953125,734.5897216796875,603.7069702148438,1150.10217285,1036.4722900390625,1151.2677002,ADM3,250,250,BOL,BOL-ADM3-33444609B99493244,Camiri,ADM3
251,193.41774416,77.13031005859375,62.545223236083984,101.51220703125,116.67556762695312,96.4237060546875,191.827059813,183.57015106454492,201.365876198,ADM3,251,251,BOL,BOL-ADM3-33444609B83608870,Cocapata,ADM3
252,229.233139038,141.15744018554688,98.8044204711914,161.4694366455078,171.4913330078125,124.20099639892578,206.026855469,240.85003662109375,250.529922485,ADM3,252,252,BOL,BOL-ADM3-33444609B53201147,Vallegrande,ADM3
253,354.361236572,219.18377685546875,213.363037109375,74.45429229736328,75.67837524414062,224.13876342773438,449.647644043,410.0337829589844,396.338195801,ADM3,253,253,BOL,BOL-ADM3-33444609B32904525,Gutiérrez,ADM3
254,11217.3183594,7984.0810546875,5685.68212890625,9269.228515625,8973.84765625,6423.8173828125,10294.1416016,11184.8291015625,11473.1582031,ADM3,254,254,BOL,BOL-ADM3-33444609B61390228,Sucre,ADM3
255,35.5075263977,16.342578887939453,13.504841804504395,15.416849136352539,23.067014694213867,15.995027542114258,23.8766841888,36.68307113647461,25.0945339203,ADM3,255,255,BOL,BOL-ADM3-33444609B90222474,Presto,ADM3
256,14.1630554199,5.6727728843688965,7.569481372833252,7.063784599304199,7.239367485046387,6.77627420425415,15.7122058868,19.582401275634766,15.110408783,ADM3,256,256,BOL,BOL-ADM3-33444609B25796587,Postrervalle,ADM3
257,7.53282928467,3.535186529159546,3.9122231006622314,2.6707897186279297,5.065162658691406,4.290680885314941,9.4098482132,12.104537963867188,5.7546505928,ADM3,257,257,BOL,BOL-ADM3-33444609B52561385,Trigal,ADM3
258,19.9629631042,13.403727531433105,10.564265251159668,19.713499069213867,13.95141887664795,13.019282341003418,26.4261741638,22.147842407226562,26.7986392975,ADM3,258,258,BOL,BOL-ADM3-33444609B67865308,Quirusillas,ADM3
259,1633.25598145,1521.74560546875,889.4796142578125,1899.55126953125,1751.3548583984375,1581.2581787109375,2125.02783203,1720.970947265625,1895.80493164,ADM3,259,259,BOL,BOL-ADM3-33444609B3158247,Cabezas,ADM3
260,3532.67480469,2102.5615234375,1542.579345703125,2834.579345703125,2793.87158203125,2006.974609375,3293.00830078,3904.968505859375,3377.5546875,ADM3,260,260,BOL,BOL-ADM3-33444609B36360155,Cotoca,ADM3
261,2432.40087891,1005.0820922851562,809.1060180664062,1660.8577270507812,1531.8580932617188,1031.4674072265625,1815.26989746,2526.6478271484375,2218.01385498,ADM3,261,261,BOL,BOL-ADM3-33444609B82294182,Yapacaní,ADM3
262,1014.08178711,650.7918090820312,567.5142211914062,797.2598876953125,771.0462646484375,743.68701171875,1095.42614746,1057.2340087890625,1019.25805664,ADM3,262,262,BOL,BOL-ADM3-33444609B81436946,Cuatro Cañadas,ADM3
263,141.171905518,103.9056167602539,70.71569061279297,120.85869598388672,97.8621597290039,102.10904693603516,121.061164856,144.6329803466797,125.76133728,ADM3,263,263,BOL,BOL-ADM3-33444609B34841445,San Ramón,ADM3
264,216.049606323,144.17759704589844,118.34283447265625,184.3863525390625,172.40744018554688,145.5632781982422,200.898681641,202.83984375,222.628173828,ADM3,264,264,BOL,BOL-ADM3-33444609B57224915,San Javier,ADM3
265,102.436004639,43.96186065673828,49.166412353515625,71.96616125106812,60.6341438293457,50.401756286621094,86.7818756104,98.5501708984375,93.8089599609,ADM3,265,265,BOL,BOL-ADM3-33444609B78704867,San Miguel,ADM3
266,892.05990696,384.71789717674255,303.45968437194824,589.396842956543,490.04969215393066,399.5405430793762,633.711679459,884.7579708099365,828.220104218,ADM3,266,266,BOL,BOL-ADM3-33444609B25395901,Villa Tunari,ADM3
267,385.629852295,239.50286865234375,124.7596435546875,372.09423828125,310.6479797363281,146.86854553222656,307.967224121,408.8481750488281,310.885559082,ADM3,267,267,BOL,BOL-ADM3-33444609B24552917,Chimoré,ADM3
268,334.897949219,263.52886962890625,233.4251708984375,260.36865234375,300.47418212890625,283.23870849609375,351.08026123,348.59033203125,341.855133057,ADM3,268,268,BOL,BOL-ADM3-33444609B18430420,Tiraque,ADM3
269,395.089813232,176.2588348388672,162.07431030273438,326.25689697265625,274.9360656738281,169.76487731933594,296.741027832,411.4366149902344,349.922912598,ADM3,269,269,BOL,BOL-ADM3-33444609B95602913,Shinahota,ADM3
270,3712.63427734,2709.1572265625,2322.42333984375,3189.95263671875,3076.493408203125,2670.357421875,3457.32275391,3880.54345703125,3647.41772461,ADM3,270,270,BOL,BOL-ADM3-33444609B71154134,Montero,ADM3
271,625.515002251,238.876953125,213.68276945129037,375.0671948939562,308.3277263790369,290.0100322663784,576.693324268,682.524876832962,604.835233822,ADM3,271,271,BOL,BOL-ADM3-33444609B46709169,Ascención de Guarayos,ADM3
272,103.290922537,16.29779624938965,13.208105087280273,33.69612944126129,28.996458411216736,21.54412269592285,74.8884576634,110.89760720729828,110.628797449,ADM3,272,272,BOL,BOL-ADM3-33444609B55665100,San Andrés,ADM3
273,295.223510742,187.04861450195312,122.25138854980469,178.79498291015625,191.1001434326172,170.42062377929688,288.846252441,319.0721435546875,296.751342773,ADM3,273,273,BOL,BOL-ADM3-33444609B36270672,Vacas,ADM3
274,268.374847412,205.81765747070312,155.273193359375,194.0293426513672,218.97369384765625,192.48831176757812,295.287658691,288.2189636230469,292.796234131,ADM3,274,274,BOL,BOL-ADM3-33444609B99795676,Pocona,ADM3
275,816.769897461,475.5164794921875,396.4351806640625,370.8574523925781,519.8624267578125,624.0982055664062,658.455078125,826.2000732421875,777.005371094,ADM3,275,275,BOL,BOL-ADM3-33444609B439401,Okinawa Uno,ADM3
276,6890.51220703,3962.54345703125,3441.035888671875,6080.568359375,5028.94970703125,4165.61181640625,6542.60107422,6767.45458984375,6710.43261719,ADM3,276,276,BOL,BOL-ADM3-33444609B11056664,Warnes,ADM3
277,446.256286621,297.44000244140625,207.9127197265625,335.664306640625,344.1148681640625,286.3121643066406,415.84765625,469.5534973144531,440.754730225,ADM3,277,277,BOL,BOL-ADM3-33444609B54301679,General Saavedra,ADM3
278,1495.09773254,835.0648651123047,608.0903015136719,1081.476707458496,1082.4867401123047,962.5100402832031,1517.41768646,1743.0916595458984,1413.91435242,ADM3,278,278,BOL,BOL-ADM3-33444609B10251116,Pailón,ADM3
279,563.481201172,468.9195861816406,312.0047607421875,460.63330078125,536.7655639648438,536.765869140625,576.257019043,561.2212524414062,505.991516113,ADM3,279,279,BOL,BOL-ADM3-33444609B49773042,Fernández Alonso,ADM3
280,543.243774414,476.73309326171875,355.7036437988281,533.2665405273438,546.3965454101562,474.8616943359375,553.690063477,554.7628173828125,522.635742188,ADM3,280,280,BOL,BOL-ADM3-33444609B82751741,Mineros,ADM3
281,73.6113739014,61.84098815917969,61.43160629272461,49.15822982788086,51.90571594238281,70.94511413574219,55.2204818726,97.67143249511719,70.9536590576,ADM3,281,281,BOL,BOL-ADM3-33444609B58335505,Pampa Grande,ADM3
282,131.348632812,99.52632141113281,79.8269271850586,115.4912109375,110.31890869140625,92.34908294677734,148.955795288,149.5574951171875,164.041641235,ADM3,282,282,BOL,BOL-ADM3-33444609B78053551,Mairana,ADM3
283,510.826904297,255.16839599609375,232.46925354003906,389.1802978515625,402.74566650390625,306.5647888183594,487.030273438,533.783935546875,488.509918213,ADM3,283,283,BOL,BOL-ADM3-33444609B66013257,Puerto Villarroel,ADM3
284,476.373168945,246.55609130859375,293.6766357421875,567.5756225585938,391.3226318359375,276.31268310546875,478.698822021,485.5133056640625,516.280334473,ADM3,284,284,BOL,BOL-ADM3-33444609B84075203,Colpa Bélgica,ADM3
285,743.470054626,497.2596216201782,376.56174206733704,668.4882152080536,601.0791392326355,433.3396191596985,798.131668806,716.2554793357849,703.085242748,ADM3,285,285,BOL,BOL-ADM3-33444609B58337466,Puerto Suarez,ADM3
286,148.670000315,109.43570899963379,126.92881774902344,112.50395774841309,120.73147583007812,111.23990631103516,146.645606995,147.74960708618164,134.343369007,ADM3,286,286,BOL,BOL-ADM3-33444609B52930702,El Carmen Rivero Tórrez,ADM3
287,467.597207487,284.2650451660156,283.5914306640625,311.7033996582031,307.30706787109375,325.49835205078125,409.865473211,463.3307189941406,396.01796174,ADM3,287,287,BOL,BOL-ADM3-33444609B32568642,Roboré,ADM3
288,283.917105198,148.7065118253231,113.9996509552002,183.0698630809784,187.7638595700264,159.22940015792847,253.17303133,256.905944108963,228.669220567,ADM3,288,288,BOL,BOL-ADM3-33444609B83253902,San Matías,ADM3
289,728.353824615,533.1795263290405,464.98569679260254,763.8122305870056,579.5168371200562,642.5619163513184,789.189313889,862.1616306304932,792.992305756,ADM3,289,289,BOL,BOL-ADM3-33444609B85273692,Charagua,ADM3
290,810.934212565,571.5950832366943,533.7236261367798,568.0977210998535,584.455394744873,605.5918884277344,718.839649945,693.4624462127686,770.887449265,ADM3,290,290,BOL,BOL-ADM3-33444609B21156081,San José,ADM3
291,91.4395370483,50.35417938232422,42.86000061035156,86.23268127441406,70.22456359863281,51.55628967285156,109.318641663,79.12849426269531,112.372695923,ADM3,291,291,BOL,BOL-ADM3-33444609B61104849,San Rafael,ADM3
292,64.6982421875,52.64691162109375,40.803062438964844,54.29503631591797,62.541236877441406,36.463558197021484,67.4398956299,76.9404525756836,58.4636459351,ADM3,292,292,BOL,BOL-ADM3-33444609B74694029,Ayopaya,ADM3
293,880.005707622,653.0837807655334,562.2474908828735,671.640727519989,638.6646857261658,605.4975180625916,786.942428589,840.2177819013596,789.029757977,ADM3,293,293,BOL,BOL-ADM3-33444609B38230040,San Ignacio,ADM3
294,81.9915542603,41.821510314941406,30.528905868530273,56.724037170410156,41.30428695678711,42.5854606628418,80.3236236572,96.14470672607422,73.3244247437,ADM3,294,294,BOL,BOL-ADM3-33444609B93004293,Urubicha,ADM3
295,46.4763293266,0.612136960029602,4.81583833694458,6.261104702949524,3.6203556060791016,0.2686344087123871,34.0179443359,50.49872303009033,36.1318216324,ADM3,295,295,BOL,BOL-ADM3-33444609B21187437,Baures,ADM3
296,3431.89770508,1743.3582763671875,1404.9991455078125,2636.81640625,2204.548828125,1889.1019287109375,2736.97753906,3820.5732421875,2788.71362305,ADM3,296,296,BOL,BOL-ADM3-33444609B59063344,Trinidad,ADM3
297,21.1040229797,5.625118732452393,6.86954927444458,9.806550979614258,7.926729679107666,7.026273250579834,21.0833911896,14.361878395080566,18.5479755402,ADM3,297,297,BOL,BOL-ADM3-33444609B54102559,San Antonio de Lomerio,ADM3
298,115.944267273,58.17359161376953,36.403564453125,57.87546920776367,76.94082641601562,53.38897705078125,96.9702453613,142.61526489257812,115.301956177,ADM3,298,298,BOL,BOL-ADM3-33444609B66575543,Pojo,ADM3
299,1779.63513184,1095.1900634765625,877.369140625,1348.662841796875,1329.3375244140625,1158.6920166015625,1650.4987793,1712.3529052734375,1643.8338623,ADM3,299,299,BOL,BOL-ADM3-33444609B6351519,Entre Ríos,ADM3
300,24.6174983978,3.046306610107422,2.9972734451293945,4.382540702819824,6.80230712890625,3.7865681648254395,8.53049850464,40.312625885009766,18.6570453644,ADM3,300,300,BOL,BOL-ADM3-33444609B40832379,Poroma,ADM3
301,296.413238525,218.9273223876953,198.8410186767578,287.8871154785156,261.25,210.19143676757812,285.87713623,316.1617431640625,296.514709473,ADM3,301,301,BOL,BOL-ADM3-33444609B77419578,Colomi,ADM3
302,13.3380613327,5.645687103271484,6.298677444458008,7.561806678771973,8.088313102722168,6.779152870178223,11.4304008484,15.405546188354492,7.81850004196,ADM3,302,302,BOL,BOL-ADM3-33444609B47454413,Alalay,ADM3
303,28.7939491272,16.326324462890625,9.009060859680176,19.572769165039062,22.099071502685547,11.31389331817627,29.0594215393,31.07693099975586,27.3957004547,ADM3,303,303,BOL,BOL-ADM3-33444609B95117685,Vila Vila,ADM3
304,27.9664669037,7.297918081283569,12.053742289543152,36.490121483802795,34.421795189380646,8.612211436033249,44.3941145539,33.038234651088715,43.3746190071,ADM3,304,304,BOL,BOL-ADM3-33444609B5346742,Ixiamas,ADM3
305,1.3920083046,7.272317886352539,2.126713752746582,4.998254776000977,6.7775750160217285,2.5718746185302734,9.52696800232,3.7235684394836426,7.89057064056,ADM3,305,305,BOL,BOL-ADM3-33444609B73132405,Ayata,ADM3
306,1987.25991058,891.6397857666016,355.3533134460449,1668.455493927002,1397.8977508544922,399.78230476379395,1921.6282196,2006.0570220947266,2022.9535675,ADM3,306,306,BOL,BOL-ADM3-33444609B71435776,Uyuni,ADM3
307,12.0313949585,1.7806735038757324,0.6098849177360535,3.9431114196777344,3.0946950912475586,2.4260053634643555,10.8612537384,11.380859375,11.4473667145,ADM3,307,307,BOL,BOL-ADM3-33444609B66511934,Waldo Ballivian,ADM3
308,115.301101685,23.23684310913086,19.04161834716797,88.45671844482422,44.294334411621094,21.204296112060547,128.053039551,120.32435607910156,113.581054688,ADM3,308,308,BOL,BOL-ADM3-33444609B68137279,Curahuara de Carangas,ADM3
309,24.9376220703,4.485981464385986,9.011377334594727,17.567567825317383,8.837699890136719,8.663908004760742,30.1224975586,29.7635498046875,25.6392707825,ADM3,309,309,BOL,BOL-ADM3-33444609B36186520,Choquecota,ADM3
310,39.29063797,31.17536163330078,27.223291397094727,29.591468811035156,27.184175491333008,31.787277221679688,36.1245193481,38.24694061279297,37.6260032654,ADM3,310,310,BOL,BOL-ADM3-33444609B87640342,Escara,ADM3
311,10.1076383591,6.0696940422058105,3.2188212871551514,7.052793502807617,6.124593257904053,5.6086859703063965,13.0438289642,12.694586753845215,11.336145401,ADM3,311,311,BOL,BOL-ADM3-33444609B79549253,Coipasa,ADM3
312,6.20866203308,8.05705451965332,3.664292812347412,3.6756396293640137,7.163149833679199,8.569881439208984,8.62679481506,10.251752853393555,7.87391996384,ADM3,312,312,BOL,BOL-ADM3-33444609B48403080,Chipaya,ADM3
313,194.424346924,101.5812759399414,47.97114181518555,113.395263671875,97.41529083251953,75.1682357788086,162.436691284,164.31480407714844,204.128067017,ADM3,313,313,BOL,BOL-ADM3-33444609B66088023,Chayanta,ADM3
314,105.496200562,55.809112548828125,26.253646850585938,69.83078002929688,72.21464538574219,38.40361022949219,116.769760132,121.22911834716797,115.775421143,ADM3,314,314,BOL,BOL-ADM3-33444609B60563542,Salinas de Garcí Mendoza,ADM3
315,1016.24395752,755.9891357421875,589.9297485351562,815.062744140625,822.0048828125,694.7493286132812,986.237915039,1019.0573120117188,1008.05487061,ADM3,315,315,BOL,BOL-ADM3-33444609B90206942,Tupiza,ADM3
316,397.206848145,248.69338989257812,204.71591186523438,392.8055419921875,374.4432067871094,246.33934020996094,476.868041992,427.0169372558594,450.893127441,ADM3,316,316,BOL,BOL-ADM3-33444609B106993,Atocha,ADM3
317,59.2735519409,23.393354415893555,35.84284210205078,14.127558708190918,32.29473114013672,32.037296295166016,22.8561286926,59.7750244140625,50.3519744873,ADM3,317,317,BOL,BOL-ADM3-33444609B51545061,San Pedro de Quemes,ADM3
318,1298.04431152,583.9555053710938,448.1712951660156,696.9149780273438,639.9534912109375,588.445556640625,936.216552734,1377.7806396484375,1078.31555176,ADM3,318,318,BOL,BOL-ADM3-33444609B42696709,San Julián,ADM3
319,153.288315773,77.55231642723083,64.53529691696167,77.90994644165039,88.02307856082916,145.42612075805664,168.608197212,176.98070430755615,156.559574127,ADM3,319,319,BOL,BOL-ADM3-33444609B68632045,El Puente,ADM3
320,170.435424805,80.15586853027344,71.0877456665039,128.46109008789062,136.34686279296875,91.5694808959961,179.941497803,204.73675537109375,176.285949707,ADM3,320,320,BOL,BOL-ADM3-33444609B10638383,Comarapa,ADM3
321,671.347473145,823.1560668945312,583.5802001953125,831.5459594726562,807.004150390625,794.4620361328125,851.695556641,746.0565185546875,779.808837891,ADM3,321,321,BOL,BOL-ADM3-33444609B8717747,Bermejo,ADM3
322,56.5570716858,21.613126754760742,7.074758529663086,58.8647575378418,49.88951110839844,13.637901306152344,68.7203903198,54.860618591308594,63.6947937012,ADM3,322,322,BOL,BOL-ADM3-33444609B53463626,Villa Charcas,ADM3
323,97.4319534302,57.93096923828125,72.6619644165039,74.21589660644531,71.35396575927734,67.6883544921875,118.56401062,89.0101318359375,106.431289673,ADM3,323,323,BOL,BOL-ADM3-33444609B82635532,Puerto Acosta,ADM3
324,113.317123413,48.06945037841797,43.644561767578125,78.27124786376953,57.368553161621094,62.81574249267578,100.646507263,114.58182525634766,106.302856445,ADM3,324,324,BOL,BOL-ADM3-33444609B17656422,Escoma,ADM3
325,12.8999099731,11.69764232635498,11.288426399230957,12.72970962524414,13.146103858947754,11.922370910644531,20.5839233398,13.828954696655273,18.2825393677,ADM3,325,325,BOL,BOL-ADM3-33444609B71044330,Charaña,ADM3
326,399.836303711,186.83135986328125,137.7400360107422,383.3829345703125,270.27294921875,173.03366088867188,429.548034668,421.53155517578125,404.560119629,ADM3,326,326,BOL,BOL-ADM3-33444609B93991773,Achacachi,ADM3
327,59.1162223816,30.390268325805664,17.90144157409668,43.803157806396484,41.256568908691406,26.11698341369629,58.7460899353,67.27662658691406,56.887424469,ADM3,327,327,BOL,BOL-ADM3-33444609B13753118,Taraco,ADM3
328,58.1960144043,5.110013961791992,2.779325008392334,8.579849243164062,4.621528148651123,5.372317790985107,52.0341873169,46.727294921875,65.220413208,ADM3,328,328,BOL,BOL-ADM3-33444609B75690871,La (Marka) San Andrés de Mach,ADM3
329,32.666469574,38.94025421142578,31.12160873413086,24.509721755981445,34.39108657836914,42.83644485473633,41.946559906,34.291786193847656,40.9900741577,ADM3,329,329,BOL,BOL-ADM3-33444609B31051948,Tacobamba,ADM3
330,746.995300293,645.2603149414062,350.5415344238281,666.0039672851562,651.174560546875,462.685546875,735.301818848,793.9743041992188,779.324584961,ADM3,330,330,BOL,BOL-ADM3-33444609B24985970,Challapata,ADM3
331,594.891662598,494.07989501953125,493.9969482421875,589.8941650390625,525.0676879882812,503.0652160644531,591.83782959,600.065673828125,589.894775391,ADM3,331,331,BOL,BOL-ADM3-33444609B93024851,Uncía,ADM3
332,115.35597229,52.70301055908203,25.30270004272461,95.54995727539062,56.14171600341797,32.018211364746094,125.22253418,132.25518798828125,125.073669434,ADM3,332,332,BOL,BOL-ADM3-33444609B54083051,Ravelo,ADM3
333,323.891296387,173.81890869140625,146.1912384033203,195.82101440429688,217.25169372558594,170.44139099121094,292.321899414,334.55596923828125,299.488037109,ADM3,333,333,BOL,BOL-ADM3-33444609B27870252,Mizque,ADM3
334,23.4390487671,13.83057689666748,8.80318832397461,15.362143516540527,18.82489776611328,12.844362258911133,26.9234409332,27.604089736938477,27.2870864868,ADM3,334,334,BOL,BOL-ADM3-33444609B5020991,Pasorapa,ADM3
335,283.257808685,97.06711769104004,82.04386711120605,87.52114486694336,111.65924835205078,96.16581344604492,212.81495285,307.3944969177246,273.600379944,ADM3,335,335,BOL,BOL-ADM3-33444609B93401902,Cotagaita,ADM3
336,144.466339111,136.411865234375,103.99943542480469,117.28213500976562,122.07072448730469,129.1137237548828,118.807220459,170.5336456298828,132.285919189,ADM3,336,336,BOL,BOL-ADM3-33444609B61161865,Camargo,ADM3
337,1013.93658447,577.9608154296875,341.4621887207031,700.692138671875,643.3421630859375,455.83477783203125,834.322265625,990.4943237304688,936.84564209,ADM3,337,337,BOL,BOL-ADM3-33444609B2211567,Villazón,ADM3
338,277.458404541,272.4214172363281,235.20132446289062,242.90455627441406,275.4935607910156,257.8866271972656,327.710510254,254.80816650390625,323.710418701,ADM3,338,338,BOL,BOL-ADM3-33444609B28920794,Padcaya,ADM3
