asdf_id,oco2_v10r_xco2_yearly.2015.mean,oco2_v10r_xco2_yearly.2017.mean,oco2_v10r_xco2_yearly.2019.mean,oco2_v10r_xco2_yearly.2020.mean,oco2_v10r_xco2_yearly.2018.mean,oco2_v10r_xco2_yearly.2016.mean,Level,gqid,id,shapeGroup,shapeID,shapeName,shapeType
0,400.661054733,404.972717847,408.98264102,410.997478563,406.841928826,402.318685926,ADM3,0,0,BOL,BOL-ADM3-33444609B20338026,Esmeralda,ADM3
1,398.695461721,404.498654148,408.32585212,410.741602705,406.648788506,402.184496444,ADM3,1,1,BOL,BOL-ADM3-33444609B53994240,Santuario de Quillacas,ADM3
2,399.167532231,403.605050457,409.451334925,410.87640426,405.79670333,401.310585897,ADM3,2,2,BOL,BOL-ADM3-33444609B27878331,Pampa Aullagas,ADM3
3,398.486084581,404.031476335,410.139961894,410.930299607,407.845897287,401.940246931,ADM3,3,3,BOL,BOL-ADM3-33444609B13957296,Llallagua,ADM3
4,399.298927374,403.431864032,410.015259495,410.729418251,408.012068214,401.706164993,ADM3,4,4,BOL,BOL-ADM3-33444609B2060227,Caripuyo,ADM3
5,398.664023524,402.027580786,408.486542805,410.398229731,405.319234397,401.461321123,ADM3,5,5,BOL,BOL-ADM3-33444609B22499454,Aiquile,ADM3
6,398.909800692,402.900104243,410.157148138,410.608882976,407.246015699,401.29151339,ADM3,6,6,BOL,BOL-ADM3-33444609B14646898,Sacaca,ADM3
7,397.328625534,401.304311628,407.701245444,410.079802782,404.127301599,400.503681685,ADM3,7,7,BOL,BOL-ADM3-33444609B19396342,Acasio,ADM3
8,399.312749745,404.049760935,409.907477543,410.972468031,407.402751102,401.93453813,ADM3,8,8,BOL,BOL-ADM3-33444609B48998442,Huanuni,ADM3
9,400.083630912,405.001264416,408.308837525,411.772471997,406.820378347,402.538445885,ADM3,9,9,BOL,BOL-ADM3-33444609B43353864,Huachacalla,ADM3
10,397.981458954,404.101852155,407.854882308,410.361867458,406.385859515,402.047505134,ADM3,10,10,BOL,BOL-ADM3-33444609B12212981,Santiago de Huari,ADM3
11,398.974202092,404.816424037,409.990639197,411.334406576,407.136226322,402.51083118,ADM3,11,11,BOL,BOL-ADM3-33444609B81698958,Pazña,ADM3
12,398.745487043,404.325501925,408.483548815,411.336618402,404.755279159,400.558936365,ADM3,12,12,BOL,BOL-ADM3-33444609B39428862,Villa Rivero,ADM3
13,400.308921422,404.389727162,409.858712528,410.618929178,405.95758041,401.777845095,ADM3,13,13,BOL,BOL-ADM3-33444609B55151365,Andamarca,ADM3
14,400.138885281,404.902841473,413.223301733,412.591021361,409.159190743,402.649451264,ADM3,14,14,BOL,BOL-ADM3-33444609B33779243,Chacarilla,ADM3
15,397.873895397,403.424767771,408.844911788,411.317494723,405.903855554,401.002484996,ADM3,15,15,BOL,BOL-ADM3-33444609B65270572,Arbieto,ADM3
16,401.602462222,404.430142467,410.513694532,411.310907774,405.70145936,403.338908917,ADM3,16,16,BOL,BOL-ADM3-33444609B96301403,Papel Pampa,ADM3
17,399.935084527,404.351542007,411.446937652,411.779336991,407.689720106,402.592509053,ADM3,17,17,BOL,BOL-ADM3-33444609B33786797,Umala,ADM3
18,400.286915959,405.211902781,409.119587635,411.402563898,406.55618538,402.770152848,ADM3,18,18,BOL,BOL-ADM3-33444609B89522171,Oruro,ADM3
19,401.023097474,404.537497402,411.368666466,411.704173776,406.113883218,403.246782441,ADM3,19,19,BOL,BOL-ADM3-33444609B49437729,Huayllamarca,ADM3
20,400.784821313,405.521080858,412.492325208,411.594893215,407.446400499,403.181389714,ADM3,20,20,BOL,BOL-ADM3-33444609B90350398,San Pedro de Curahuara,ADM3
21,400.772028796,403.621017033,410.317337721,411.255870535,404.835347069,401.881529646,ADM3,21,21,BOL,BOL-ADM3-33444609B28043407,Sicaya,ADM3
22,398.448832036,403.331085519,408.954547829,410.955280366,406.090309495,403.081647312,ADM3,22,22,BOL,BOL-ADM3-33444609B22047407,Puerto Quijarro,ADM3
23,399.831706403,403.197407433,410.852433398,411.192061481,405.193376345,401.16801756,ADM3,23,23,BOL,BOL-ADM3-33444609B45253703,Capinota,ADM3
24,400.698212692,402.967450993,409.865032108,411.108629022,404.959841407,400.944021785,ADM3,24,24,BOL,BOL-ADM3-33444609B98674568,Arque,ADM3
25,399.820825991,405.018803396,410.422080372,411.217735564,406.561375083,402.302959746,ADM3,25,25,BOL,BOL-ADM3-33444609B17270625,Corocoro,ADM3
26,398.324391179,402.938212155,408.223594019,410.599595006,405.279602705,400.04087885,ADM3,26,26,BOL,BOL-ADM3-33444609B19104054,San Benito,ADM3
27,400.914231325,405.02199053,409.648066997,409.814570639,404.680637979,402.599236856,ADM3,27,27,BOL,BOL-ADM3-33444609B66518212,Sapahaqui,ADM3
28,398.426182495,404.243847809,408.973913444,409.780318214,407.090878564,401.544939324,ADM3,28,28,BOL,BOL-ADM3-33444609B10766550,Cairoma,ADM3
29,399.418624196,403.771636203,409.458197434,411.754585166,407.425732083,402.651330763,ADM3,29,29,BOL,BOL-ADM3-33444609B98493674,Colquiri,ADM3
30,399.742272444,404.34838142,410.06979264,412.231390974,408.287254083,403.009640535,ADM3,30,30,BOL,BOL-ADM3-33444609B35095185,Ichoca,ADM3
31,398.688053993,403.208192156,409.143081067,411.854921143,406.03740688,400.839897356,ADM3,31,31,BOL,BOL-ADM3-33444609B27516383,La Guardia,ADM3
32,398.645637901,401.874738591,407.9291264,409.077303015,405.05169546,400.655726327,ADM3,32,32,BOL,BOL-ADM3-33444609B65462728,Moromoro,ADM3
33,398.949447189,403.411105909,409.53603145,412.284401011,405.554511504,401.497518915,ADM3,33,33,BOL,BOL-ADM3-33444609B3283622,El Torno,ADM3
34,399.519326211,402.98321709,408.891804234,410.956633571,405.449819316,401.589925709,ADM3,34,34,BOL,BOL-ADM3-33444609B3665426,Samaipata,ADM3
35,398.292352201,402.747649939,408.071372014,409.662634029,405.909130843,401.077394125,ADM3,35,35,BOL,BOL-ADM3-33444609B75362770,San Lucas,ADM3
36,397.919739229,402.435707013,407.575361455,409.621767936,405.830286715,401.564783709,ADM3,36,36,BOL,BOL-ADM3-33444609B89526883,Culpina,ADM3
37,397.777532929,402.336378723,407.58473797,408.867733524,405.884034733,401.34847513,ADM3,37,37,BOL,BOL-ADM3-33444609B77799107,Incahuasi,ADM3
38,399.479591798,402.714383691,411.716026627,409.317326223,405.244292585,402.76166917,ADM3,38,38,BOL,BOL-ADM3-33444609B36544235,San Juan,ADM3
39,397.347297181,402.612615786,407.069067614,409.956333082,405.360300255,401.414505138,ADM3,39,39,BOL,BOL-ADM3-33444609B69045844,Tinguipaya,ADM3
40,398.057804647,402.966516532,408.948077802,410.426361965,405.632797137,400.509158712,ADM3,40,40,BOL,BOL-ADM3-33444609B29777572,San Pedro,ADM3
41,398.841426149,405.025236451,408.961611081,412.212261155,407.234197073,403.26924577,ADM3,41,41,BOL,BOL-ADM3-33444609B4195370,Villa Ancoraimes,ADM3
42,398.955404198,403.962689749,409.105871489,411.05274122,406.111531922,402.144110648,ADM3,42,42,BOL,BOL-ADM3-33444609B80268637,"Colcha ""K""",ADM3
43,398.564469364,404.281629198,409.387223377,412.17093691,407.715925976,402.596655138,ADM3,43,43,BOL,BOL-ADM3-33444609B33602201,Puerto Mayor de Carabuco,ADM3
44,399.656447058,403.60765117,408.893233001,410.885714903,406.202406619,402.075719608,ADM3,44,44,BOL,BOL-ADM3-33444609B55181457,Sabaya,ADM3
45,398.706325259,402.995413931,407.786813919,410.10893743,405.686622398,401.240632961,ADM3,45,45,BOL,BOL-ADM3-33444609B74955412,Loreto,ADM3
46,398.356692631,403.572486389,408.813849766,410.292679121,406.703518356,401.793418378,ADM3,46,46,BOL,BOL-ADM3-33444609B79735413,Tomave,ADM3
47,398.442519687,403.128583157,408.151410418,410.058123827,407.112162484,401.681994797,ADM3,47,47,BOL,BOL-ADM3-33444609B50648219,Porco,ADM3
48,397.41399324,402.265314281,408.741505221,409.418670258,405.452928462,401.647848323,ADM3,48,48,BOL,BOL-ADM3-33444609B43551685,Villa Montes,ADM3
49,397.266227899,403.069956537,407.628984398,409.30515526,405.752921736,401.405547953,ADM3,49,49,BOL,BOL-ADM3-33444609B55738046,Yocalla,ADM3
50,396.94879722,403.142544364,407.733727573,409.748745638,406.43003739,401.461391867,ADM3,50,50,BOL,BOL-ADM3-33444609B4133228,Urmiri,ADM3
51,398.400078427,403.329219421,408.647516906,411.948044485,406.664533593,401.749646319,ADM3,51,51,BOL,BOL-ADM3-33444609B8281684,Mocomoco,ADM3
52,397.160888996,400.925212656,407.097093186,410.237516985,403.520263565,400.213099071,ADM3,52,52,BOL,BOL-ADM3-33444609B21235771,Saipina,ADM3
53,398.674372896,402.494531427,408.233106281,411.269045159,404.517331338,400.965792134,ADM3,53,53,BOL,BOL-ADM3-33444609B25995685,Omereque,ADM3
54,398.804890595,404.611645052,409.307123426,411.412964848,406.109450473,402.623358382,ADM3,54,54,BOL,BOL-ADM3-33444609B55124296,Porongo,ADM3
55,398.132118627,403.851906412,408.025811076,410.208141514,405.88061123,401.83103903,ADM3,55,55,BOL,BOL-ADM3-33444609B6878387,Santa Cruz de la Sierra,ADM3
56,399.168829089,403.835994162,407.544073768,409.858217116,405.4942002,401.884566407,ADM3,56,56,BOL,BOL-ADM3-33444609B3318455,San Ignacio,ADM3
57,398.430952065,403.249124457,408.409861769,412.140726597,406.544034762,402.133566662,ADM3,57,57,BOL,BOL-ADM3-33444609B8905284,San Javier,ADM3
58,398.56199784,403.376314057,410.482634318,409.443110933,406.657681641,400.992174776,ADM3,58,58,BOL,BOL-ADM3-33444609B2142879,San Pedro,ADM3
59,397.355356366,403.511990021,410.743842423,410.129367788,409.861016044,402.609583379,ADM3,59,59,BOL,BOL-ADM3-33444609B87038976,Cajuata,ADM3
60,398.226842377,404.118488396,410.717444195,410.428157322,408.695941027,402.808410948,ADM3,60,60,BOL,BOL-ADM3-33444609B59519836,Inquisivi,ADM3
61,396.333381772,403.623823325,407.874574072,408.921425026,408.336126059,402.119104611,ADM3,61,61,BOL,BOL-ADM3-33444609B26067698,Irupana,ADM3
62,394.221798803,403.131217498,406.524364526,408.270615004,407.863227186,400.950942308,ADM3,62,62,BOL,BOL-ADM3-33444609B18902401,Chulumani,ADM3
63,399.174730502,404.607797719,409.759787418,411.291807413,406.565890438,402.235081666,ADM3,63,63,BOL,BOL-ADM3-33444609B62162538,Poopó,ADM3
64,400.127765854,404.69002936,412.491682973,411.36576366,408.099370178,402.4229652,ADM3,64,64,BOL,BOL-ADM3-33444609B19359116,Totora,ADM3
65,398.261861042,401.207850377,407.413025589,409.947278876,405.240851787,400.952710276,ADM3,65,65,BOL,BOL-ADM3-33444609B40503271,Betanzos,ADM3
66,399.405374045,403.925666922,409.834756346,411.457013786,406.419034635,402.418002251,ADM3,66,66,BOL,BOL-ADM3-33444609B16444652,Turco,ADM3
67,397.672123631,402.526744796,408.173402273,411.522349711,405.617543511,401.491465569,ADM3,67,67,BOL,BOL-ADM3-33444609B61346396,Todos Santos,ADM3
68,398.889382411,403.583689481,408.762630736,412.223002705,405.978637909,402.667910337,ADM3,68,68,BOL,BOL-ADM3-33444609B73204671,Concepción,ADM3
69,399.086137718,403.07630552,411.487233993,409.39824719,405.643149152,401.910196479,ADM3,69,69,BOL,BOL-ADM3-33444609B19125904,Santa Rosa,ADM3
70,398.680921739,402.407478353,408.283911295,411.329927448,406.336442925,403.130702596,ADM3,70,70,BOL,BOL-ADM3-33444609B59987600,Huacaraje,ADM3
71,398.575740511,403.342742103,409.29125215,411.016310162,406.211573032,402.166459203,ADM3,71,71,BOL,BOL-ADM3-33444609B98058544,La Rivera,ADM3
72,398.19500465,403.290694759,407.913584112,410.546825671,405.834883989,400.61213717,ADM3,72,72,BOL,BOL-ADM3-33444609B65603601,Entre Ríos,ADM3
73,398.69780583,403.561220874,407.960235772,411.9091918,406.697792695,403.526832748,ADM3,73,73,BOL,BOL-ADM3-33444609B85871655,San Joaquín,ADM3
74,398.934198265,402.768342252,407.769015943,412.01124792,406.628558653,402.9478681,ADM3,74,74,BOL,BOL-ADM3-33444609B31629000,San Ramón,ADM3
75,400.610567757,405.137413207,410.22155897,412.46400652,407.419867836,402.470701246,ADM3,75,75,BOL,BOL-ADM3-33444609B70300813,Tiahuanacu,ADM3
76,397.916363914,403.668345311,407.73343376,410.291892163,405.739436466,400.838844124,ADM3,76,76,BOL,BOL-ADM3-33444609B2169284,Colquechaca,ADM3
77,398.348498327,404.181340218,408.517827542,410.472133002,406.122494737,401.036561997,ADM3,77,77,BOL,BOL-ADM3-33444609B28265316,Pocoata,ADM3
78,398.568455504,403.210282792,408.388274423,410.124125024,405.726369988,401.836511715,ADM3,78,78,BOL,BOL-ADM3-33444609B5007094,Llica,ADM3
79,399.731439356,402.02581396,407.739435109,410.59216015,405.848230032,400.541745393,ADM3,79,79,BOL,BOL-ADM3-33444609B2586032,Quillacollo,ADM3
80,397.549088326,400.665139088,407.217383964,410.544322464,404.961065321,399.923075385,ADM3,80,80,BOL,BOL-ADM3-33444609B27378021,Sacaba,ADM3
81,398.923618936,400.413273791,407.168060429,410.641599889,405.158307759,399.9983955,ADM3,81,81,BOL,BOL-ADM3-33444609B80439797,Tiquipaya,ADM3
82,398.861510297,401.593274526,408.009972335,410.935624786,405.319275226,401.322467417,ADM3,82,82,BOL,BOL-ADM3-33444609B86021401,Colcapirhua,ADM3
83,400.040295023,402.986957696,409.515203156,410.922637775,406.089627467,401.228365312,ADM3,83,83,BOL,BOL-ADM3-33444609B57513939,Sipesipe,ADM3
84,400.196827961,402.338627836,408.16284176,410.715440252,406.227596485,400.966710128,ADM3,84,84,BOL,BOL-ADM3-33444609B63544582,Vinto,ADM3
85,397.609184468,403.421129974,410.561954033,411.392083508,405.022366743,401.065884621,ADM3,85,85,BOL,BOL-ADM3-33444609B91378627,Tarata,ADM3
86,397.273151941,401.57697511,407.791074625,408.747340344,404.038153509,401.681844366,ADM3,86,86,BOL,BOL-ADM3-33444609B10790515,Totora,ADM3
87,397.725384692,403.981973399,409.394059644,410.227461239,404.512630558,402.695230168,ADM3,87,87,BOL,BOL-ADM3-33444609B62366677,Buena Vista,ADM3
88,398.398216732,403.942238261,410.761325683,410.555976718,404.056555183,403.232493658,ADM3,88,88,BOL,BOL-ADM3-33444609B65201053,San Carlos,ADM3
89,399.612759956,402.76007368,407.818822121,410.883943877,407.105452033,403.047344037,ADM3,89,89,BOL,BOL-ADM3-33444609B24515942,Magdalena,ADM3
90,397.978862707,404.955486643,409.827855526,410.543348285,406.04363637,403.062627056,ADM3,90,90,BOL,BOL-ADM3-33444609B38843317,Portachuelo,ADM3
91,398.208534075,403.246824005,408.093258262,410.454600804,405.551940497,400.632762563,ADM3,91,91,BOL,BOL-ADM3-33444609B37744367,San Antonio de Esmoruco,ADM3
92,396.30766228,403.501746623,407.788529461,408.314578714,405.632704817,400.255721113,ADM3,92,92,BOL,BOL-ADM3-33444609B1106358,Uriondo,ADM3
93,398.066672435,403.897334865,407.432018477,410.624337457,405.830071836,401.42901477,ADM3,93,93,BOL,BOL-ADM3-33444609B85745690,Mojinete,ADM3
94,397.44009128,402.344240355,409.073036596,410.496281476,405.037651076,401.508637646,ADM3,94,94,BOL,BOL-ADM3-33444609B87243497,Yacuiba,ADM3
95,396.89658789,401.601563882,406.607891113,409.392475776,404.196045362,400.324039316,ADM3,95,95,BOL,BOL-ADM3-33444609B234644,Yunchará,ADM3
96,397.959714904,404.240738059,408.851550741,410.938380519,406.370227317,399.765412197,ADM3,96,96,BOL,BOL-ADM3-33444609B75965900,Caraparí,ADM3
97,396.180260774,402.523034871,406.791507361,409.921261384,405.389071156,401.150605575,ADM3,97,97,BOL,BOL-ADM3-33444609B88496650,San Lorenzo,ADM3
98,397.866375642,402.389221842,407.742425833,410.216671334,405.042330889,400.203173406,ADM3,98,98,BOL,BOL-ADM3-33444609B59853279,El Puente,ADM3
99,398.440214289,402.758675012,408.331364227,409.945724342,405.439129618,400.651600464,ADM3,99,99,BOL,BOL-ADM3-33444609B34120572,Toro Toro,ADM3
100,399.005555278,404.598273434,408.560187202,411.635294743,406.119062337,402.54604218,ADM3,100,100,BOL,BOL-ADM3-33444609B63002823,San Agustín,ADM3
101,396.565941793,403.312289773,407.631788762,408.886626486,405.686042212,400.901655085,ADM3,101,101,BOL,BOL-ADM3-33444609B48940768,Tarija,ADM3
102,399.389325453,404.784463308,409.88880913,411.415394856,406.470064191,402.868229693,ADM3,102,102,BOL,BOL-ADM3-33444609B83584775,Tahua,ADM3
103,398.346119792,403.448056002,408.483441671,410.814372214,405.78620002,401.236496488,ADM3,103,103,BOL,BOL-ADM3-33444609B12022744,San Pablo,ADM3
104,396.636662296,402.417197249,407.084592306,409.848275774,404.838313771,400.286331775,ADM3,104,104,BOL,BOL-ADM3-33444609B6650687,Las Carreras,ADM3
105,396.693374256,401.557333748,406.664275825,410.356799806,404.406174607,400.621661363,ADM3,105,105,BOL,BOL-ADM3-33444609B72563416,Villa Abecia,ADM3
106,400.150916634,403.522133851,408.529190976,410.829404203,407.050684125,401.107258676,ADM3,106,106,BOL,BOL-ADM3-33444609B32136747,Morochata,ADM3
107,398.94153641,403.224642959,409.044152186,410.191022581,406.141215494,402.499717342,ADM3,107,107,BOL,BOL-ADM3-33444609B11014199,Carangas,ADM3
108,400.022655082,404.607602774,408.880658792,411.541840344,406.597621578,402.602290886,ADM3,108,108,BOL,BOL-ADM3-33444609B29831186,Yunguyo del Litoral,ADM3
109,399.750482138,404.575181767,408.531659931,411.722822479,406.766175318,402.843907505,ADM3,109,109,BOL,BOL-ADM3-33444609B64125054,Cruz de Machacamarca,ADM3
110,398.901092339,404.754621951,410.098169264,411.26877211,406.833480902,402.301982393,ADM3,110,110,BOL,BOL-ADM3-33444609B44425060,Antequera,ADM3
111,399.653746411,404.932662092,409.375158775,411.050420833,407.291902958,403.324445417,ADM3,111,111,BOL,BOL-ADM3-33444609B30420791,Nazacara de Pacajes,ADM3
112,399.612247616,404.666650556,409.39080698,411.529520563,406.979323073,403.02630448,ADM3,112,112,BOL,BOL-ADM3-33444609B25496031,Caquiaviri,ADM3
113,402.444046322,405.462475655,409.019096684,410.862139708,406.520044326,402.260332586,ADM3,113,113,BOL,BOL-ADM3-33444609B78062899,Belén de Andamarca,ADM3
114,401.293485759,405.237493008,409.805176328,411.450752916,406.171278599,402.53459072,ADM3,114,114,BOL,BOL-ADM3-33444609B19215102,Corque,ADM3
115,397.258150134,401.734409211,408.546083118,410.8052157,405.064074258,400.765990982,ADM3,115,115,BOL,BOL-ADM3-33444609B29766009,Vitiche,ADM3
116,398.922425239,404.644297621,408.735356648,410.248377141,406.081152104,401.900885261,ADM3,116,116,BOL,BOL-ADM3-33444609B50583695,Luribay,ADM3
117,399.320469045,404.309045031,409.900499027,410.942329205,406.300982196,401.972040867,ADM3,117,117,BOL,BOL-ADM3-33444609B61739549,Machacamarca,ADM3
118,397.77645987,402.244365467,408.805834016,410.434583684,404.110060876,400.723120838,ADM3,118,118,BOL,BOL-ADM3-33444609B79352083,Arampampa,ADM3
119,398.740840591,404.211829363,408.416513382,410.78026245,405.521315693,400.701262895,ADM3,119,119,BOL,BOL-ADM3-33444609B67664908,Sacabamba,ADM3
120,398.101073477,402.784438779,409.021204223,410.760235382,405.368364691,400.751330229,ADM3,120,120,BOL,BOL-ADM3-33444609B24659770,Anzaldo,ADM3
121,396.959642858,402.955817427,408.910111489,410.949810085,405.095503009,400.206773495,ADM3,121,121,BOL,BOL-ADM3-33444609B17865743,Toco,ADM3
122,398.752583708,403.507105594,408.309420995,410.656831758,405.758115769,401.080673617,ADM3,122,122,BOL,BOL-ADM3-33444609B84509711,Villa Gualberto Villarroel,ADM3
123,398.721688295,403.643802864,408.361369247,410.471287976,405.741986404,401.058412659,ADM3,123,123,BOL,BOL-ADM3-33444609B63808862,Tacachi,ADM3
124,398.012995155,402.973219177,408.943065195,411.316302954,405.753403043,400.04666193,ADM3,124,124,BOL,BOL-ADM3-33444609B45712919,Cliza,ADM3
125,401.059500139,403.268607419,409.752774606,411.139990426,405.623854392,401.419982807,ADM3,125,125,BOL,BOL-ADM3-33444609B71410216,Tacopaya,ADM3
126,399.258133268,404.747230407,409.58155624,411.257018506,406.077539822,402.212664314,ADM3,126,126,BOL,BOL-ADM3-33444609B34376575,El Choro,ADM3
127,399.774398938,404.010619732,409.814440286,411.219357049,405.724505706,401.865099637,ADM3,127,127,BOL,BOL-ADM3-33444609B90107878,Toledo,ADM3
128,398.135749917,403.511088423,409.760732114,410.889270199,405.439661918,401.357635598,ADM3,128,128,BOL,BOL-ADM3-33444609B16998103,Santivañez,ADM3
129,400.392016529,404.478080625,409.454928275,411.107831824,406.405150869,402.392900584,ADM3,129,129,BOL,BOL-ADM3-33444609B37510264,Paria,ADM3
130,400.845848573,405.602643326,410.107405997,410.565801499,406.498951262,404.048679655,ADM3,130,130,BOL,BOL-ADM3-33444609B66068349,Collana,ADM3
131,398.298266743,403.251552811,408.744180007,411.353433852,406.029223303,400.610918026,ADM3,131,131,BOL,BOL-ADM3-33444609B94491619,Tolata,ADM3
132,398.776382198,405.307371691,412.046301526,410.233242772,405.572711453,402.836676335,ADM3,132,132,BOL,BOL-ADM3-33444609B30727604,Cobija,ADM3
133,399.894759087,404.940819011,409.904238672,411.282621826,406.781538586,402.133951645,ADM3,133,133,BOL,BOL-ADM3-33444609B21077453,Eucaliptus,ADM3
134,399.614862732,404.507256431,411.900041937,412.2353554,408.750780072,402.334237868,ADM3,134,134,BOL,BOL-ADM3-33444609B28630051,Santiago de Callapa,ADM3
135,397.875771111,401.713620105,407.964224692,411.184869097,405.188962384,401.346702465,ADM3,135,135,BOL,BOL-ADM3-33444609B41741681,Cochabamba,ADM3
136,399.432480343,404.495144366,409.635877004,411.301013691,406.59116843,402.659950903,ADM3,136,136,BOL,BOL-ADM3-33444609B22900187,Caracollo,ADM3
137,398.856315799,403.682891561,408.814898284,412.042401502,405.70469055,400.744008904,ADM3,137,137,BOL,BOL-ADM3-33444609B21007182,Catacora,ADM3
138,399.11667612,404.375231618,409.787895445,411.374453861,406.676276827,402.35916167,ADM3,138,138,BOL,BOL-ADM3-33444609B25632649,Yaco,ADM3
139,399.218668187,404.153928648,409.784166704,412.057045126,407.062634035,402.799565675,ADM3,139,139,BOL,BOL-ADM3-33444609B93045845,Calacoto,ADM3
140,398.264303793,402.584258162,407.820312908,409.106253154,405.900668363,401.120070735,ADM3,140,140,BOL,BOL-ADM3-33444609B26131324,Arani,ADM3
141,398.621099003,403.419245304,408.332790825,410.450800625,405.472627715,400.3225238,ADM3,141,141,BOL,BOL-ADM3-33444609B3757470,Punata,ADM3
142,399.807171885,403.773772883,409.844699899,411.047993236,406.065621669,402.153364184,ADM3,142,142,BOL,BOL-ADM3-33444609B21151286,Sicasica,ADM3
143,399.560911691,404.914854292,409.931336519,410.666883696,407.649262472,402.315699531,ADM3,143,143,BOL,BOL-ADM3-33444609B32005482,Patacamaya,ADM3
144,400.694805297,405.646257799,409.997836551,410.471628016,406.461620256,403.252876766,ADM3,144,144,BOL,BOL-ADM3-33444609B19082627,Colquencha,ADM3
145,398.799578634,403.781465476,408.856025924,411.997108683,406.381197476,401.552309127,ADM3,145,145,BOL,BOL-ADM3-33444609B96911206,Santiago de Machaca,ADM3
146,401.400983637,405.01282188,409.514683769,412.713119296,407.531122727,401.48017826,ADM3,146,146,BOL,BOL-ADM3-33444609B58600296,Sena,ADM3
147,398.06768512,404.686094859,408.533387024,413.222564122,408.813104259,403.259731578,ADM3,147,147,BOL,BOL-ADM3-33444609B26946399,San Lorenzo,ADM3
148,398.024370539,404.103365034,409.633225182,410.961436854,405.70971311,401.723805819,ADM3,148,148,BOL,BOL-ADM3-33444609B90312020,Santa Rosa,ADM3
149,399.959719104,404.762084107,410.802366003,411.279743474,407.677154139,402.643543427,ADM3,149,149,BOL,BOL-ADM3-33444609B20955158,Malla,ADM3
150,400.391313118,405.341433579,410.244817498,410.821358451,406.838374081,403.184150466,ADM3,150,150,BOL,BOL-ADM3-33444609B91729130,Comanche,ADM3
151,401.139919423,405.379676112,409.660551582,410.353179873,405.432184747,403.439959595,ADM3,151,151,BOL,BOL-ADM3-33444609B41933053,Calamarca,ADM3
152,400.861225812,405.113485494,410.306698658,411.163895359,407.257281992,402.501367136,ADM3,152,152,BOL,BOL-ADM3-33444609B85812802,Viacha,ADM3
153,398.891737345,403.938485422,411.241092275,411.025944737,409.414936092,402.861708968,ADM3,153,153,BOL,BOL-ADM3-33444609B79205479,Villa Libertad Licoma,ADM3
154,398.598093237,404.149054929,410.765334408,410.860831902,409.929064092,402.555814017,ADM3,154,154,BOL,BOL-ADM3-33444609B66902866,Quime,ADM3
155,398.093365424,405.190037272,409.466761119,411.755860791,406.33614311,403.971143534,ADM3,155,155,BOL,BOL-ADM3-33444609B98511044,Huatajata,ADM3
156,400.698592459,404.923703622,410.229847944,411.665840849,406.952300597,402.116320681,ADM3,156,156,BOL,BOL-ADM3-33444609B79531063,Laja,ADM3
157,401.442373089,404.668050271,408.7562215,410.137217751,404.941048777,403.2725631,ADM3,157,157,BOL,BOL-ADM3-33444609B83826918,Mecapaca,ADM3
158,400.579691905,404.414766812,408.138779427,409.499395071,405.362554995,403.013729456,ADM3,158,158,BOL,BOL-ADM3-33444609B56483619,Palca,ADM3
159,401.233891799,404.973497237,409.043246594,410.605770995,406.143211429,402.493487608,ADM3,159,159,BOL,BOL-ADM3-33444609B1863080,Achocalla,ADM3
160,400.105629136,404.625556572,409.08364063,410.468307419,405.93996213,402.109692234,ADM3,160,160,BOL,BOL-ADM3-33444609B30011805,El Alto,ADM3
161,399.198073309,404.483610146,406.611047358,408.914276151,405.650811426,401.791680446,ADM3,161,161,BOL,BOL-ADM3-33444609B40374901,Yanacachi,ADM3
162,399.964555848,403.387968411,409.470457045,410.993068943,406.973865343,401.214104937,ADM3,162,162,BOL,BOL-ADM3-33444609B99579203,Tapacarí,ADM3
163,399.605782056,405.295069623,409.750066127,412.555525889,407.301033364,403.191766064,ADM3,163,163,BOL,BOL-ADM3-33444609B26061868,Desaguadero,ADM3
164,399.695931277,405.047299019,409.887915649,411.990909822,407.566756165,403.044878701,ADM3,164,164,BOL,BOL-ADM3-33444609B81723104,Jesús de Machaka,ADM3
165,400.068752176,405.333250474,409.94978773,412.784216089,407.466242426,402.736920408,ADM3,165,165,BOL,BOL-ADM3-33444609B3928389,Puerto Mayor de Guaqui,ADM3
166,398.421990943,404.55817,409.867155288,411.966002917,406.853360556,403.271707836,ADM3,166,166,BOL,BOL-ADM3-33444609B83959891,Tito Yupanqui,ADM3
167,399.336211094,404.571621243,409.464726374,410.869322108,405.926757782,403.163608337,ADM3,167,167,BOL,BOL-ADM3-33444609B86182822,Pucarani,ADM3
168,399.013297573,404.896748332,408.537719481,412.156908793,406.967018176,403.359444992,ADM3,168,168,BOL,BOL-ADM3-33444609B86015105,Combaya,ADM3
169,398.198094229,403.608925258,406.019051023,408.847126545,405.134874809,401.749275556,ADM3,169,169,BOL,BOL-ADM3-33444609B70122176,Coroico,ADM3
170,397.006798445,403.638649743,406.364662353,408.902524332,406.701186798,400.955597725,ADM3,170,170,BOL,BOL-ADM3-33444609B52332460,Coripata,ADM3
171,399.09917276,403.961402896,408.135879382,411.988607845,407.084639964,402.883169057,ADM3,171,171,BOL,BOL-ADM3-33444609B75079070,Quiabaya,ADM3
172,399.093506015,403.85283595,407.276625563,412.405677434,406.263686979,402.449877867,ADM3,172,172,BOL,BOL-ADM3-33444609B51912538,Aucapata,ADM3
173,400.492730477,405.432574145,409.752977175,410.276400187,406.684815671,402.145808368,ADM3,173,173,BOL,BOL-ADM3-33444609B77019342,Ayo Ayo,ADM3
174,398.699275445,402.195497062,407.830083506,409.041106968,405.774319054,400.344038934,ADM3,174,174,BOL,BOL-ADM3-33444609B52543177,Azurduy,ADM3
175,398.586371006,403.392856553,405.64232846,412.249074701,405.376864899,403.906557392,ADM3,175,175,BOL,BOL-ADM3-33444609B93497004,Tipuani,ADM3
176,398.700278163,404.194555755,407.112673688,409.515905666,405.011763611,402.471515755,ADM3,176,176,BOL,BOL-ADM3-33444609B95766629,Nuestra Señora de La Paz,ADM3
177,399.121093774,404.53759698,407.546600693,412.225443169,406.414295523,403.591781993,ADM3,177,177,BOL,BOL-ADM3-33444609B93873258,Sorata,ADM3
178,396.435652969,405.341350478,409.054066897,410.477234798,408.995743853,402.282945339,ADM3,178,178,BOL,BOL-ADM3-33444609B25803532,La Asunta,ADM3
179,398.777284904,403.984891382,408.547330946,412.022310345,407.050012918,402.485437537,ADM3,179,179,BOL,BOL-ADM3-33444609B88180595,Chuma,ADM3
180,397.740494628,404.083192997,406.435105175,411.475957943,405.142281355,403.279272284,ADM3,180,180,BOL,BOL-ADM3-33444609B33390960,Guanay,ADM3
181,399.648467396,404.177022036,407.912800955,411.741198171,405.287569997,401.788966915,ADM3,181,181,BOL,BOL-ADM3-33444609B45650655,Teoponte,ADM3
182,400.000079312,403.533472789,405.450065368,412.686067522,405.918994988,403.319842446,ADM3,182,182,BOL,BOL-ADM3-33444609B90372031,Mapiri,ADM3
183,398.735443199,403.463775672,406.790862106,411.134296463,406.014787055,401.932499113,ADM3,183,183,BOL,BOL-ADM3-33444609B50407902,Charazani,ADM3
184,396.934193103,402.77835241,408.263403622,409.327049551,404.976896515,401.219107554,ADM3,184,184,BOL,BOL-ADM3-33444609B73754741,"Caiza ""D""",ADM3
185,398.382664593,404.95941002,410.020109395,411.646602073,407.192983955,403.09668845,ADM3,185,185,BOL,BOL-ADM3-33444609B22177467,Copacabana,ADM3
186,398.629121206,401.202956941,409.080476952,409.445153955,405.742034396,399.602243663,ADM3,186,186,BOL,BOL-ADM3-33444609B65808761,Tarvita,ADM3
187,397.476113843,402.23534718,407.893284706,410.703052489,404.65715818,400.026836867,ADM3,187,187,BOL,BOL-ADM3-33444609B42666607,Chaquí,ADM3
188,397.695376983,402.553893765,408.041072181,410.865496066,405.115280454,400.512614585,ADM3,188,188,BOL,BOL-ADM3-33444609B15997979,Puna,ADM3
189,398.074828757,401.270482961,407.831840082,409.732233859,405.718457958,401.192567417,ADM3,189,189,BOL,BOL-ADM3-33444609B30593293,Ckochas,ADM3
190,398.223558688,400.975895181,409.140334082,409.673957878,404.453594647,398.234368225,ADM3,190,190,BOL,BOL-ADM3-33444609B60642341,El Villar,ADM3
191,397.870464454,402.538398828,408.000994221,409.730627022,405.797910554,400.397050555,ADM3,191,191,BOL,BOL-ADM3-33444609B90845226,Huacaya,ADM3
192,399.553757433,403.70187206,406.502210078,412.400318766,406.240826518,402.863409865,ADM3,192,192,BOL,BOL-ADM3-33444609B27309972,Tacacoma,ADM3
193,399.289971215,402.213571097,407.519156436,409.768604331,406.185160074,400.546267525,ADM3,193,193,BOL,BOL-ADM3-33444609B13482689,Huacareta,ADM3
194,398.639413496,401.521000951,408.09658581,409.286159078,405.702132639,399.697804609,ADM3,194,194,BOL,BOL-ADM3-33444609B9106763,Monteagudo,ADM3
195,397.398902489,402.315313649,407.828144525,410.345645254,404.789267842,400.36782173,ADM3,195,195,BOL,BOL-ADM3-33444609B51923126,Potosí,ADM3
196,398.310165087,404.649258324,410.002179087,412.102988189,406.844917052,403.53493884,ADM3,196,196,BOL,BOL-ADM3-33444609B67965715,San Pedro de Tiquina,ADM3
197,399.513010101,403.164935845,408.963540536,410.576256258,405.926039357,402.510877542,ADM3,197,197,BOL,BOL-ADM3-33444609B6445025,Lagunillas,ADM3
198,398.623747503,400.607413617,408.707657621,410.122797541,404.843476848,400.185359832,ADM3,198,198,BOL,BOL-ADM3-33444609B92818499,Alcalá,ADM3
199,398.395788264,400.641818532,409.434944385,409.833891428,405.711734164,400.851518908,ADM3,199,199,BOL,BOL-ADM3-33444609B9397800,Sopachui,ADM3
200,398.215510788,400.818432759,407.536475594,409.539188866,405.926721578,401.456629083,ADM3,200,200,BOL,BOL-ADM3-33444609B74292684,Villa Ricardo Mugia - Icla,ADM3
201,398.524120396,400.646064563,407.258622183,409.818782154,406.027050486,401.658439322,ADM3,201,201,BOL,BOL-ADM3-33444609B38543160,Yotala,ADM3
202,398.484596871,401.388030747,407.76663965,409.143279226,405.731943588,402.056292381,ADM3,202,202,BOL,BOL-ADM3-33444609B32418048,Yamparáez,ADM3
203,398.174491247,402.188418346,408.358251752,410.285689047,405.244072063,400.915549706,ADM3,203,203,BOL,BOL-ADM3-33444609B38412786,Tomina,ADM3
204,396.778081082,403.728553196,407.26383231,410.319213245,404.220351947,399.945609169,ADM3,204,204,BOL,BOL-ADM3-33444609B72440734,Ocurí,ADM3
205,398.31760028,402.145696139,408.246793174,409.577260928,405.755507066,401.301449763,ADM3,205,205,BOL,BOL-ADM3-33444609B73936756,Tarabuco,ADM3
206,398.23908772,402.447505497,408.100229343,410.073988493,405.930034243,401.028491318,ADM3,206,206,BOL,BOL-ADM3-33444609B5472183,Zudañez,ADM3
207,398.576979096,403.407492412,407.483444704,410.624701235,406.033543487,401.601539169,ADM3,207,207,BOL,BOL-ADM3-33444609B88989469,Curva,ADM3
208,398.622685537,403.523566384,408.059023122,410.13501962,405.553802344,401.474076963,ADM3,208,208,BOL,BOL-ADM3-33444609B30997278,Pelechuco,ADM3
209,399.170496836,404.674135975,409.453456815,410.855661398,407.17820766,403.561007038,ADM3,209,209,BOL,BOL-ADM3-33444609B83015549,Palos Blancos,ADM3
210,398.913246254,404.207986696,406.209309558,410.103328661,405.543770458,401.657499974,ADM3,210,210,BOL,BOL-ADM3-33444609B25123274,Apolo,ADM3
211,397.442459603,405.04247914,409.353828359,410.335477771,406.586642537,402.315340772,ADM3,211,211,BOL,BOL-ADM3-33444609B4331330,Puerto Menor de Rurrenabaque,ADM3
212,397.968429089,404.217690141,407.870048588,410.816542486,406.729267351,401.33462937,ADM3,212,212,BOL,BOL-ADM3-33444609B85439426,San Buenaventura,ADM3
213,397.89114611,404.877699625,408.713107341,411.136883955,406.806834281,403.048096259,ADM3,213,213,BOL,BOL-ADM3-33444609B23560373,Santa Ana,ADM3
214,398.173345401,403.97525631,409.995098123,409.955113342,406.773013307,401.761581599,ADM3,214,214,BOL,BOL-ADM3-33444609B36751060,San Borja,ADM3
215,398.292168255,404.586220605,409.611647064,410.61679287,405.460164741,401.646435272,ADM3,215,215,BOL,BOL-ADM3-33444609B13357475,Reyes,ADM3
216,397.053270649,404.822232519,408.394075305,413.06470432,407.765335088,404.439229611,ADM3,216,216,BOL,BOL-ADM3-33444609B85003487,Puerto Gonzalo Moreno,ADM3
217,398.349478568,403.324178692,407.779697102,411.629696857,406.695427675,404.309477801,ADM3,217,217,BOL,BOL-ADM3-33444609B80291858,Puerto Siles,ADM3
218,398.970700299,404.476524967,408.741601897,411.358191595,406.013773759,402.357120316,ADM3,218,218,BOL,BOL-ADM3-33444609B10458910,Exaltación,ADM3
219,397.672443963,404.46673034,408.180372596,412.704571337,407.072223584,402.163809576,ADM3,219,219,BOL,BOL-ADM3-33444609B93314585,Riberalta,ADM3
220,399.036891705,405.719090172,412.798303753,410.720009461,405.690043254,402.652879871,ADM3,220,220,BOL,BOL-ADM3-33444609B95419155,Porvenir,ADM3
221,399.37833567,403.981818696,410.39824958,410.868955345,407.338343794,402.172200207,ADM3,221,221,BOL,BOL-ADM3-33444609B83803279,Bella Flor,ADM3
222,398.768689593,404.887008584,408.661867998,413.677719918,408.425301242,403.695941849,ADM3,222,222,BOL,BOL-ADM3-33444609B11509981,San Pedro,ADM3
223,400.272505758,406.226096437,409.838432554,413.306470321,407.319336384,401.240458167,ADM3,223,223,BOL,BOL-ADM3-33444609B55981723,Puerto Rico,ADM3
224,399.733747435,404.035085353,409.1203883,411.865331071,408.987836504,402.965077418,ADM3,224,224,BOL,BOL-ADM3-33444609B45825141,Santa Rosa,ADM3
225,399.025608984,404.82786273,408.99697628,414.279208128,408.76770615,403.106068311,ADM3,225,225,BOL,BOL-ADM3-33444609B53699713,Ingavi,ADM3
226,398.672068808,404.046591931,409.304817098,411.587708833,406.604875908,402.947181632,ADM3,226,226,BOL,BOL-ADM3-33444609B93580112,Guayaramerín,ADM3
227,399.390864134,404.721045365,408.846534144,413.355643594,407.32248905,401.381694311,ADM3,227,227,BOL,BOL-ADM3-33444609B33507653,Villa Nueva,ADM3
228,398.256509741,405.104547902,408.651335897,412.962717267,407.384891627,401.57793201,ADM3,228,228,BOL,BOL-ADM3-33444609B15181859,Santos Mercado,ADM3
229,398.409602619,403.496595962,409.454457519,412.655618011,406.327869311,402.484137491,ADM3,229,229,BOL,BOL-ADM3-33444609B91423379,Nueva Esperanza,ADM3
230,398.388691334,405.053594175,409.355150627,412.0100747,406.830909534,403.522823752,ADM3,230,230,BOL,BOL-ADM3-33444609B41664570,Santiago de Huata,ADM3
231,398.946746155,404.3476856,409.907142753,411.250755113,406.305040265,403.461985451,ADM3,231,231,BOL,BOL-ADM3-33444609B7909722,Puerto Pérez,ADM3
232,398.720689438,404.046639361,409.035636598,410.939034263,406.982053296,402.079984416,ADM3,232,232,BOL,BOL-ADM3-33444609B27408509,Chuquihuta Ayllu Jucumani,ADM3
233,399.256695134,405.959022486,411.660960273,410.402241534,405.765344961,403.45824029,ADM3,233,233,BOL,BOL-ADM3-33444609B21368266,Bolpebra,ADM3
234,400.033862513,405.140674386,411.586278338,412.062087491,406.710228894,402.491744218,ADM3,234,234,BOL,BOL-ADM3-33444609B21491486,Filadelfia,ADM3
235,399.290862997,404.728947631,408.321154526,410.954942979,407.21592,403.364213181,ADM3,235,235,BOL,BOL-ADM3-33444609B19655093,Alto Beni,ADM3
236,398.659211465,404.042546773,407.294127612,410.228852747,406.556400455,402.021787138,ADM3,236,236,BOL,BOL-ADM3-33444609B96037932,Caranavi,ADM3
237,397.966083874,405.519201685,409.133341256,411.530216718,406.174631101,404.214338135,ADM3,237,237,BOL,BOL-ADM3-33444609B8469227,Huarina,ADM3
238,400.30803601,403.480430455,410.08217234,410.968591408,406.562530896,401.562937281,ADM3,238,238,BOL,BOL-ADM3-33444609B76614989,Bolivar,ADM3
239,397.806348215,405.12085125,409.44786729,412.114501753,406.587467423,403.769526419,ADM3,239,239,BOL,BOL-ADM3-33444609B43692068,Chua Cocani,ADM3
240,398.149291636,403.301235762,409.02525748,411.650973263,406.623235615,401.8196518,ADM3,240,240,BOL,BOL-ADM3-33444609B78666461,Humanata,ADM3
241,398.562337372,402.225209,408.1033537,409.711515999,405.774155147,400.692616006,ADM3,241,241,BOL,BOL-ADM3-33444609B92881157,Villa Vaca Guzmán,ADM3
242,398.062469499,405.516823733,408.783521818,410.940567112,405.764035894,404.331970761,ADM3,242,242,BOL,BOL-ADM3-33444609B42689736,Batallas,ADM3
243,397.224686432,400.662514606,407.168834287,409.701006126,403.720112731,399.389328753,ADM3,243,243,BOL,BOL-ADM3-33444609B75760336,Padilla,ADM3
244,398.401871635,403.264720908,407.469272302,411.030357493,404.542357871,400.493939356,ADM3,244,244,BOL,BOL-ADM3-33444609B69980236,Mojocoya,ADM3
245,398.225168802,401.9318443,407.724774138,409.168619295,405.051438185,400.026984697,ADM3,245,245,BOL,BOL-ADM3-33444609B51772236,Pucará,ADM3
246,398.265661645,401.707456615,407.084065399,409.651094698,404.537036004,400.410492499,ADM3,246,246,BOL,BOL-ADM3-33444609B69127220,Villa Serrano,ADM3
247,397.080134628,402.420905631,408.321423214,408.425707523,405.307110637,401.815675583,ADM3,247,247,BOL,BOL-ADM3-33444609B12353677,Macharetí,ADM3
248,398.629774679,403.803031196,408.324801656,408.397836822,405.322430106,401.742239242,ADM3,248,248,BOL,BOL-ADM3-33444609B47604355,Boyuibe,ADM3
249,398.709466543,402.639520073,407.842279505,409.452270003,405.98358431,401.975958419,ADM3,249,249,BOL,BOL-ADM3-33444609B96934473,Cuevo,ADM3
250,400.305113008,403.087009335,409.391879179,410.216326622,405.867535279,402.380942183,ADM3,250,250,BOL,BOL-ADM3-33444609B99493244,Camiri,ADM3
251,398.500969196,404.699945044,410.114919898,410.016906722,406.571774424,401.514429436,ADM3,251,251,BOL,BOL-ADM3-33444609B83608870,Cocapata,ADM3
252,397.518253958,401.831530265,408.360144527,409.122492177,405.736591194,401.13178993,ADM3,252,252,BOL,BOL-ADM3-33444609B53201147,Vallegrande,ADM3
253,399.056572253,403.149649715,408.950026601,410.121616077,405.550881692,402.284942692,ADM3,253,253,BOL,BOL-ADM3-33444609B32904525,Gutiérrez,ADM3
254,398.511194957,402.253170647,408.032105896,409.07654041,405.160469039,400.879341566,ADM3,254,254,BOL,BOL-ADM3-33444609B61390228,Sucre,ADM3
255,398.638024526,402.626925157,408.086453043,410.340075007,405.633254688,400.830354448,ADM3,255,255,BOL,BOL-ADM3-33444609B90222474,Presto,ADM3
256,398.535587922,403.452375117,408.844102521,411.203283361,406.31116927,401.74270688,ADM3,256,256,BOL,BOL-ADM3-33444609B25796587,Postrervalle,ADM3
257,398.120899396,402.055468895,408.109231585,409.452635984,405.20236204,400.961311436,ADM3,257,257,BOL,BOL-ADM3-33444609B52561385,Trigal,ADM3
258,399.854627152,402.778951993,408.095790688,410.226145446,405.840482681,401.397139603,ADM3,258,258,BOL,BOL-ADM3-33444609B67865308,Quirusillas,ADM3
259,399.089044672,402.923200573,408.751181906,410.990495015,405.578606492,401.128702802,ADM3,259,259,BOL,BOL-ADM3-33444609B3158247,Cabezas,ADM3
260,397.837344585,403.769857635,407.679046822,409.459198037,405.862344834,402.02600241,ADM3,260,260,BOL,BOL-ADM3-33444609B36360155,Cotoca,ADM3
261,399.220528969,403.012069472,409.742172605,409.115745611,405.878633727,401.998676593,ADM3,261,261,BOL,BOL-ADM3-33444609B82294182,Yapacaní,ADM3
262,399.365150933,403.265421835,409.412018363,410.671859562,404.984224487,402.913225808,ADM3,262,262,BOL,BOL-ADM3-33444609B81436946,Cuatro Cañadas,ADM3
263,400.268250111,403.528510405,409.475292043,411.121309834,404.267663451,402.654123146,ADM3,263,263,BOL,BOL-ADM3-33444609B34841445,San Ramón,ADM3
264,399.077066945,403.467597723,407.752308903,412.128627038,404.930385314,401.963616922,ADM3,264,264,BOL,BOL-ADM3-33444609B57224915,San Javier,ADM3
265,399.237951754,403.863650093,409.477182817,410.921806123,405.914559082,402.002062441,ADM3,265,265,BOL,BOL-ADM3-33444609B78704867,San Miguel,ADM3
266,398.053198213,401.330578017,408.83975907,408.691606441,403.833018852,399.667563389,ADM3,266,266,BOL,BOL-ADM3-33444609B25395901,Villa Tunari,ADM3
267,398.626981922,401.862808204,408.810185741,408.500105331,405.172043946,400.586630881,ADM3,267,267,BOL,BOL-ADM3-33444609B24552917,Chimoré,ADM3
268,396.603690532,400.974236357,407.544068307,409.021951965,403.833249827,401.163193172,ADM3,268,268,BOL,BOL-ADM3-33444609B18430420,Tiraque,ADM3
269,396.49702785,400.121909826,409.702960488,408.841956657,403.434252558,400.867146999,ADM3,269,269,BOL,BOL-ADM3-33444609B95602913,Shinahota,ADM3
270,397.904343063,405.521720897,408.454388475,410.572578448,405.722530699,402.546285827,ADM3,270,270,BOL,BOL-ADM3-33444609B71154134,Montero,ADM3
271,398.521625245,402.772243197,408.872153961,410.811030324,406.13025424,400.812858572,ADM3,271,271,BOL,BOL-ADM3-33444609B46709169,Ascención de Guarayos,ADM3
272,398.849354599,403.637896058,409.273663486,410.676226534,406.254250664,401.482059149,ADM3,272,272,BOL,BOL-ADM3-33444609B55665100,San Andrés,ADM3
273,397.623326395,402.286769974,406.940003068,407.705623845,405.338603625,401.683568155,ADM3,273,273,BOL,BOL-ADM3-33444609B36270672,Vacas,ADM3
274,397.732219707,402.306440213,407.175453934,408.670812396,405.038086119,402.132632801,ADM3,274,274,BOL,BOL-ADM3-33444609B99795676,Pocona,ADM3
275,398.330460428,404.140622419,409.124083781,408.576428105,405.224272674,401.130043472,ADM3,275,275,BOL,BOL-ADM3-33444609B439401,Okinawa Uno,ADM3
276,397.543505695,405.846167891,407.608545187,410.416642927,405.583571116,402.354567944,ADM3,276,276,BOL,BOL-ADM3-33444609B11056664,Warnes,ADM3
277,397.255616866,405.492079563,407.85166221,411.268165827,406.237035438,401.614300023,ADM3,277,277,BOL,BOL-ADM3-33444609B54301679,General Saavedra,ADM3
278,399.506812326,403.002820839,408.731393985,409.773864605,404.718847091,402.192734232,ADM3,278,278,BOL,BOL-ADM3-33444609B10251116,Pailón,ADM3
279,397.120970379,404.952628242,407.952850997,411.687168182,406.086261237,400.352076138,ADM3,279,279,BOL,BOL-ADM3-33444609B49773042,Fernández Alonso,ADM3
280,397.51170807,405.107499552,408.319260306,411.690056929,405.898482134,401.345130188,ADM3,280,280,BOL,BOL-ADM3-33444609B82751741,Mineros,ADM3
281,397.844609313,402.483403048,408.790303892,409.484684588,405.298212595,401.306614014,ADM3,281,281,BOL,BOL-ADM3-33444609B58335505,Pampa Grande,ADM3
282,398.575555668,403.697361559,409.001953466,409.310999805,405.126422115,401.833232043,ADM3,282,282,BOL,BOL-ADM3-33444609B78053551,Mairana,ADM3
283,397.807037559,400.182819015,409.869597822,407.917677394,404.484465379,400.657390286,ADM3,283,283,BOL,BOL-ADM3-33444609B66013257,Puerto Villarroel,ADM3
284,397.799695477,405.302347057,408.195248653,410.38661437,406.255069322,403.298225623,ADM3,284,284,BOL,BOL-ADM3-33444609B84075203,Colpa Bélgica,ADM3
285,398.467092184,403.820320762,407.869494018,411.148653359,405.405930836,402.592619174,ADM3,285,285,BOL,BOL-ADM3-33444609B58337466,Puerto Suarez,ADM3
286,398.090533261,404.017223503,408.177524911,411.074059219,405.795041819,402.516208652,ADM3,286,286,BOL,BOL-ADM3-33444609B52930702,El Carmen Rivero Tórrez,ADM3
287,399.636447468,404.023766268,409.148129727,410.898443079,407.616248826,401.484116631,ADM3,287,287,BOL,BOL-ADM3-33444609B32568642,Roboré,ADM3
288,398.255750386,403.082850922,408.364687896,411.198139066,405.580015007,402.840154463,ADM3,288,288,BOL,BOL-ADM3-33444609B83253902,San Matías,ADM3
289,398.879412758,403.128065392,408.655224179,409.579712722,405.726635687,401.157704065,ADM3,289,289,BOL,BOL-ADM3-33444609B85273692,Charagua,ADM3
290,398.6617511,403.743117903,409.449615274,410.39719412,408.570409242,401.814312179,ADM3,290,290,BOL,BOL-ADM3-33444609B21156081,San José,ADM3
291,398.892308997,404.432429858,410.267631006,410.692539832,408.731970912,401.92413434,ADM3,291,291,BOL,BOL-ADM3-33444609B61104849,San Rafael,ADM3
292,399.992861196,403.73626081,409.398302529,411.180871379,407.937944642,401.869221213,ADM3,292,292,BOL,BOL-ADM3-33444609B74694029,Ayopaya,ADM3
293,399.927725871,404.171130973,410.521377599,411.101606042,406.915897096,401.444554128,ADM3,293,293,BOL,BOL-ADM3-33444609B38230040,San Ignacio,ADM3
294,399.109453862,402.35048761,408.555131689,411.090872492,405.739660387,402.036504292,ADM3,294,294,BOL,BOL-ADM3-33444609B93004293,Urubicha,ADM3
295,399.123152024,402.976736679,407.913951763,411.259806889,406.567323005,402.599027477,ADM3,295,295,BOL,BOL-ADM3-33444609B21187437,Baures,ADM3
296,398.675390239,404.118118395,408.692948423,411.948135886,405.958216129,401.85374986,ADM3,296,296,BOL,BOL-ADM3-33444609B59063344,Trinidad,ADM3
297,400.443326533,403.982846984,408.414490355,411.658079611,405.443920197,404.035834062,ADM3,297,297,BOL,BOL-ADM3-33444609B54102559,San Antonio de Lomerio,ADM3
298,397.078564687,401.059135218,407.968623053,409.175436366,403.311382034,401.237922394,ADM3,298,298,BOL,BOL-ADM3-33444609B66575543,Pojo,ADM3
299,398.000175418,400.900593089,408.546403159,408.420562394,404.176063252,400.37785559,ADM3,299,299,BOL,BOL-ADM3-33444609B6351519,Entre Ríos,ADM3
300,398.588659864,402.142958109,408.28093805,408.783004101,405.400773659,401.092343126,ADM3,300,300,BOL,BOL-ADM3-33444609B40832379,Poroma,ADM3
301,396.423432505,400.045914212,406.416912424,409.674217097,403.470732496,399.239282011,ADM3,301,301,BOL,BOL-ADM3-33444609B77419578,Colomi,ADM3
302,399.447006949,403.219041543,408.299501386,409.478483396,406.437806808,402.171902891,ADM3,302,302,BOL,BOL-ADM3-33444609B47454413,Alalay,ADM3
303,399.163938965,404.063909827,408.700584592,410.2269101,406.172795933,401.252966393,ADM3,303,303,BOL,BOL-ADM3-33444609B95117685,Vila Vila,ADM3
304,399.900991001,404.659872912,408.436580922,410.762111263,405.693574842,402.096173,ADM3,304,304,BOL,BOL-ADM3-33444609B5346742,Ixiamas,ADM3
305,399.149537899,403.594458434,406.923275154,412.174477688,406.224270554,402.364589516,ADM3,305,305,BOL,BOL-ADM3-33444609B73132405,Ayata,ADM3
306,398.438934577,403.752320772,409.254036546,410.651796829,406.196583198,401.688088346,ADM3,306,306,BOL,BOL-ADM3-33444609B71435776,Uyuni,ADM3
307,400.250032885,405.367368981,410.609052459,410.699433797,407.062050421,402.236787344,ADM3,307,307,BOL,BOL-ADM3-33444609B66511934,Waldo Ballivian,ADM3
308,398.85546277,403.930239183,409.39061879,411.312926236,406.878664164,402.333491176,ADM3,308,308,BOL,BOL-ADM3-33444609B68137279,Curahuara de Carangas,ADM3
309,401.072871806,405.134814534,411.446047341,411.761126857,406.57352064,402.354129536,ADM3,309,309,BOL,BOL-ADM3-33444609B36186520,Choquecota,ADM3
310,400.687225777,405.257895273,409.273969467,411.44130114,406.822647615,402.487192907,ADM3,310,310,BOL,BOL-ADM3-33444609B87640342,Escara,ADM3
311,399.767235951,404.059828485,409.47386651,411.360981257,406.816857904,404.043200787,ADM3,311,311,BOL,BOL-ADM3-33444609B79549253,Coipasa,ADM3
312,400.442282147,404.746965064,408.890030264,411.038514823,406.782230953,402.613882338,ADM3,312,312,BOL,BOL-ADM3-33444609B48403080,Chipaya,ADM3
313,398.342658779,403.6534821,409.815498707,410.869343247,407.42098556,401.751598661,ADM3,313,313,BOL,BOL-ADM3-33444609B66088023,Chayanta,ADM3
314,400.229025376,404.568131453,409.423057553,410.398448911,406.355951413,402.501776984,ADM3,314,314,BOL,BOL-ADM3-33444609B60563542,Salinas de Garcí Mendoza,ADM3
315,398.06023713,404.744099535,408.305281944,410.186228693,405.89619747,401.407499428,ADM3,315,315,BOL,BOL-ADM3-33444609B90206942,Tupiza,ADM3
316,397.84884153,404.895057296,408.90087727,410.648633088,405.779114079,401.644187483,ADM3,316,316,BOL,BOL-ADM3-33444609B106993,Atocha,ADM3
317,398.327202126,403.111718093,408.416774455,410.470613128,405.647073475,401.872714562,ADM3,317,317,BOL,BOL-ADM3-33444609B51545061,San Pedro de Quemes,ADM3
318,398.93524855,403.360718987,409.868713415,410.534371099,405.357291142,400.98034269,ADM3,318,318,BOL,BOL-ADM3-33444609B42696709,San Julián,ADM3
319,398.58387219,403.33709228,409.18961831,409.572856571,406.216575509,401.162153262,ADM3,319,319,BOL,BOL-ADM3-33444609B68632045,El Puente,ADM3
320,397.936087351,401.085723123,408.120427186,408.996860304,404.32701876,400.361391984,ADM3,320,320,BOL,BOL-ADM3-33444609B10638383,Comarapa,ADM3
321,396.632893547,402.157121149,406.42098431,409.440612903,406.940598202,400.050820797,ADM3,321,321,BOL,BOL-ADM3-33444609B8717747,Bermejo,ADM3
322,397.006312476,403.216422558,408.196899049,408.913050443,406.019622291,401.394388266,ADM3,322,322,BOL,BOL-ADM3-33444609B53463626,Villa Charcas,ADM3
323,398.448182741,404.112551088,409.711298838,411.878399514,406.960944523,402.618840842,ADM3,323,323,BOL,BOL-ADM3-33444609B82635532,Puerto Acosta,ADM3
324,398.190386656,404.009219568,409.853882723,411.306609489,407.867655572,402.379494584,ADM3,324,324,BOL,BOL-ADM3-33444609B17656422,Escoma,ADM3
325,398.909392946,403.464698276,408.530813512,411.345426591,405.847466119,401.824324688,ADM3,325,325,BOL,BOL-ADM3-33444609B71044330,Charaña,ADM3
326,398.182433667,405.561460527,408.755013214,412.054042891,406.527375578,403.844799978,ADM3,326,326,BOL,BOL-ADM3-33444609B93991773,Achacachi,ADM3
327,400.585783911,405.270565258,410.244043249,412.606902183,407.344691205,402.736655273,ADM3,327,327,BOL,BOL-ADM3-33444609B13753118,Taraco,ADM3
328,399.176028564,404.392107156,409.156396015,411.823117034,407.336353215,403.072242529,ADM3,328,328,BOL,BOL-ADM3-33444609B75690871,La (Marka) San Andrés de Mach,ADM3
329,396.981014163,401.215082649,407.664952932,410.215152481,404.639910357,399.134428513,ADM3,329,329,BOL,BOL-ADM3-33444609B31051948,Tacobamba,ADM3
330,398.386520646,404.054619689,408.619206674,410.624976415,407.290193234,402.708587046,ADM3,330,330,BOL,BOL-ADM3-33444609B24985970,Challapata,ADM3
331,398.70901814,404.301727228,409.639427455,411.157656925,407.213049929,402.247462947,ADM3,331,331,BOL,BOL-ADM3-33444609B93024851,Uncía,ADM3
332,397.829714682,403.360556597,408.404679501,410.382827417,405.246030364,399.885521038,ADM3,332,332,BOL,BOL-ADM3-33444609B54083051,Ravelo,ADM3
333,399.101204535,403.482013551,408.53999673,408.958056621,405.755167348,402.551186875,ADM3,333,333,BOL,BOL-ADM3-33444609B27870252,Mizque,ADM3
334,398.339159003,402.323753419,407.921607323,410.248650709,404.581191116,400.876630982,ADM3,334,334,BOL,BOL-ADM3-33444609B5020991,Pasorapa,ADM3
335,397.911003912,403.301027035,408.47863897,410.150648057,405.51555663,401.144634693,ADM3,335,335,BOL,BOL-ADM3-33444609B93401902,Cotagaita,ADM3
336,398.176868092,402.733015228,408.234808156,410.789364702,405.740103383,400.964233766,ADM3,336,336,BOL,BOL-ADM3-33444609B61161865,Camargo,ADM3
337,397.756412696,403.782318564,407.753411997,410.119381771,406.04573058,401.849798577,ADM3,337,337,BOL,BOL-ADM3-33444609B2211567,Villazón,ADM3
338,396.083505539,402.874200555,407.35502944,409.043020677,405.459487627,399.71020765,ADM3,338,338,BOL,BOL-ADM3-33444609B28920794,Padcaya,ADM3
